{"type":"FeatureCollection", "features": [
{"type":"Feature","geometry":{"type":"Polygon","coordinates":[[[139.958528145,35.673111333],[139.958034514,35.669981135],[139.958679079,35.671826721],[139.969021479,35.670941054],[139.971241699,35.670316919],[139.970667523,35.667889279],[139.97626144,35.667048468],[139.970763995,35.667986532],[139.971444163,35.670703198],[139.971993839,35.670896721],[139.963694994,35.672261577],[139.958528145,35.673111333]]]},"properties":{"N03_001":"千葉県","N03_002":null,"N03_003":null,"N03_004":"所属未定地","N03_005":null,"N03_007":"12000"}},
{"type":"Feature","geometry":{"type":"Polygon","coordinates":[[[140.175437562,35.581189667],[140.168265058,35.587319387],[140.16765978,35.589150505],[140.16756786,35.591795775],[140.159798949,35.598141892],[140.155805331,35.600676892],[140.153045616,35.603834946],[140.154275357,35.605191333],[140.150741167,35.605550775],[140.149465616,35.606902171],[140.148142555,35.606657721],[140.147937834,35.607373559],[140.148617834,35.609061793],[140.151320584,35.608791856],[140.151017056,35.612220955],[140.152751777,35.614397171],[140.153811803,35.617406892],[140.152233191,35.617586054],[140.152562633,35.618441333],[140.151112361,35.618888838],[140.150781505,35.618340775],[140.15004511,35.618573838],[140.14775594,35.617695225],[140.14765594,35.617349387],[140.143770363,35.617474946],[140.133835279,35.614558802],[140.13130725,35.621165198],[140.130306978,35.622462135],[140.129908638,35.622198252],[140.127079196,35.625609333],[140.126205863,35.628887667],[140.124627808,35.628433505],[140.125009468,35.627623775],[140.124188366,35.627558505],[140.123664721,35.626490171],[140.123814163,35.624954333],[140.123265006,35.624710721],[140.120681089,35.624767919],[140.119829416,35.623900973],[140.117837471,35.624115135],[140.117304384,35.623398748],[140.116279105,35.62302736],[140.115389948,35.625121252],[140.104639857,35.622506748],[140.10430655,35.623023135],[140.10299153,35.62246036],[140.101813748,35.62376564],[140.096900947,35.621195892],[140.097055084,35.620107838],[140.099402892,35.617844802],[140.099269533,35.617119802],[140.103795642,35.612569],[140.105019248,35.610706225],[140.098312672,35.60619618],[140.099830285,35.60470973],[140.099037951,35.603851468],[140.098324617,35.604283721],[140.099071634,35.60375882],[140.095698742,35.601333117],[140.096650117,35.600401054],[140.096645863,35.59874236],[140.095328197,35.597850441],[140.093935045,35.598292892],[140.093864189,35.597306117],[140.091895746,35.597400766],[140.091672399,35.598402144],[140.088798729,35.59481518],[140.088973398,35.594530423],[140.101650752,35.593929586],[140.105928262,35.599254541],[140.106641582,35.599006667],[140.103931297,35.601212604],[140.106038677,35.602653216],[140.10886821,35.599883964],[140.10551703,35.593447604],[140.107614565,35.59198982],[140.112538638,35.594327243],[140.113755447,35.593662351],[140.114625357,35.594380892],[140.11343035,35.595285144],[140.115287069,35.596898523],[140.117669364,35.596556505],[140.118257665,35.595614775],[140.117362996,35.595145468],[140.116950947,35.59329],[140.117998923,35.59171245],[140.117363761,35.59141073],[140.116488457,35.591603514],[140.11529454,35.593113874],[140.114680467,35.592721225],[140.115238975,35.591745802],[140.110574099,35.589540937],[140.11278013,35.580423577],[140.112197886,35.580716613],[140.112768042,35.578344117],[140.112855564,35.58000336],[140.11341249,35.577732748],[140.113011089,35.577308279],[140.114158353,35.572516414],[140.111711323,35.572242207],[140.112124825,35.570457054],[140.11369904,35.570516856],[140.116061647,35.569197748],[140.126909611,35.569410694],[140.126891232,35.56766773],[140.122626654,35.567421144],[140.122641621,35.567165468],[140.105975512,35.566933541],[140.096823359,35.566395568],[140.091023165,35.564488423],[140.091207393,35.561180577],[140.102987886,35.557081027],[140.103356109,35.557414],[140.109459767,35.555006396],[140.109559818,35.554654532],[140.115069079,35.55284064],[140.115489092,35.55060136],[140.11804345,35.550905198],[140.118982088,35.551530468],[140.120962918,35.551321586],[140.121434578,35.55189964],[140.121691803,35.551441586],[140.12119847,35.550553802],[140.122343476,35.549530225],[140.122717639,35.550671027],[140.123092361,35.55062464],[140.123240415,35.549768279],[140.122627639,35.548905775],[140.123765136,35.547838],[140.126843502,35.548848559],[140.126911556,35.548236333],[140.128377108,35.547631054],[140.127662088,35.546184108],[140.128844034,35.546072721],[140.130410726,35.547130225],[140.130898781,35.546499387],[140.130843502,35.545391613],[140.133897108,35.545345225],[140.133829053,35.544557171],[140.132989339,35.544362171],[140.132818495,35.545076613],[140.132160441,35.544343838],[140.13310406,35.543091054],[140.134114332,35.542581054],[140.135330441,35.542526333],[140.138827445,35.546343559],[140.135387977,35.548864108],[140.136511608,35.549411333],[140.137987173,35.551080775],[140.142364423,35.547973559],[140.143374137,35.549324108],[140.144034695,35.549161054],[140.145930272,35.551221892],[140.147089728,35.550295225],[140.149561699,35.550213838],[140.15222061,35.551489946],[140.156092309,35.552327721],[140.158299533,35.553468865],[140.15741428,35.557296333],[140.156179831,35.558091054],[140.157913476,35.559971054],[140.1569407,35.560531333],[140.157740973,35.560915505],[140.158736835,35.563613279],[140.159872114,35.563852171],[140.160146278,35.564718],[140.169033554,35.564636613],[140.169535253,35.567614108],[140.170557756,35.567166054],[140.170894423,35.567634387],[140.171867198,35.567339387],[140.171767198,35.568031892],[140.173078885,35.568351333],[140.172430272,35.569094946],[140.173853333,35.570075505],[140.170722218,35.573198279],[140.168949442,35.576629387],[140.170096667,35.576639667],[140.171879754,35.578157441],[140.172330584,35.579179946],[140.175437562,35.581189667]]]},"properties":{"N03_001":"千葉県","N03_002":null,"N03_003":null,"N03_004":"千葉市","N03_005":"中央区","N03_007":"12101"}},
{"type":"Feature","geometry":{"type":"Polygon","coordinates":[[[140.083179066,35.588210721],[140.081590817,35.588287829],[140.086101738,35.569445739],[140.111730765,35.570433261],[140.111305486,35.572226378],[140.11049153,35.572430703],[140.109471232,35.576613396],[140.105106213,35.577623586],[140.10296201,35.587379829],[140.096076407,35.587652297],[140.096099326,35.588013423],[140.09328428,35.588136982],[140.092796161,35.588156874],[140.092770739,35.587802144],[140.083179066,35.588210721]]]},"properties":{"N03_001":"千葉県","N03_002":null,"N03_003":null,"N03_004":"千葉市","N03_005":"中央区","N03_007":"12101"}},
{"type":"Feature","geometry":{"type":"Polygon","coordinates":[[[140.136794189,35.697545946],[140.133980337,35.699615108],[140.129250856,35.698951748],[140.123625006,35.699029532],[140.122485279,35.701603946],[140.122581167,35.706898387],[140.120655888,35.708082802],[140.11768061,35.709172252],[140.115203411,35.713095],[140.112926498,35.714138081],[140.112662114,35.714776252],[140.112691479,35.713654306],[140.110333385,35.712052775],[140.108940856,35.709567775],[140.107704747,35.709394441],[140.106677523,35.709819171],[140.105300558,35.709119721],[140.103283022,35.706511387],[140.101889948,35.703626946],[140.099137691,35.701426919],[140.095365383,35.697162198],[140.093393385,35.692412198],[140.090045888,35.69383136],[140.083865162,35.694752171],[140.083588223,35.694456865],[140.081641362,35.694878135],[140.081556978,35.694535505],[140.077005499,35.688007973],[140.070968197,35.682854892],[140.069425668,35.680899054],[140.068303113,35.67777736],[140.067408949,35.677820135],[140.066150311,35.676349865],[140.062914228,35.679440973],[140.062245577,35.678650973],[140.062574189,35.677682081],[140.061474163,35.676436225],[140.059980026,35.677099838],[140.060933645,35.678637919],[140.057582802,35.67973764],[140.057304189,35.678434279],[140.055303606,35.677194559],[140.054476641,35.675444838],[140.053416641,35.675785108],[140.053586939,35.677105946],[140.052431115,35.677834559],[140.051263865,35.677031225],[140.05014083,35.677955667],[140.050094449,35.679203441],[140.049028054,35.678917613],[140.048027198,35.676450946],[140.045646641,35.676850667],[140.045133022,35.677606775],[140.044209416,35.676635946],[140.041759974,35.677848198],[140.034947665,35.669632613],[140.041262892,35.665529252],[140.0429562,35.663468414],[140.046031997,35.661378667],[140.042466161,35.658932],[140.057697808,35.649931775],[140.058331167,35.652089532],[140.061092827,35.649845946],[140.061403671,35.650543721],[140.073802309,35.641352694],[140.077590973,35.645973252],[140.083044332,35.648826054],[140.084136861,35.651219108],[140.084782698,35.651085775],[140.084758807,35.650071333],[140.087375772,35.649614135],[140.09260917,35.653765],[140.096875305,35.656135],[140.098327834,35.657449468],[140.09865061,35.658710865],[140.098173969,35.660681667],[140.093606161,35.661003613],[140.094366719,35.661911108],[140.097942309,35.662016946],[140.099913722,35.663117252],[140.100991777,35.663248919],[140.114995188,35.663247613],[140.116360778,35.664749838],[140.118355551,35.669299559],[140.116685811,35.669830667],[140.116266641,35.669643441],[140.115851089,35.670529252],[140.11869834,35.671429],[140.119796693,35.674518721],[140.12029642,35.674780108],[140.123313113,35.673797081],[140.125946226,35.679212919],[140.136990973,35.675441586],[140.136811505,35.672616586],[140.135718145,35.670822135],[140.136499248,35.670511865],[140.137624838,35.671595225],[140.137927886,35.672625775],[140.1400807,35.672630225],[140.141779585,35.671569108],[140.140060415,35.673009667],[140.13824594,35.673176333],[140.138455136,35.675108532],[140.136624332,35.679882694],[140.137471025,35.680951027],[140.138224669,35.684938225],[140.139471051,35.686459054],[140.139491634,35.688156279],[140.14170917,35.689753505],[140.142976135,35.691381279],[140.145646693,35.691268505],[140.146966693,35.691811559],[140.147961997,35.691256559],[140.147811141,35.68996964],[140.148290311,35.689918802],[140.148630052,35.69108464],[140.149080052,35.690965468],[140.151831971,35.688858532],[140.14917834,35.686351865],[140.148724449,35.684929946],[140.147623307,35.683631333],[140.148963606,35.684496333],[140.14911,35.685555775],[140.149840272,35.686445225],[140.151868638,35.68769964],[140.152901141,35.684998838],[140.15304917,35.682603279],[140.153991946,35.682539414],[140.15441917,35.683291613],[140.152643943,35.689292414],[140.149392283,35.691597694],[140.147478949,35.692089054],[140.143526978,35.691942108],[140.141408366,35.692761802],[140.140252244,35.694663748],[140.136794189,35.697545946]]]},"properties":{"N03_001":"千葉県","N03_002":null,"N03_003":null,"N03_004":"千葉市","N03_005":"花見川区","N03_007":"12102"}},
{"type":"Feature","geometry":{"type":"Polygon","coordinates":[[[140.136499248,35.670511865],[140.135718145,35.670822135],[140.136811505,35.672616586],[140.136990973,35.675441586],[140.125946226,35.679212919],[140.123313113,35.673797081],[140.12029642,35.674780108],[140.119796693,35.674518721],[140.11869834,35.671429],[140.115851089,35.670529252],[140.116266641,35.669643441],[140.116685811,35.669830667],[140.118355551,35.669299559],[140.116360778,35.664749838],[140.114995188,35.663247613],[140.100991777,35.663248919],[140.099913722,35.663117252],[140.097942309,35.662016946],[140.094366719,35.661911108],[140.093606161,35.661003613],[140.098173969,35.660681667],[140.09865061,35.658710865],[140.098327834,35.657449468],[140.096875305,35.656135],[140.09260917,35.653765],[140.087375772,35.649614135],[140.084758807,35.650071333],[140.084782698,35.651085775],[140.084136861,35.651219108],[140.083044332,35.648826054],[140.077590973,35.645973252],[140.073802309,35.641352694],[140.0806162,35.636160532],[140.08765703,35.629827505],[140.097055084,35.620107838],[140.096900947,35.621195892],[140.101813748,35.62376564],[140.10299153,35.62246036],[140.10430655,35.623023135],[140.104639857,35.622506748],[140.115389948,35.625121252],[140.116279105,35.62302736],[140.117304384,35.623398748],[140.117837471,35.624115135],[140.119829416,35.623900973],[140.120681089,35.624767919],[140.123265006,35.624710721],[140.123814163,35.624954333],[140.123664721,35.626490171],[140.124188366,35.627558505],[140.125009468,35.627623775],[140.124627808,35.628433505],[140.123655331,35.635578775],[140.123821193,35.638250171],[140.126378171,35.640181],[140.126919831,35.641777387],[140.125710389,35.642359613],[140.124220389,35.644873775],[140.124799585,35.647305171],[140.128019053,35.647977387],[140.128327108,35.648406306],[140.129402698,35.652597694],[140.128290506,35.655311279],[140.129345499,35.655711586],[140.132170532,35.655294919],[140.132937471,35.65563464],[140.133185253,35.656468532],[140.135533307,35.655956613],[140.135435525,35.655178],[140.137708586,35.654420505],[140.13809192,35.653917721],[140.141226394,35.65323636],[140.141486109,35.653858306],[140.146772244,35.654228892],[140.150330363,35.657253892],[140.150082283,35.656695559],[140.152699248,35.655773919],[140.152511193,35.655265027],[140.153480363,35.654927532],[140.153398418,35.654478081],[140.155958145,35.654086135],[140.156651777,35.65735364],[140.153030636,35.659050865],[140.152877613,35.660119468],[140.15093428,35.661927252],[140.151308171,35.663425865],[140.150344306,35.665399468],[140.150421803,35.667126973],[140.152851582,35.673332505],[140.152384916,35.674774721],[140.153074942,35.675695559],[140.153033839,35.677115838],[140.152532724,35.677796919],[140.152864137,35.679015532],[140.152153865,35.678988027],[140.152234942,35.678214135],[140.151788833,35.677822748],[140.152655227,35.676584441],[140.151930752,35.675037505],[140.152241855,35.674188054],[140.151290441,35.669911108],[140.149916524,35.668126108],[140.141306744,35.667616081],[140.141270389,35.66900164],[140.136499248,35.670511865]]]},"properties":{"N03_001":"千葉県","N03_002":null,"N03_003":null,"N03_004":"千葉市","N03_005":"稲毛区","N03_007":"12103"}},
{"type":"Feature","geometry":{"type":"Polygon","coordinates":[[[140.155958145,35.654086135],[140.153398418,35.654478081],[140.153480363,35.654927532],[140.152511193,35.655265027],[140.152699248,35.655773919],[140.150082283,35.656695559],[140.150330363,35.657253892],[140.146772244,35.654228892],[140.141486109,35.653858306],[140.141226394,35.65323636],[140.13809192,35.653917721],[140.137708586,35.654420505],[140.135435525,35.655178],[140.135533307,35.655956613],[140.133185253,35.656468532],[140.132937471,35.65563464],[140.132170532,35.655294919],[140.129345499,35.655711586],[140.128290506,35.655311279],[140.129402698,35.652597694],[140.128327108,35.648406306],[140.128019053,35.647977387],[140.124799585,35.647305171],[140.124220389,35.644873775],[140.125710389,35.642359613],[140.126919831,35.641777387],[140.126378171,35.640181],[140.123821193,35.638250171],[140.123655331,35.635578775],[140.124627808,35.628433505],[140.126205863,35.628887667],[140.127079196,35.625609333],[140.129908638,35.622198252],[140.130306978,35.622462135],[140.13130725,35.621165198],[140.133835279,35.614558802],[140.143770363,35.617474946],[140.14765594,35.617349387],[140.14775594,35.617695225],[140.15004511,35.618573838],[140.150781505,35.618340775],[140.151112361,35.618888838],[140.152562633,35.618441333],[140.152233191,35.617586054],[140.153811803,35.617406892],[140.152751777,35.614397171],[140.151017056,35.612220955],[140.151320584,35.608791856],[140.148617834,35.609061793],[140.147937834,35.607373559],[140.148142555,35.606657721],[140.149465616,35.606902171],[140.150741167,35.605550775],[140.154275357,35.605191333],[140.153045616,35.603834946],[140.155805331,35.600676892],[140.159798949,35.598141892],[140.16756786,35.591795775],[140.16765978,35.589150505],[140.168265058,35.587319387],[140.175437562,35.581189667],[140.177104254,35.580666892],[140.1777262,35.581896054],[140.179790117,35.583174667],[140.179328444,35.583630775],[140.182948197,35.585543279],[140.186962088,35.584541306],[140.187432672,35.586413532],[140.193605162,35.585090468],[140.193197951,35.583427135],[140.194693502,35.58305464],[140.197048807,35.585089919],[140.202279663,35.585377387],[140.20209022,35.583620721],[140.204398275,35.582490441],[140.204432438,35.581852667],[140.204081855,35.580804333],[140.202158521,35.578610721],[140.20089406,35.575859333],[140.201272944,35.575809054],[140.202563217,35.577758505],[140.205690169,35.575212108],[140.209382114,35.570919892],[140.209924916,35.574554892],[140.214861051,35.577379306],[140.216875772,35.576259865],[140.217756913,35.577849865],[140.219264695,35.577449865],[140.219807756,35.578077613],[140.220831634,35.577516775],[140.223580532,35.577055946],[140.224416913,35.574963721],[140.225887471,35.574190667],[140.226523281,35.572832613],[140.228019948,35.572312054],[140.226504384,35.570593721],[140.226104643,35.569325946],[140.226596304,35.567911505],[140.2277338,35.566687613],[140.231741582,35.564038135],[140.233278807,35.563769802],[140.236797691,35.561696468],[140.238274086,35.561219252],[140.238970467,35.561478694],[140.239585746,35.563012559],[140.239854384,35.566149225],[140.240670506,35.566934505],[140.241278833,35.566558667],[140.244246083,35.568904505],[140.254037173,35.561995027],[140.255819689,35.564039721],[140.257510532,35.562024441],[140.259045525,35.561606387],[140.259574942,35.559197225],[140.261232192,35.559647225],[140.262856887,35.558846387],[140.26570358,35.558952468],[140.266309974,35.558631919],[140.266179948,35.557822748],[140.266665227,35.557666919],[140.268291115,35.561594135],[140.267741673,35.562419135],[140.270974189,35.565584667],[140.269601141,35.565801081],[140.269072529,35.566752198],[140.269293359,35.567618027],[140.270187562,35.568139946],[140.270248392,35.569157171],[140.273049494,35.568711892],[140.274588106,35.569571333],[140.275156472,35.571084667],[140.277420363,35.571707973],[140.279157302,35.571547973],[140.279646744,35.571025468],[140.28147703,35.57127936],[140.282310921,35.57093436],[140.2841962,35.571487973],[140.288728418,35.570034892],[140.287087056,35.572909054],[140.283999559,35.573271279],[140.28318511,35.573777694],[140.281614306,35.578150721],[140.280435966,35.578516306],[140.280309027,35.579342667],[140.281124034,35.579589892],[140.28005406,35.580667387],[140.276797951,35.581246027],[140.274769883,35.582138532],[140.274339339,35.583377973],[140.275262698,35.585631306],[140.275234358,35.587111],[140.277547977,35.586103505],[140.278971025,35.586380721],[140.280639948,35.587527667],[140.278341025,35.586473225],[140.2767138,35.586590721],[140.275525188,35.587553505],[140.276223554,35.588584333],[140.275338807,35.587926],[140.274832724,35.588709054],[140.274107717,35.588742135],[140.273808003,35.589433802],[140.272749948,35.589147973],[140.27066022,35.592336027],[140.264764137,35.595740468],[140.263220246,35.597691865],[140.263845811,35.598586306],[140.262880804,35.598346865],[140.261316913,35.599636613],[140.261669728,35.600710748],[140.260957224,35.602834919],[140.262208366,35.604453802],[140.262500856,35.605936865],[140.266413385,35.607083775],[140.267118949,35.606957387],[140.267670895,35.607449613],[140.268036744,35.610833775],[140.267171219,35.612446279],[140.267643191,35.617263468],[140.264861556,35.620744027],[140.266331855,35.624268198],[140.266291582,35.626552081],[140.265606057,35.627482919],[140.264800752,35.626837919],[140.261540195,35.626658468],[140.257755447,35.625468505],[140.254973969,35.624603505],[140.253706744,35.625749252],[140.25319131,35.625836532],[140.252649948,35.624880252],[140.251330856,35.625375252],[140.249705279,35.627183027],[140.24857834,35.627328919],[140.248881803,35.628574414],[140.245317834,35.630120252],[140.242841336,35.630392081],[140.243013891,35.632195586],[140.242511997,35.632751613],[140.241760999,35.632626973],[140.241089053,35.631145108],[140.23876834,35.630674279],[140.2380738,35.631177441],[140.236478495,35.631250865],[140.234650661,35.632595559],[140.23133345,35.633206973],[140.228736472,35.633139468],[140.227248145,35.634862279],[140.226823995,35.636447838],[140.225907886,35.637075054],[140.2248962,35.637012],[140.224071751,35.636367838],[140.222612866,35.637201721],[140.221858418,35.637178973],[140.223085668,35.639263667],[140.223092049,35.641441171],[140.221723722,35.643748946],[140.221765422,35.645846721],[140.223571284,35.647736441],[140.221412088,35.647961721],[140.219640999,35.651972279],[140.218209339,35.653187586],[140.21564655,35.654623694],[140.213318197,35.654574838],[140.210262918,35.654146775],[140.205106472,35.65176736],[140.205054812,35.651057081],[140.204649805,35.650965694],[140.205055331,35.648729306],[140.206566719,35.647444027],[140.206833943,35.64641736],[140.208298949,35.645960135],[140.206125305,35.643986252],[140.203563891,35.640491279],[140.203788054,35.640238225],[140.198878833,35.634480171],[140.198473554,35.634648802],[140.193402361,35.626777135],[140.189976226,35.62547436],[140.188104553,35.627383],[140.185077613,35.629123279],[140.186777082,35.631640225],[140.185820143,35.633170505],[140.188106524,35.634397171],[140.189289883,35.636440775],[140.191667977,35.637495505],[140.191954358,35.639568559],[140.193272724,35.639076027],[140.193763839,35.639561027],[140.19497022,35.639455468],[140.19646192,35.641152414],[140.196014137,35.641145468],[140.19523856,35.640083532],[140.19408939,35.639766586],[140.192236615,35.640153559],[140.190026887,35.643175505],[140.186137134,35.641965225],[140.185196861,35.644346081],[140.186023839,35.646088586],[140.185136329,35.647157468],[140.182264358,35.645608027],[140.180341829,35.643698027],[140.180307393,35.644994414],[140.18359297,35.647636919],[140.18226297,35.648828027],[140.179589637,35.649040279],[140.179546031,35.650646946],[140.176451855,35.653448613],[140.174827134,35.654025559],[140.173672698,35.654067802],[140.173637951,35.649545],[140.170585383,35.645333613],[140.170059831,35.645671108],[140.173026278,35.650553054],[140.173172944,35.651873333],[140.17252655,35.652379748],[140.169533476,35.650786973],[140.168489027,35.649348919],[140.16712594,35.648648081],[140.163553969,35.645350586],[140.157801167,35.646346667],[140.155315888,35.650807802],[140.155958145,35.654086135]]]},"properties":{"N03_001":"千葉県","N03_002":null,"N03_003":null,"N03_004":"千葉市","N03_005":"若葉区","N03_007":"12104"}},
{"type":"Feature","geometry":{"type":"Polygon","coordinates":[[[140.288728418,35.570034892],[140.2841962,35.571487973],[140.282310921,35.57093436],[140.28147703,35.57127936],[140.279646744,35.571025468],[140.279157302,35.571547973],[140.277420363,35.571707973],[140.275156472,35.571084667],[140.274588106,35.569571333],[140.273049494,35.568711892],[140.270248392,35.569157171],[140.270187562,35.568139946],[140.269293359,35.567618027],[140.269072529,35.566752198],[140.269601141,35.565801081],[140.270974189,35.565584667],[140.267741673,35.562419135],[140.268291115,35.561594135],[140.266665227,35.557666919],[140.266179948,35.557822748],[140.266309974,35.558631919],[140.26570358,35.558952468],[140.262856887,35.558846387],[140.261232192,35.559647225],[140.259574942,35.559197225],[140.259045525,35.561606387],[140.257510532,35.562024441],[140.255819689,35.564039721],[140.254037173,35.561995027],[140.244246083,35.568904505],[140.241278833,35.566558667],[140.240670506,35.566934505],[140.239854384,35.566149225],[140.239585746,35.563012559],[140.238970467,35.561478694],[140.238274086,35.561219252],[140.236797691,35.561696468],[140.233278807,35.563769802],[140.231741582,35.564038135],[140.2277338,35.566687613],[140.226596304,35.567911505],[140.226104643,35.569325946],[140.226504384,35.570593721],[140.228019948,35.572312054],[140.226523281,35.572832613],[140.225887471,35.574190667],[140.224416913,35.574963721],[140.223580532,35.577055946],[140.220831634,35.577516775],[140.219807756,35.578077613],[140.219264695,35.577449865],[140.217756913,35.577849865],[140.216875772,35.576259865],[140.214861051,35.577379306],[140.209924916,35.574554892],[140.209382114,35.570919892],[140.205690169,35.575212108],[140.202563217,35.577758505],[140.201272944,35.575809054],[140.20089406,35.575859333],[140.202158521,35.578610721],[140.204081855,35.580804333],[140.204432438,35.581852667],[140.204398275,35.582490441],[140.20209022,35.583620721],[140.202279663,35.585377387],[140.197048807,35.585089919],[140.194693502,35.58305464],[140.193197951,35.583427135],[140.193605162,35.585090468],[140.187432672,35.586413532],[140.186962088,35.584541306],[140.182948197,35.585543279],[140.179328444,35.583630775],[140.179790117,35.583174667],[140.1777262,35.581896054],[140.177104254,35.580666892],[140.175437562,35.581189667],[140.172330584,35.579179946],[140.171879754,35.578157441],[140.170096667,35.576639667],[140.168949442,35.576629387],[140.170722218,35.573198279],[140.173853333,35.570075505],[140.172430272,35.569094946],[140.173078885,35.568351333],[140.171767198,35.568031892],[140.171867198,35.567339387],[140.170894423,35.567634387],[140.170557756,35.567166054],[140.169535253,35.567614108],[140.169033554,35.564636613],[140.160146278,35.564718],[140.159872114,35.563852171],[140.158736835,35.563613279],[140.157740973,35.560915505],[140.1569407,35.560531333],[140.157913476,35.559971054],[140.156179831,35.558091054],[140.15741428,35.557296333],[140.158299533,35.553468865],[140.156092309,35.552327721],[140.15222061,35.551489946],[140.149561699,35.550213838],[140.147089728,35.550295225],[140.145930272,35.551221892],[140.144034695,35.549161054],[140.143374137,35.549324108],[140.142364423,35.547973559],[140.147582477,35.543889108],[140.152850532,35.540681081],[140.158161089,35.535752748],[140.158969416,35.535506081],[140.160380246,35.536112198],[140.162123333,35.538022748],[140.165270272,35.536021919],[140.166305577,35.536994694],[140.167571971,35.536178865],[140.171577276,35.53615636],[140.173906719,35.535084414],[140.174925058,35.533293306],[140.175960337,35.533443027],[140.178363385,35.532739973],[140.180528145,35.533099973],[140.182334812,35.53438164],[140.185058716,35.534778865],[140.188481245,35.536414135],[140.192062944,35.536855802],[140.192870195,35.539345505],[140.1921738,35.539969973],[140.192064086,35.541099973],[140.194404384,35.543257721],[140.201308521,35.539571892],[140.202050467,35.540103],[140.201885772,35.541033559],[140.202976057,35.542335748],[140.206176641,35.544191306],[140.206783865,35.543581865],[140.209337782,35.545452135],[140.21076917,35.545064919],[140.210739144,35.543398252],[140.211316355,35.542622414],[140.212768029,35.542317946],[140.213514942,35.539960171],[140.214261051,35.539523505],[140.215190246,35.541297667],[140.214786083,35.542528054],[140.216302477,35.545737667],[140.217907198,35.545152027],[140.217921219,35.544022667],[140.224626109,35.542554586],[140.227379728,35.540979306],[140.229255811,35.539238198],[140.23120275,35.536490108],[140.232130506,35.533404],[140.230908807,35.53266764],[140.229556589,35.531049306],[140.229657393,35.530168198],[140.228718495,35.529168468],[140.229111829,35.528286802],[140.228194332,35.528550414],[140.227587393,35.528277081],[140.227627912,35.527848468],[140.225954306,35.527865135],[140.226387639,35.527173198],[140.225266783,35.524827919],[140.224248444,35.524836279],[140.222332049,35.523729333],[140.220638418,35.523680171],[140.220983411,35.521988505],[140.222142581,35.522540441],[140.221588418,35.521667387],[140.224844527,35.521757946],[140.221144501,35.521146],[140.221225058,35.520866],[140.223130337,35.520717667],[140.224262555,35.519509333],[140.221679196,35.518003505],[140.226482503,35.514026838],[140.22730083,35.513547667],[140.228601115,35.513737108],[140.227845279,35.512490171],[140.227956355,35.511622946],[140.230366355,35.509923748],[140.228642166,35.507928775],[140.231218521,35.505890171],[140.232376031,35.503788198],[140.237117134,35.505139306],[140.242869663,35.505467892],[140.24241297,35.503773441],[140.243695746,35.503342892],[140.247087173,35.504050108],[140.248176861,35.503429559],[140.248748249,35.501895946],[140.250526304,35.501852054],[140.251808521,35.502328135],[140.254265473,35.501743414],[140.255382166,35.502781198],[140.253935162,35.498964532],[140.25484655,35.498343414],[140.2536493,35.497444802],[140.254435694,35.496874802],[140.256133191,35.497093973],[140.255570143,35.496494802],[140.254283748,35.496333973],[140.255070661,35.495268973],[140.255043995,35.494508973],[140.256339559,35.494312027],[140.258092892,35.493588135],[140.261327056,35.49445064],[140.262817613,35.494305613],[140.262370415,35.495767],[140.262664332,35.497182],[140.262226278,35.497921171],[140.263376835,35.497860892],[140.263705447,35.498236721],[140.262975188,35.499055613],[140.261570999,35.498555892],[140.260284643,35.499532559],[140.259489364,35.500913667],[140.259703839,35.501702838],[140.261054942,35.502284225],[140.261117445,35.501677838],[140.262850506,35.502108946],[140.265143528,35.500423667],[140.266966329,35.501800027],[140.270853256,35.499754468],[140.271258521,35.498777252],[140.269864617,35.49630364],[140.269766252,35.494019505],[140.272114838,35.493602802],[140.272344864,35.494250306],[140.2706907,35.495814198],[140.270630999,35.496374198],[140.272455162,35.497515865],[140.274148807,35.499387532],[140.273950804,35.502499441],[140.275060272,35.504938892],[140.274368664,35.507906108],[140.277034553,35.511779973],[140.280615383,35.512034135],[140.2822707,35.512783],[140.283857977,35.517124946],[140.286189105,35.518888559],[140.288664137,35.519323252],[140.289556887,35.517752694],[140.289292412,35.516194919],[140.29093131,35.515382973],[140.292587977,35.515316586],[140.294801051,35.516419333],[140.295001051,35.517157667],[140.296614423,35.517291559],[140.299741673,35.518985973],[140.300873917,35.520336802],[140.299053645,35.520559586],[140.297874475,35.52171736],[140.296055863,35.521817387],[140.294420272,35.521111279],[140.292455279,35.521962946],[140.29041917,35.522178252],[140.287778885,35.523390748],[140.289839222,35.527900198],[140.291231479,35.529024892],[140.291236744,35.530053775],[140.292038171,35.531238505],[140.28980428,35.53227464],[140.289231505,35.533951586],[140.287419027,35.53583936],[140.285850973,35.539098252],[140.281177082,35.541521054],[140.280582944,35.543528],[140.280882672,35.545262721],[140.280389637,35.546959667],[140.281362412,35.547789946],[140.281762996,35.550076613],[140.282236057,35.549956892],[140.283157977,35.548416333],[140.285749105,35.549367973],[140.291981051,35.54828464],[140.292018275,35.549436306],[140.291031089,35.551869919],[140.290984163,35.555772135],[140.294211971,35.560625441],[140.293205032,35.561620441],[140.293338366,35.562758225],[140.292284501,35.564267387],[140.288558392,35.566466],[140.288151751,35.568027667],[140.288544812,35.569758225],[140.28988786,35.569493505],[140.288728418,35.570034892]],[[140.260437665,35.497204252],[140.261642672,35.498225613],[140.262126278,35.498097838],[140.261387108,35.497031171],[140.2605293,35.496930919],[140.260437665,35.497204252]],[[140.259572088,35.496532306],[140.259909585,35.496734802],[140.260247367,35.496356748],[140.259274864,35.495688414],[140.259572088,35.496532306]]]},"properties":{"N03_001":"千葉県","N03_002":null,"N03_003":null,"N03_004":"千葉市","N03_005":"緑区","N03_007":"12105"}},
{"type":"Feature","geometry":{"type":"Polygon","coordinates":[[[140.30299642,35.52083236],[140.30294642,35.521210694],[140.302043645,35.520894586],[140.30299642,35.52083236]]]},"properties":{"N03_001":"千葉県","N03_002":null,"N03_003":null,"N03_004":"千葉市","N03_005":"緑区","N03_007":"12105"}},
{"type":"Feature","geometry":{"type":"Polygon","coordinates":[[[140.073802309,35.641352694],[140.061403671,35.650543721],[140.061092827,35.649845946],[140.058331167,35.652089532],[140.057697808,35.649931775],[140.042466161,35.658932],[140.046031997,35.661378667],[140.0429562,35.663468414],[140.041262892,35.665529252],[140.034947665,35.669632613],[140.019651907,35.652477829],[140.020095681,35.652085532],[140.018287237,35.650648432],[140.019487575,35.651581613],[140.024311115,35.648603946],[140.026800169,35.646448396],[140.024892296,35.64496927],[140.026918029,35.646495802],[140.029183671,35.644567802],[140.027224423,35.642988333],[140.028725383,35.644156414],[140.037071167,35.637378306],[140.037568612,35.636562757],[140.036276459,35.635483919],[140.037648431,35.636522667],[140.038433502,35.636138586],[140.042961505,35.632625541],[140.04161249,35.631542739],[140.043053489,35.632659568],[140.045282659,35.630772261],[140.043557601,35.629361901],[140.043009001,35.628516919],[140.042907497,35.62799664],[140.042970674,35.627412432],[140.043596576,35.62641036],[140.042997497,35.628255892],[140.043381206,35.62907773],[140.044399533,35.630024027],[140.047432944,35.62874536],[140.048757626,35.627264829],[140.047600597,35.626317495],[140.04652249,35.626260459],[140.047542957,35.626187261],[140.047926667,35.625426441],[140.047649948,35.626276306],[140.048505019,35.626980072],[140.050293554,35.626413081],[140.052411193,35.62472836],[140.053796278,35.622479441],[140.054682789,35.621872135],[140.052390493,35.620608117],[140.049958521,35.621187865],[140.051178249,35.620608333],[140.052558119,35.62058645],[140.055576031,35.622331505],[140.058432361,35.619985946],[140.056813528,35.618680694],[140.058180195,35.619466333],[140.059641997,35.618520027],[140.0666407,35.612221586],[140.067040506,35.611726946],[140.06628153,35.610935198],[140.067712698,35.612090613],[140.068537302,35.611692865],[140.083907082,35.596796865],[140.08662821,35.601894252],[140.080278418,35.608114432],[140.080660973,35.608218297],[140.077922477,35.610415315],[140.083001881,35.613879541],[140.083426355,35.61346709],[140.083143696,35.613268468],[140.086518054,35.61043964],[140.085824708,35.610672856],[140.08778834,35.609188171],[140.087223878,35.609272514],[140.088278223,35.608232162],[140.087857095,35.609123712],[140.089040246,35.607964054],[140.09127345,35.605287198],[140.091045577,35.605988784],[140.093350519,35.603742009],[140.09412537,35.603685982],[140.095384981,35.604551099],[140.095126472,35.603972973],[140.096471505,35.604896117],[140.095525577,35.604647694],[140.098100674,35.606403721],[140.098312672,35.60619618],[140.105019248,35.610706225],[140.103795642,35.612569],[140.099269533,35.617119802],[140.099402892,35.617844802],[140.097055084,35.620107838],[140.08765703,35.629827505],[140.0806162,35.636160532],[140.073802309,35.641352694]]]},"properties":{"N03_001":"千葉県","N03_002":null,"N03_003":null,"N03_004":"千葉市","N03_005":"美浜区","N03_007":"12106"}},
{"type":"Feature","geometry":null,"properties":{"N03_001":"千葉県","N03_002":null,"N03_003":null,"N03_004":"千葉市","N03_005":"美浜区","N03_007":"12106"}},
{"type":"Feature","geometry":{"type":"Polygon","coordinates":[[[140.76097013,35.698002766],[140.762550532,35.698060685],[140.76382773,35.698466423],[140.76397799,35.698827054],[140.763974306,35.698500441],[140.765774332,35.699110414],[140.766259377,35.69889818],[140.767326822,35.700076595],[140.768100921,35.699967649],[140.773132075,35.701930234],[140.768469235,35.699714757],[140.773085422,35.701711577],[140.775551621,35.701939982],[140.778899754,35.702927],[140.781366952,35.704392523],[140.799675383,35.709266135],[140.807797886,35.711920568],[140.819742516,35.713631946],[140.820978495,35.713636865],[140.818442036,35.713333622],[140.830994423,35.713601018],[140.830240817,35.712067351],[140.831410856,35.711660622],[140.830713632,35.712131757],[140.832034189,35.712770207],[140.833200493,35.71246327],[140.833665305,35.711896351],[140.835156524,35.711785252],[140.835920999,35.710606622],[140.835742789,35.710151045],[140.835002114,35.710264108],[140.836034099,35.709489838],[140.836770584,35.711467874],[140.838039792,35.710856829],[140.83872144,35.708586919],[140.837385473,35.70832191],[140.838819222,35.708488216],[140.839273022,35.707171946],[140.837676589,35.706209658],[140.837155292,35.706550658],[140.837723852,35.706110748],[140.836516978,35.705023459],[140.837407095,35.705604505],[140.838442036,35.704966297],[140.839490713,35.705194306],[140.841044241,35.702607766],[140.83959751,35.701864739],[140.839905175,35.701067739],[140.838197886,35.701043874],[140.83592882,35.704798703],[140.835265032,35.705108243],[140.838207419,35.700923378],[140.840293385,35.701043396],[140.84382917,35.703330441],[140.845210778,35.700321748],[140.846778301,35.700208423],[140.846698677,35.698831604],[140.846032957,35.698710928],[140.845841958,35.69950173],[140.845194734,35.699927378],[140.845549105,35.699288784],[140.845089611,35.698288658],[140.844185435,35.697999721],[140.843979442,35.698286811],[140.839752192,35.697238568],[140.840024332,35.696631955],[140.839947276,35.697182225],[140.843937185,35.698212441],[140.844052555,35.69785455],[140.845725331,35.698282414],[140.845615473,35.697703423],[140.84584083,35.69790045],[140.846416278,35.697200685],[140.847640169,35.697694405],[140.848234682,35.697493144],[140.848073735,35.696140468],[140.84892939,35.696306667],[140.850523541,35.695598559],[140.85050323,35.695947721],[140.848486096,35.696829297],[140.848730882,35.697957045],[140.850540324,35.697929234],[140.850517795,35.696894441],[140.851285953,35.696704162],[140.851491492,35.697731018],[140.852910947,35.697318],[140.852909364,35.69665536],[140.853138054,35.697173667],[140.85622904,35.695783018],[140.85605869,35.695517225],[140.853109105,35.696461505],[140.852752996,35.69612382],[140.852607289,35.696517045],[140.852717276,35.696113577],[140.85096751,35.694903577],[140.853194812,35.69618173],[140.857843865,35.694710135],[140.859616485,35.695169495],[140.86043463,35.694855613],[140.861594955,35.695015874],[140.861977367,35.694784036],[140.861755201,35.694226928],[140.862694086,35.694479928],[140.864106044,35.694042604],[140.863800752,35.693354712],[140.864080947,35.693955117],[140.86463166,35.693340027],[140.863921881,35.69303091],[140.864385953,35.693212793],[140.865509274,35.692285613],[140.866397471,35.693338766],[140.86525524,35.693372802],[140.865339209,35.694951387],[140.864009728,35.696019847],[140.863271816,35.697391126],[140.862789624,35.702600117],[140.863618223,35.703248829],[140.863521543,35.703636685],[140.86408096,35.703614766],[140.863803528,35.705026],[140.865099494,35.706283775],[140.86553131,35.706118108],[140.866264514,35.706699387],[140.867714163,35.706094315],[140.869230908,35.70625973],[140.868804501,35.706408604],[140.869255253,35.706510541],[140.868800623,35.707056505],[140.869822296,35.708202577],[140.867425447,35.70896318],[140.86636834,35.709813279],[140.866039702,35.71318145],[140.86681537,35.715001586],[140.868521569,35.717215432],[140.8712362,35.718570793],[140.870611868,35.718964559],[140.870958249,35.719382126],[140.870269066,35.720025117],[140.870564838,35.720281252],[140.869902218,35.720459559],[140.87002406,35.721597144],[140.868701673,35.722961054],[140.867427056,35.727554315],[140.868143502,35.72910518],[140.867738872,35.729835748],[140.868719027,35.730163441],[140.872016563,35.729644955],[140.875343139,35.731700577],[140.871937354,35.729733604],[140.871334241,35.729800279],[140.871403152,35.730272333],[140.871206744,35.730018955],[140.86799655,35.730297982],[140.867935253,35.731063279],[140.869808625,35.73133891],[140.870579105,35.730632667],[140.869727237,35.731464901],[140.870726848,35.730807784],[140.869967237,35.73165409],[140.871923061,35.732395315],[140.869551479,35.731806658],[140.873626005,35.733587919],[140.869862892,35.732046342],[140.869485318,35.732749108],[140.870777899,35.733320757],[140.867624371,35.737974811],[140.872383385,35.739868568],[140.871245214,35.739286775],[140.872502568,35.737401991],[140.871557834,35.736934432],[140.87252751,35.73736455],[140.873214994,35.73633364],[140.874406511,35.736862586],[140.878129624,35.733567189],[140.877215331,35.732865162],[140.87819607,35.733483874],[140.880576952,35.731523721],[140.879735681,35.730666045],[140.880702555,35.731416],[140.881620091,35.730879658],[140.874483307,35.736970622],[140.871850454,35.740918072],[140.864748742,35.744445991],[140.860819079,35.749775027],[140.860170584,35.749704667],[140.860818482,35.749522568],[140.864542205,35.744230541],[140.871659702,35.740898351],[140.872072827,35.739952099],[140.867542555,35.738094676],[140.867148781,35.738770261],[140.868589702,35.739487667],[140.867117185,35.738840297],[140.865506822,35.741266766],[140.864030558,35.742260234],[140.862095668,35.742668865],[140.862669053,35.744457847],[140.860417769,35.745157315],[140.861362451,35.744689216],[140.860820804,35.742984315],[140.859213567,35.743324216],[140.859479663,35.744158459],[140.858309896,35.744403946],[140.858658664,35.743952477],[140.858105097,35.743977387],[140.857871751,35.743239216],[140.856498599,35.743444775],[140.855574669,35.742965937],[140.854632387,35.743424126],[140.856054838,35.744621162],[140.856196537,35.745430604],[140.858416952,35.745329315],[140.856207834,35.745484315],[140.856547017,35.747063144],[140.857156161,35.746973153],[140.859598314,35.747992369],[140.857146329,35.747034162],[140.856559909,35.747120721],[140.856524228,35.747830901],[140.856119974,35.745469739],[140.854579144,35.743448252],[140.851974384,35.744667072],[140.85081808,35.742161586],[140.848009974,35.740483802],[140.846003281,35.739894667],[140.837659274,35.739135532],[140.821959079,35.739445306],[140.820006835,35.739677532],[140.81535153,35.741514505],[140.800977056,35.749660108],[140.788201219,35.75842264],[140.749268197,35.780310865],[140.741668781,35.785147],[140.731763022,35.793794252],[140.726781414,35.799459559],[140.724540921,35.803590387],[140.720702166,35.813472613],[140.713370973,35.810206532],[140.709423411,35.809030171],[140.706948975,35.808812667],[140.706201167,35.808305171],[140.706108949,35.807481838],[140.704871699,35.807387387],[140.702735837,35.806126306],[140.699970272,35.806007973],[140.692775227,35.804358838],[140.692179079,35.802836613],[140.692222387,35.801186333],[140.692640726,35.800881892],[140.69038786,35.797339135],[140.689984812,35.79615136],[140.690269494,35.794448306],[140.692510052,35.794316054],[140.699948392,35.792732973],[140.700811725,35.791421027],[140.699619105,35.785465775],[140.700313281,35.785009108],[140.701203281,35.785422135],[140.702605227,35.784991306],[140.705016887,35.783643532],[140.704990467,35.781376306],[140.704266252,35.779377694],[140.703732361,35.77867464],[140.702842361,35.77839936],[140.702379831,35.777270775],[140.699587276,35.774244946],[140.700166161,35.774090775],[140.701932776,35.771552171],[140.704465577,35.771728532],[140.705195577,35.772401865],[140.707139754,35.771391027],[140.706963061,35.769125468],[140.707372477,35.767707694],[140.70713022,35.766566306],[140.706368003,35.765906306],[140.707421025,35.764791027],[140.707792633,35.761603802],[140.713213774,35.761295441],[140.716242088,35.758985721],[140.717622387,35.760174892],[140.717582361,35.759025171],[140.718304578,35.758267108],[140.719447912,35.758306532],[140.720041556,35.75884236],[140.721180973,35.758045414],[140.722296278,35.758764027],[140.722304332,35.75941764],[140.723074617,35.759613748],[140.72565489,35.757419306],[140.726079857,35.755961775],[140.727652918,35.755962054],[140.72802153,35.755641225],[140.727802607,35.753707892],[140.727432023,35.753399279],[140.726370636,35.753584306],[140.726620636,35.753093171],[140.725728145,35.752501252],[140.726725642,35.752718441],[140.727232023,35.752374279],[140.725950026,35.750191532],[140.725990558,35.748410414],[140.724864423,35.747951532],[140.723986083,35.747009306],[140.724542477,35.747004027],[140.724153839,35.746461532],[140.724545772,35.745864027],[140.725921608,35.745636532],[140.726754112,35.745059306],[140.725063256,35.743720414],[140.72480847,35.741535135],[140.723990661,35.740075694],[140.724003969,35.738502081],[140.725895058,35.736517919],[140.724474189,35.73539264],[140.724837224,35.733583468],[140.725509728,35.73301764],[140.728233891,35.731769306],[140.729577224,35.731697054],[140.730505279,35.732056225],[140.731837834,35.733596775],[140.73220144,35.733359838],[140.731723087,35.732810946],[140.732400311,35.732354559],[140.732115863,35.732109279],[140.731505863,35.732518171],[140.730541673,35.731542613],[140.729305837,35.731285946],[140.729499689,35.730811775],[140.730614449,35.731197054],[140.731135551,35.730535387],[140.732116667,35.731582333],[140.735817834,35.733257865],[140.735454228,35.733603441],[140.736799248,35.734482306],[140.738095357,35.733277586],[140.738519248,35.733405919],[140.739088716,35.734857865],[140.739973476,35.735154252],[140.7419838,35.738213667],[140.740915188,35.738846198],[140.744735032,35.743676721],[140.744056161,35.744959225],[140.745861725,35.744423387],[140.744960311,35.742650613],[140.746401673,35.741877838],[140.745364695,35.740793108],[140.745825551,35.740723108],[140.745785811,35.740387559],[140.745359416,35.740440054],[140.745409144,35.739611441],[140.744885525,35.739720613],[140.744466887,35.738212279],[140.743397977,35.738129225],[140.743074916,35.737104225],[140.742337951,35.736992],[140.742307108,35.736300613],[140.740707367,35.735768414],[140.740348444,35.734713414],[140.742313191,35.735714775],[140.743974358,35.737591441],[140.744856861,35.737738387],[140.74481489,35.734770613],[140.744325422,35.734456171],[140.743961505,35.733064505],[140.745323191,35.733859225],[140.745846226,35.732440613],[140.745218716,35.731848108],[140.746019831,35.731614775],[140.746248145,35.730733108],[140.747548418,35.730055892],[140.748317834,35.728379505],[140.748288638,35.726255054],[140.747794449,35.725198108],[140.748852218,35.724546171],[140.748956887,35.723801171],[140.746278275,35.722978108],[140.743227691,35.72285536],[140.742368521,35.723237027],[140.742710752,35.722657865],[140.743502698,35.722529802],[140.743019637,35.722133694],[140.74317489,35.721074252],[140.743981556,35.720988135],[140.744109053,35.720389802],[140.743279883,35.720353694],[140.742719611,35.721162865],[140.74164655,35.721056802],[140.741475966,35.721463586],[140.740017912,35.720272694],[140.740580921,35.717787027],[140.739935357,35.717476748],[140.738297224,35.71429036],[140.738214721,35.71303564],[140.736866083,35.713155108],[140.736720246,35.712224],[140.735960804,35.712634279],[140.736062438,35.711551225],[140.735185772,35.711509],[140.7347638,35.710438441],[140.735559922,35.709711775],[140.735360752,35.709357892],[140.734195863,35.709329468],[140.734132944,35.708930279],[140.734750026,35.708805387],[140.733883022,35.705344081],[140.735393865,35.705038721],[140.735141479,35.704605946],[140.735494254,35.704369559],[140.737541219,35.704849838],[140.737132023,35.703780667],[140.737888145,35.703966505],[140.738447056,35.704800387],[140.739668171,35.704550919],[140.73988594,35.703639252],[140.741401751,35.701892586],[140.743816498,35.702229532],[140.744461219,35.701998414],[140.745054578,35.702502865],[140.745249585,35.702153135],[140.746130143,35.702364532],[140.746550143,35.701441468],[140.747376252,35.701671171],[140.747108781,35.702304505],[140.746538197,35.702099802],[140.745550726,35.703602865],[140.746279922,35.704242027],[140.746536278,35.703625054],[140.74721297,35.703849505],[140.74754406,35.702906441],[140.747677665,35.703404225],[140.746939922,35.704323387],[140.747254643,35.704657838],[140.7483238,35.704406721],[140.749079637,35.703185892],[140.750073528,35.702712279],[140.748998495,35.702100892],[140.749107393,35.701771171],[140.750220169,35.701684505],[140.750527951,35.701314775],[140.751574086,35.701878667],[140.75132131,35.702465054],[140.751948833,35.703185613],[140.752692438,35.703213946],[140.75307022,35.702697279],[140.753999974,35.703294468],[140.755631946,35.702970586],[140.756131634,35.701345306],[140.756701089,35.701046694],[140.757775837,35.701553919],[140.758211673,35.701331135],[140.76097013,35.698002766]]]},"properties":{"N03_001":"千葉県","N03_002":null,"N03_003":null,"N03_004":"銚子市","N03_005":null,"N03_007":"12202"}},
{"type":"Feature","geometry":{"type":"Polygon","coordinates":[[[140.861448495,35.752611198],[140.861035694,35.752872306],[140.861498223,35.749890505],[140.861850532,35.750019414],[140.861448495,35.752611198]]]},"properties":{"N03_001":"千葉県","N03_002":null,"N03_003":null,"N03_004":"銚子市","N03_005":null,"N03_007":"12202"}},
{"type":"Feature","geometry":null,"properties":{"N03_001":"千葉県","N03_002":null,"N03_003":null,"N03_004":"銚子市","N03_005":null,"N03_007":"12202"}},
{"type":"Feature","geometry":{"type":"Polygon","coordinates":[[[140.868507121,35.695124631],[140.867890817,35.695031414],[140.86804917,35.694604901],[140.868507121,35.695124631]]]},"properties":{"N03_001":"千葉県","N03_002":null,"N03_003":null,"N03_004":"銚子市","N03_005":null,"N03_007":"12202"}},
{"type":"Feature","geometry":null,"properties":{"N03_001":"千葉県","N03_002":null,"N03_003":null,"N03_004":"銚子市","N03_005":null,"N03_007":"12202"}},
{"type":"Feature","geometry":{"type":"Polygon","coordinates":[[[140.763879209,35.698180577],[140.766385344,35.69879373],[140.762651699,35.697951838],[140.761114371,35.697894838],[140.76261022,35.697909432],[140.763879209,35.698180577]]]},"properties":{"N03_001":"千葉県","N03_002":null,"N03_003":null,"N03_004":"銚子市","N03_005":null,"N03_007":"12202"}},
{"type":"Feature","geometry":null,"properties":{"N03_001":"千葉県","N03_002":null,"N03_003":null,"N03_004":"銚子市","N03_005":null,"N03_007":"12202"}},
{"type":"Feature","geometry":{"type":"Polygon","coordinates":[[[140.874618612,35.718476252],[140.874305837,35.718939027],[140.874100272,35.718652081],[140.874618612,35.718476252]]]},"properties":{"N03_001":"千葉県","N03_002":null,"N03_003":null,"N03_004":"銚子市","N03_005":null,"N03_007":"12202"}},
{"type":"Feature","geometry":null,"properties":{"N03_001":"千葉県","N03_002":null,"N03_003":null,"N03_004":"銚子市","N03_005":null,"N03_007":"12202"}},
{"type":"Feature","geometry":{"type":"Polygon","coordinates":[[[140.863920804,35.702027414],[140.863568586,35.702111865],[140.863983022,35.701694919],[140.863920804,35.702027414]]]},"properties":{"N03_001":"千葉県","N03_002":null,"N03_003":null,"N03_004":"銚子市","N03_005":null,"N03_007":"12202"}},
{"type":"Feature","geometry":{"type":"Polygon","coordinates":[[[140.858333333,35.746993721],[140.859547237,35.747536288],[140.857918301,35.746915018],[140.858333333,35.746993721]]]},"properties":{"N03_001":"千葉県","N03_002":null,"N03_003":null,"N03_004":"銚子市","N03_005":null,"N03_007":"12202"}},
{"type":"Feature","geometry":null,"properties":{"N03_001":"千葉県","N03_002":null,"N03_003":null,"N03_004":"銚子市","N03_005":null,"N03_007":"12202"}},
{"type":"Feature","geometry":null,"properties":{"N03_001":"千葉県","N03_002":null,"N03_003":null,"N03_004":"銚子市","N03_005":null,"N03_007":"12202"}},
{"type":"Feature","geometry":null,"properties":{"N03_001":"千葉県","N03_002":null,"N03_003":null,"N03_004":"銚子市","N03_005":null,"N03_007":"12202"}},
{"type":"Feature","geometry":null,"properties":{"N03_001":"千葉県","N03_002":null,"N03_003":null,"N03_004":"銚子市","N03_005":null,"N03_007":"12202"}},
{"type":"Feature","geometry":null,"properties":{"N03_001":"千葉県","N03_002":null,"N03_003":null,"N03_004":"銚子市","N03_005":null,"N03_007":"12202"}},
{"type":"Feature","geometry":null,"properties":{"N03_001":"千葉県","N03_002":null,"N03_003":null,"N03_004":"銚子市","N03_005":null,"N03_007":"12202"}},
{"type":"Feature","geometry":null,"properties":{"N03_001":"千葉県","N03_002":null,"N03_003":null,"N03_004":"銚子市","N03_005":null,"N03_007":"12202"}},
{"type":"Feature","geometry":null,"properties":{"N03_001":"千葉県","N03_002":null,"N03_003":null,"N03_004":"銚子市","N03_005":null,"N03_007":"12202"}},
{"type":"Feature","geometry":null,"properties":{"N03_001":"千葉県","N03_002":null,"N03_003":null,"N03_004":"銚子市","N03_005":null,"N03_007":"12202"}},
{"type":"Feature","geometry":null,"properties":{"N03_001":"千葉県","N03_002":null,"N03_003":null,"N03_004":"銚子市","N03_005":null,"N03_007":"12202"}},
{"type":"Feature","geometry":null,"properties":{"N03_001":"千葉県","N03_002":null,"N03_003":null,"N03_004":"銚子市","N03_005":null,"N03_007":"12202"}},
{"type":"Feature","geometry":null,"properties":{"N03_001":"千葉県","N03_002":null,"N03_003":null,"N03_004":"銚子市","N03_005":null,"N03_007":"12202"}},
{"type":"Feature","geometry":null,"properties":{"N03_001":"千葉県","N03_002":null,"N03_003":null,"N03_004":"銚子市","N03_005":null,"N03_007":"12202"}},
{"type":"Feature","geometry":null,"properties":{"N03_001":"千葉県","N03_002":null,"N03_003":null,"N03_004":"銚子市","N03_005":null,"N03_007":"12202"}},
{"type":"Feature","geometry":null,"properties":{"N03_001":"千葉県","N03_002":null,"N03_003":null,"N03_004":"銚子市","N03_005":null,"N03_007":"12202"}},
{"type":"Feature","geometry":null,"properties":{"N03_001":"千葉県","N03_002":null,"N03_003":null,"N03_004":"銚子市","N03_005":null,"N03_007":"12202"}},
{"type":"Feature","geometry":null,"properties":{"N03_001":"千葉県","N03_002":null,"N03_003":null,"N03_004":"銚子市","N03_005":null,"N03_007":"12202"}},
{"type":"Feature","geometry":null,"properties":{"N03_001":"千葉県","N03_002":null,"N03_003":null,"N03_004":"銚子市","N03_005":null,"N03_007":"12202"}},
{"type":"Feature","geometry":null,"properties":{"N03_001":"千葉県","N03_002":null,"N03_003":null,"N03_004":"銚子市","N03_005":null,"N03_007":"12202"}},
{"type":"Feature","geometry":null,"properties":{"N03_001":"千葉県","N03_002":null,"N03_003":null,"N03_004":"銚子市","N03_005":null,"N03_007":"12202"}},
{"type":"Feature","geometry":null,"properties":{"N03_001":"千葉県","N03_002":null,"N03_003":null,"N03_004":"銚子市","N03_005":null,"N03_007":"12202"}},
{"type":"Feature","geometry":null,"properties":{"N03_001":"千葉県","N03_002":null,"N03_003":null,"N03_004":"銚子市","N03_005":null,"N03_007":"12202"}},
{"type":"Feature","geometry":null,"properties":{"N03_001":"千葉県","N03_002":null,"N03_003":null,"N03_004":"銚子市","N03_005":null,"N03_007":"12202"}},
{"type":"Feature","geometry":null,"properties":{"N03_001":"千葉県","N03_002":null,"N03_003":null,"N03_004":"銚子市","N03_005":null,"N03_007":"12202"}},
{"type":"Feature","geometry":null,"properties":{"N03_001":"千葉県","N03_002":null,"N03_003":null,"N03_004":"銚子市","N03_005":null,"N03_007":"12202"}},
{"type":"Feature","geometry":null,"properties":{"N03_001":"千葉県","N03_002":null,"N03_003":null,"N03_004":"銚子市","N03_005":null,"N03_007":"12202"}},
{"type":"Feature","geometry":null,"properties":{"N03_001":"千葉県","N03_002":null,"N03_003":null,"N03_004":"銚子市","N03_005":null,"N03_007":"12202"}},
{"type":"Feature","geometry":null,"properties":{"N03_001":"千葉県","N03_002":null,"N03_003":null,"N03_004":"銚子市","N03_005":null,"N03_007":"12202"}},
{"type":"Feature","geometry":null,"properties":{"N03_001":"千葉県","N03_002":null,"N03_003":null,"N03_004":"銚子市","N03_005":null,"N03_007":"12202"}},
{"type":"Feature","geometry":null,"properties":{"N03_001":"千葉県","N03_002":null,"N03_003":null,"N03_004":"銚子市","N03_005":null,"N03_007":"12202"}},
{"type":"Feature","geometry":null,"properties":{"N03_001":"千葉県","N03_002":null,"N03_003":null,"N03_004":"銚子市","N03_005":null,"N03_007":"12202"}},
{"type":"Feature","geometry":null,"properties":{"N03_001":"千葉県","N03_002":null,"N03_003":null,"N03_004":"銚子市","N03_005":null,"N03_007":"12202"}},
{"type":"Feature","geometry":null,"properties":{"N03_001":"千葉県","N03_002":null,"N03_003":null,"N03_004":"銚子市","N03_005":null,"N03_007":"12202"}},
{"type":"Feature","geometry":null,"properties":{"N03_001":"千葉県","N03_002":null,"N03_003":null,"N03_004":"銚子市","N03_005":null,"N03_007":"12202"}},
{"type":"Feature","geometry":null,"properties":{"N03_001":"千葉県","N03_002":null,"N03_003":null,"N03_004":"銚子市","N03_005":null,"N03_007":"12202"}},
{"type":"Feature","geometry":null,"properties":{"N03_001":"千葉県","N03_002":null,"N03_003":null,"N03_004":"銚子市","N03_005":null,"N03_007":"12202"}},
{"type":"Feature","geometry":null,"properties":{"N03_001":"千葉県","N03_002":null,"N03_003":null,"N03_004":"銚子市","N03_005":null,"N03_007":"12202"}},
{"type":"Feature","geometry":null,"properties":{"N03_001":"千葉県","N03_002":null,"N03_003":null,"N03_004":"銚子市","N03_005":null,"N03_007":"12202"}},
{"type":"Feature","geometry":null,"properties":{"N03_001":"千葉県","N03_002":null,"N03_003":null,"N03_004":"銚子市","N03_005":null,"N03_007":"12202"}},
{"type":"Feature","geometry":null,"properties":{"N03_001":"千葉県","N03_002":null,"N03_003":null,"N03_004":"銚子市","N03_005":null,"N03_007":"12202"}},
{"type":"Feature","geometry":null,"properties":{"N03_001":"千葉県","N03_002":null,"N03_003":null,"N03_004":"銚子市","N03_005":null,"N03_007":"12202"}},
{"type":"Feature","geometry":null,"properties":{"N03_001":"千葉県","N03_002":null,"N03_003":null,"N03_004":"銚子市","N03_005":null,"N03_007":"12202"}},
{"type":"Feature","geometry":null,"properties":{"N03_001":"千葉県","N03_002":null,"N03_003":null,"N03_004":"銚子市","N03_005":null,"N03_007":"12202"}},
{"type":"Feature","geometry":null,"properties":{"N03_001":"千葉県","N03_002":null,"N03_003":null,"N03_004":"銚子市","N03_005":null,"N03_007":"12202"}},
{"type":"Feature","geometry":null,"properties":{"N03_001":"千葉県","N03_002":null,"N03_003":null,"N03_004":"銚子市","N03_005":null,"N03_007":"12202"}},
{"type":"Feature","geometry":null,"properties":{"N03_001":"千葉県","N03_002":null,"N03_003":null,"N03_004":"銚子市","N03_005":null,"N03_007":"12202"}},
{"type":"Feature","geometry":null,"properties":{"N03_001":"千葉県","N03_002":null,"N03_003":null,"N03_004":"銚子市","N03_005":null,"N03_007":"12202"}},
{"type":"Feature","geometry":null,"properties":{"N03_001":"千葉県","N03_002":null,"N03_003":null,"N03_004":"銚子市","N03_005":null,"N03_007":"12202"}},
{"type":"Feature","geometry":null,"properties":{"N03_001":"千葉県","N03_002":null,"N03_003":null,"N03_004":"銚子市","N03_005":null,"N03_007":"12202"}},
{"type":"Feature","geometry":null,"properties":{"N03_001":"千葉県","N03_002":null,"N03_003":null,"N03_004":"銚子市","N03_005":null,"N03_007":"12202"}},
{"type":"Feature","geometry":null,"properties":{"N03_001":"千葉県","N03_002":null,"N03_003":null,"N03_004":"銚子市","N03_005":null,"N03_007":"12202"}},
{"type":"Feature","geometry":null,"properties":{"N03_001":"千葉県","N03_002":null,"N03_003":null,"N03_004":"銚子市","N03_005":null,"N03_007":"12202"}},
{"type":"Feature","geometry":null,"properties":{"N03_001":"千葉県","N03_002":null,"N03_003":null,"N03_004":"銚子市","N03_005":null,"N03_007":"12202"}},
{"type":"Feature","geometry":null,"properties":{"N03_001":"千葉県","N03_002":null,"N03_003":null,"N03_004":"銚子市","N03_005":null,"N03_007":"12202"}},
{"type":"Feature","geometry":null,"properties":{"N03_001":"千葉県","N03_002":null,"N03_003":null,"N03_004":"銚子市","N03_005":null,"N03_007":"12202"}},
{"type":"Feature","geometry":null,"properties":{"N03_001":"千葉県","N03_002":null,"N03_003":null,"N03_004":"銚子市","N03_005":null,"N03_007":"12202"}},
{"type":"Feature","geometry":null,"properties":{"N03_001":"千葉県","N03_002":null,"N03_003":null,"N03_004":"銚子市","N03_005":null,"N03_007":"12202"}},
{"type":"Feature","geometry":null,"properties":{"N03_001":"千葉県","N03_002":null,"N03_003":null,"N03_004":"銚子市","N03_005":null,"N03_007":"12202"}},
{"type":"Feature","geometry":null,"properties":{"N03_001":"千葉県","N03_002":null,"N03_003":null,"N03_004":"銚子市","N03_005":null,"N03_007":"12202"}},
{"type":"Feature","geometry":null,"properties":{"N03_001":"千葉県","N03_002":null,"N03_003":null,"N03_004":"銚子市","N03_005":null,"N03_007":"12202"}},
{"type":"Feature","geometry":null,"properties":{"N03_001":"千葉県","N03_002":null,"N03_003":null,"N03_004":"銚子市","N03_005":null,"N03_007":"12202"}},
{"type":"Feature","geometry":null,"properties":{"N03_001":"千葉県","N03_002":null,"N03_003":null,"N03_004":"銚子市","N03_005":null,"N03_007":"12202"}},
{"type":"Feature","geometry":null,"properties":{"N03_001":"千葉県","N03_002":null,"N03_003":null,"N03_004":"銚子市","N03_005":null,"N03_007":"12202"}},
{"type":"Feature","geometry":null,"properties":{"N03_001":"千葉県","N03_002":null,"N03_003":null,"N03_004":"銚子市","N03_005":null,"N03_007":"12202"}},
{"type":"Feature","geometry":null,"properties":{"N03_001":"千葉県","N03_002":null,"N03_003":null,"N03_004":"銚子市","N03_005":null,"N03_007":"12202"}},
{"type":"Feature","geometry":null,"properties":{"N03_001":"千葉県","N03_002":null,"N03_003":null,"N03_004":"銚子市","N03_005":null,"N03_007":"12202"}},
{"type":"Feature","geometry":null,"properties":{"N03_001":"千葉県","N03_002":null,"N03_003":null,"N03_004":"銚子市","N03_005":null,"N03_007":"12202"}},
{"type":"Feature","geometry":null,"properties":{"N03_001":"千葉県","N03_002":null,"N03_003":null,"N03_004":"銚子市","N03_005":null,"N03_007":"12202"}},
{"type":"Feature","geometry":null,"properties":{"N03_001":"千葉県","N03_002":null,"N03_003":null,"N03_004":"銚子市","N03_005":null,"N03_007":"12202"}},
{"type":"Feature","geometry":null,"properties":{"N03_001":"千葉県","N03_002":null,"N03_003":null,"N03_004":"銚子市","N03_005":null,"N03_007":"12202"}},
{"type":"Feature","geometry":null,"properties":{"N03_001":"千葉県","N03_002":null,"N03_003":null,"N03_004":"銚子市","N03_005":null,"N03_007":"12202"}},
{"type":"Feature","geometry":null,"properties":{"N03_001":"千葉県","N03_002":null,"N03_003":null,"N03_004":"銚子市","N03_005":null,"N03_007":"12202"}},
{"type":"Feature","geometry":null,"properties":{"N03_001":"千葉県","N03_002":null,"N03_003":null,"N03_004":"銚子市","N03_005":null,"N03_007":"12202"}},
{"type":"Feature","geometry":null,"properties":{"N03_001":"千葉県","N03_002":null,"N03_003":null,"N03_004":"銚子市","N03_005":null,"N03_007":"12202"}},
{"type":"Feature","geometry":null,"properties":{"N03_001":"千葉県","N03_002":null,"N03_003":null,"N03_004":"銚子市","N03_005":null,"N03_007":"12202"}},
{"type":"Feature","geometry":null,"properties":{"N03_001":"千葉県","N03_002":null,"N03_003":null,"N03_004":"銚子市","N03_005":null,"N03_007":"12202"}},
{"type":"Feature","geometry":null,"properties":{"N03_001":"千葉県","N03_002":null,"N03_003":null,"N03_004":"銚子市","N03_005":null,"N03_007":"12202"}},
{"type":"Feature","geometry":null,"properties":{"N03_001":"千葉県","N03_002":null,"N03_003":null,"N03_004":"銚子市","N03_005":null,"N03_007":"12202"}},
{"type":"Feature","geometry":null,"properties":{"N03_001":"千葉県","N03_002":null,"N03_003":null,"N03_004":"銚子市","N03_005":null,"N03_007":"12202"}},
{"type":"Feature","geometry":null,"properties":{"N03_001":"千葉県","N03_002":null,"N03_003":null,"N03_004":"銚子市","N03_005":null,"N03_007":"12202"}},
{"type":"Feature","geometry":null,"properties":{"N03_001":"千葉県","N03_002":null,"N03_003":null,"N03_004":"銚子市","N03_005":null,"N03_007":"12202"}},
{"type":"Feature","geometry":null,"properties":{"N03_001":"千葉県","N03_002":null,"N03_003":null,"N03_004":"銚子市","N03_005":null,"N03_007":"12202"}},
{"type":"Feature","geometry":null,"properties":{"N03_001":"千葉県","N03_002":null,"N03_003":null,"N03_004":"銚子市","N03_005":null,"N03_007":"12202"}},
{"type":"Feature","geometry":null,"properties":{"N03_001":"千葉県","N03_002":null,"N03_003":null,"N03_004":"銚子市","N03_005":null,"N03_007":"12202"}},
{"type":"Feature","geometry":null,"properties":{"N03_001":"千葉県","N03_002":null,"N03_003":null,"N03_004":"銚子市","N03_005":null,"N03_007":"12202"}},
{"type":"Feature","geometry":null,"properties":{"N03_001":"千葉県","N03_002":null,"N03_003":null,"N03_004":"銚子市","N03_005":null,"N03_007":"12202"}},
{"type":"Feature","geometry":null,"properties":{"N03_001":"千葉県","N03_002":null,"N03_003":null,"N03_004":"銚子市","N03_005":null,"N03_007":"12202"}},
{"type":"Feature","geometry":null,"properties":{"N03_001":"千葉県","N03_002":null,"N03_003":null,"N03_004":"銚子市","N03_005":null,"N03_007":"12202"}},
{"type":"Feature","geometry":null,"properties":{"N03_001":"千葉県","N03_002":null,"N03_003":null,"N03_004":"銚子市","N03_005":null,"N03_007":"12202"}},
{"type":"Feature","geometry":null,"properties":{"N03_001":"千葉県","N03_002":null,"N03_003":null,"N03_004":"銚子市","N03_005":null,"N03_007":"12202"}},
{"type":"Feature","geometry":null,"properties":{"N03_001":"千葉県","N03_002":null,"N03_003":null,"N03_004":"銚子市","N03_005":null,"N03_007":"12202"}},
{"type":"Feature","geometry":null,"properties":{"N03_001":"千葉県","N03_002":null,"N03_003":null,"N03_004":"銚子市","N03_005":null,"N03_007":"12202"}},
{"type":"Feature","geometry":null,"properties":{"N03_001":"千葉県","N03_002":null,"N03_003":null,"N03_004":"銚子市","N03_005":null,"N03_007":"12202"}},
{"type":"Feature","geometry":null,"properties":{"N03_001":"千葉県","N03_002":null,"N03_003":null,"N03_004":"銚子市","N03_005":null,"N03_007":"12202"}},
{"type":"Feature","geometry":null,"properties":{"N03_001":"千葉県","N03_002":null,"N03_003":null,"N03_004":"銚子市","N03_005":null,"N03_007":"12202"}},
{"type":"Feature","geometry":null,"properties":{"N03_001":"千葉県","N03_002":null,"N03_003":null,"N03_004":"銚子市","N03_005":null,"N03_007":"12202"}},
{"type":"Feature","geometry":null,"properties":{"N03_001":"千葉県","N03_002":null,"N03_003":null,"N03_004":"銚子市","N03_005":null,"N03_007":"12202"}},
{"type":"Feature","geometry":null,"properties":{"N03_001":"千葉県","N03_002":null,"N03_003":null,"N03_004":"銚子市","N03_005":null,"N03_007":"12202"}},
{"type":"Feature","geometry":null,"properties":{"N03_001":"千葉県","N03_002":null,"N03_003":null,"N03_004":"銚子市","N03_005":null,"N03_007":"12202"}},
{"type":"Feature","geometry":null,"properties":{"N03_001":"千葉県","N03_002":null,"N03_003":null,"N03_004":"銚子市","N03_005":null,"N03_007":"12202"}},
{"type":"Feature","geometry":null,"properties":{"N03_001":"千葉県","N03_002":null,"N03_003":null,"N03_004":"銚子市","N03_005":null,"N03_007":"12202"}},
{"type":"Feature","geometry":null,"properties":{"N03_001":"千葉県","N03_002":null,"N03_003":null,"N03_004":"銚子市","N03_005":null,"N03_007":"12202"}},
{"type":"Feature","geometry":null,"properties":{"N03_001":"千葉県","N03_002":null,"N03_003":null,"N03_004":"銚子市","N03_005":null,"N03_007":"12202"}},
{"type":"Feature","geometry":null,"properties":{"N03_001":"千葉県","N03_002":null,"N03_003":null,"N03_004":"銚子市","N03_005":null,"N03_007":"12202"}},
{"type":"Feature","geometry":null,"properties":{"N03_001":"千葉県","N03_002":null,"N03_003":null,"N03_004":"銚子市","N03_005":null,"N03_007":"12202"}},
{"type":"Feature","geometry":null,"properties":{"N03_001":"千葉県","N03_002":null,"N03_003":null,"N03_004":"銚子市","N03_005":null,"N03_007":"12202"}},
{"type":"Feature","geometry":null,"properties":{"N03_001":"千葉県","N03_002":null,"N03_003":null,"N03_004":"銚子市","N03_005":null,"N03_007":"12202"}},
{"type":"Feature","geometry":null,"properties":{"N03_001":"千葉県","N03_002":null,"N03_003":null,"N03_004":"銚子市","N03_005":null,"N03_007":"12202"}},
{"type":"Feature","geometry":null,"properties":{"N03_001":"千葉県","N03_002":null,"N03_003":null,"N03_004":"銚子市","N03_005":null,"N03_007":"12202"}},
{"type":"Feature","geometry":null,"properties":{"N03_001":"千葉県","N03_002":null,"N03_003":null,"N03_004":"銚子市","N03_005":null,"N03_007":"12202"}},
{"type":"Feature","geometry":null,"properties":{"N03_001":"千葉県","N03_002":null,"N03_003":null,"N03_004":"銚子市","N03_005":null,"N03_007":"12202"}},
{"type":"Feature","geometry":null,"properties":{"N03_001":"千葉県","N03_002":null,"N03_003":null,"N03_004":"銚子市","N03_005":null,"N03_007":"12202"}},
{"type":"Feature","geometry":null,"properties":{"N03_001":"千葉県","N03_002":null,"N03_003":null,"N03_004":"銚子市","N03_005":null,"N03_007":"12202"}},
{"type":"Feature","geometry":null,"properties":{"N03_001":"千葉県","N03_002":null,"N03_003":null,"N03_004":"銚子市","N03_005":null,"N03_007":"12202"}},
{"type":"Feature","geometry":null,"properties":{"N03_001":"千葉県","N03_002":null,"N03_003":null,"N03_004":"銚子市","N03_005":null,"N03_007":"12202"}},
{"type":"Feature","geometry":null,"properties":{"N03_001":"千葉県","N03_002":null,"N03_003":null,"N03_004":"銚子市","N03_005":null,"N03_007":"12202"}},
{"type":"Feature","geometry":null,"properties":{"N03_001":"千葉県","N03_002":null,"N03_003":null,"N03_004":"銚子市","N03_005":null,"N03_007":"12202"}},
{"type":"Feature","geometry":null,"properties":{"N03_001":"千葉県","N03_002":null,"N03_003":null,"N03_004":"銚子市","N03_005":null,"N03_007":"12202"}},
{"type":"Feature","geometry":null,"properties":{"N03_001":"千葉県","N03_002":null,"N03_003":null,"N03_004":"銚子市","N03_005":null,"N03_007":"12202"}},
{"type":"Feature","geometry":null,"properties":{"N03_001":"千葉県","N03_002":null,"N03_003":null,"N03_004":"銚子市","N03_005":null,"N03_007":"12202"}},
{"type":"Feature","geometry":null,"properties":{"N03_001":"千葉県","N03_002":null,"N03_003":null,"N03_004":"銚子市","N03_005":null,"N03_007":"12202"}},
{"type":"Feature","geometry":null,"properties":{"N03_001":"千葉県","N03_002":null,"N03_003":null,"N03_004":"銚子市","N03_005":null,"N03_007":"12202"}},
{"type":"Feature","geometry":null,"properties":{"N03_001":"千葉県","N03_002":null,"N03_003":null,"N03_004":"銚子市","N03_005":null,"N03_007":"12202"}},
{"type":"Feature","geometry":null,"properties":{"N03_001":"千葉県","N03_002":null,"N03_003":null,"N03_004":"銚子市","N03_005":null,"N03_007":"12202"}},
{"type":"Feature","geometry":null,"properties":{"N03_001":"千葉県","N03_002":null,"N03_003":null,"N03_004":"銚子市","N03_005":null,"N03_007":"12202"}},
{"type":"Feature","geometry":null,"properties":{"N03_001":"千葉県","N03_002":null,"N03_003":null,"N03_004":"銚子市","N03_005":null,"N03_007":"12202"}},
{"type":"Feature","geometry":null,"properties":{"N03_001":"千葉県","N03_002":null,"N03_003":null,"N03_004":"銚子市","N03_005":null,"N03_007":"12202"}},
{"type":"Feature","geometry":null,"properties":{"N03_001":"千葉県","N03_002":null,"N03_003":null,"N03_004":"銚子市","N03_005":null,"N03_007":"12202"}},
{"type":"Feature","geometry":null,"properties":{"N03_001":"千葉県","N03_002":null,"N03_003":null,"N03_004":"銚子市","N03_005":null,"N03_007":"12202"}},
{"type":"Feature","geometry":null,"properties":{"N03_001":"千葉県","N03_002":null,"N03_003":null,"N03_004":"銚子市","N03_005":null,"N03_007":"12202"}},
{"type":"Feature","geometry":null,"properties":{"N03_001":"千葉県","N03_002":null,"N03_003":null,"N03_004":"銚子市","N03_005":null,"N03_007":"12202"}},
{"type":"Feature","geometry":null,"properties":{"N03_001":"千葉県","N03_002":null,"N03_003":null,"N03_004":"銚子市","N03_005":null,"N03_007":"12202"}},
{"type":"Feature","geometry":null,"properties":{"N03_001":"千葉県","N03_002":null,"N03_003":null,"N03_004":"銚子市","N03_005":null,"N03_007":"12202"}},
{"type":"Feature","geometry":null,"properties":{"N03_001":"千葉県","N03_002":null,"N03_003":null,"N03_004":"銚子市","N03_005":null,"N03_007":"12202"}},
{"type":"Feature","geometry":null,"properties":{"N03_001":"千葉県","N03_002":null,"N03_003":null,"N03_004":"銚子市","N03_005":null,"N03_007":"12202"}},
{"type":"Feature","geometry":null,"properties":{"N03_001":"千葉県","N03_002":null,"N03_003":null,"N03_004":"銚子市","N03_005":null,"N03_007":"12202"}},
{"type":"Feature","geometry":null,"properties":{"N03_001":"千葉県","N03_002":null,"N03_003":null,"N03_004":"銚子市","N03_005":null,"N03_007":"12202"}},
{"type":"Feature","geometry":null,"properties":{"N03_001":"千葉県","N03_002":null,"N03_003":null,"N03_004":"銚子市","N03_005":null,"N03_007":"12202"}},
{"type":"Feature","geometry":null,"properties":{"N03_001":"千葉県","N03_002":null,"N03_003":null,"N03_004":"銚子市","N03_005":null,"N03_007":"12202"}},
{"type":"Feature","geometry":null,"properties":{"N03_001":"千葉県","N03_002":null,"N03_003":null,"N03_004":"銚子市","N03_005":null,"N03_007":"12202"}},
{"type":"Feature","geometry":null,"properties":{"N03_001":"千葉県","N03_002":null,"N03_003":null,"N03_004":"銚子市","N03_005":null,"N03_007":"12202"}},
{"type":"Feature","geometry":null,"properties":{"N03_001":"千葉県","N03_002":null,"N03_003":null,"N03_004":"銚子市","N03_005":null,"N03_007":"12202"}},
{"type":"Feature","geometry":null,"properties":{"N03_001":"千葉県","N03_002":null,"N03_003":null,"N03_004":"銚子市","N03_005":null,"N03_007":"12202"}},
{"type":"Feature","geometry":null,"properties":{"N03_001":"千葉県","N03_002":null,"N03_003":null,"N03_004":"銚子市","N03_005":null,"N03_007":"12202"}},
{"type":"Feature","geometry":null,"properties":{"N03_001":"千葉県","N03_002":null,"N03_003":null,"N03_004":"銚子市","N03_005":null,"N03_007":"12202"}},
{"type":"Feature","geometry":null,"properties":{"N03_001":"千葉県","N03_002":null,"N03_003":null,"N03_004":"銚子市","N03_005":null,"N03_007":"12202"}},
{"type":"Feature","geometry":null,"properties":{"N03_001":"千葉県","N03_002":null,"N03_003":null,"N03_004":"銚子市","N03_005":null,"N03_007":"12202"}},
{"type":"Feature","geometry":null,"properties":{"N03_001":"千葉県","N03_002":null,"N03_003":null,"N03_004":"銚子市","N03_005":null,"N03_007":"12202"}},
{"type":"Feature","geometry":null,"properties":{"N03_001":"千葉県","N03_002":null,"N03_003":null,"N03_004":"銚子市","N03_005":null,"N03_007":"12202"}},
{"type":"Feature","geometry":null,"properties":{"N03_001":"千葉県","N03_002":null,"N03_003":null,"N03_004":"銚子市","N03_005":null,"N03_007":"12202"}},
{"type":"Feature","geometry":null,"properties":{"N03_001":"千葉県","N03_002":null,"N03_003":null,"N03_004":"銚子市","N03_005":null,"N03_007":"12202"}},
{"type":"Feature","geometry":null,"properties":{"N03_001":"千葉県","N03_002":null,"N03_003":null,"N03_004":"銚子市","N03_005":null,"N03_007":"12202"}},
{"type":"Feature","geometry":null,"properties":{"N03_001":"千葉県","N03_002":null,"N03_003":null,"N03_004":"銚子市","N03_005":null,"N03_007":"12202"}},
{"type":"Feature","geometry":null,"properties":{"N03_001":"千葉県","N03_002":null,"N03_003":null,"N03_004":"銚子市","N03_005":null,"N03_007":"12202"}},
{"type":"Feature","geometry":null,"properties":{"N03_001":"千葉県","N03_002":null,"N03_003":null,"N03_004":"銚子市","N03_005":null,"N03_007":"12202"}},
{"type":"Feature","geometry":null,"properties":{"N03_001":"千葉県","N03_002":null,"N03_003":null,"N03_004":"銚子市","N03_005":null,"N03_007":"12202"}},
{"type":"Feature","geometry":null,"properties":{"N03_001":"千葉県","N03_002":null,"N03_003":null,"N03_004":"銚子市","N03_005":null,"N03_007":"12202"}},
{"type":"Feature","geometry":null,"properties":{"N03_001":"千葉県","N03_002":null,"N03_003":null,"N03_004":"銚子市","N03_005":null,"N03_007":"12202"}},
{"type":"Feature","geometry":null,"properties":{"N03_001":"千葉県","N03_002":null,"N03_003":null,"N03_004":"銚子市","N03_005":null,"N03_007":"12202"}},
{"type":"Feature","geometry":null,"properties":{"N03_001":"千葉県","N03_002":null,"N03_003":null,"N03_004":"銚子市","N03_005":null,"N03_007":"12202"}},
{"type":"Feature","geometry":null,"properties":{"N03_001":"千葉県","N03_002":null,"N03_003":null,"N03_004":"銚子市","N03_005":null,"N03_007":"12202"}},
{"type":"Feature","geometry":null,"properties":{"N03_001":"千葉県","N03_002":null,"N03_003":null,"N03_004":"銚子市","N03_005":null,"N03_007":"12202"}},
{"type":"Feature","geometry":null,"properties":{"N03_001":"千葉県","N03_002":null,"N03_003":null,"N03_004":"銚子市","N03_005":null,"N03_007":"12202"}},
{"type":"Feature","geometry":null,"properties":{"N03_001":"千葉県","N03_002":null,"N03_003":null,"N03_004":"銚子市","N03_005":null,"N03_007":"12202"}},
{"type":"Feature","geometry":null,"properties":{"N03_001":"千葉県","N03_002":null,"N03_003":null,"N03_004":"銚子市","N03_005":null,"N03_007":"12202"}},
{"type":"Feature","geometry":null,"properties":{"N03_001":"千葉県","N03_002":null,"N03_003":null,"N03_004":"銚子市","N03_005":null,"N03_007":"12202"}},
{"type":"Feature","geometry":null,"properties":{"N03_001":"千葉県","N03_002":null,"N03_003":null,"N03_004":"銚子市","N03_005":null,"N03_007":"12202"}},
{"type":"Feature","geometry":null,"properties":{"N03_001":"千葉県","N03_002":null,"N03_003":null,"N03_004":"銚子市","N03_005":null,"N03_007":"12202"}},
{"type":"Feature","geometry":null,"properties":{"N03_001":"千葉県","N03_002":null,"N03_003":null,"N03_004":"銚子市","N03_005":null,"N03_007":"12202"}},
{"type":"Feature","geometry":null,"properties":{"N03_001":"千葉県","N03_002":null,"N03_003":null,"N03_004":"銚子市","N03_005":null,"N03_007":"12202"}},
{"type":"Feature","geometry":null,"properties":{"N03_001":"千葉県","N03_002":null,"N03_003":null,"N03_004":"銚子市","N03_005":null,"N03_007":"12202"}},
{"type":"Feature","geometry":null,"properties":{"N03_001":"千葉県","N03_002":null,"N03_003":null,"N03_004":"銚子市","N03_005":null,"N03_007":"12202"}},
{"type":"Feature","geometry":null,"properties":{"N03_001":"千葉県","N03_002":null,"N03_003":null,"N03_004":"銚子市","N03_005":null,"N03_007":"12202"}},
{"type":"Feature","geometry":null,"properties":{"N03_001":"千葉県","N03_002":null,"N03_003":null,"N03_004":"銚子市","N03_005":null,"N03_007":"12202"}},
{"type":"Feature","geometry":null,"properties":{"N03_001":"千葉県","N03_002":null,"N03_003":null,"N03_004":"銚子市","N03_005":null,"N03_007":"12202"}},
{"type":"Feature","geometry":null,"properties":{"N03_001":"千葉県","N03_002":null,"N03_003":null,"N03_004":"銚子市","N03_005":null,"N03_007":"12202"}},
{"type":"Feature","geometry":null,"properties":{"N03_001":"千葉県","N03_002":null,"N03_003":null,"N03_004":"銚子市","N03_005":null,"N03_007":"12202"}},
{"type":"Feature","geometry":null,"properties":{"N03_001":"千葉県","N03_002":null,"N03_003":null,"N03_004":"銚子市","N03_005":null,"N03_007":"12202"}},
{"type":"Feature","geometry":null,"properties":{"N03_001":"千葉県","N03_002":null,"N03_003":null,"N03_004":"銚子市","N03_005":null,"N03_007":"12202"}},
{"type":"Feature","geometry":null,"properties":{"N03_001":"千葉県","N03_002":null,"N03_003":null,"N03_004":"銚子市","N03_005":null,"N03_007":"12202"}},
{"type":"Feature","geometry":null,"properties":{"N03_001":"千葉県","N03_002":null,"N03_003":null,"N03_004":"銚子市","N03_005":null,"N03_007":"12202"}},
{"type":"Feature","geometry":null,"properties":{"N03_001":"千葉県","N03_002":null,"N03_003":null,"N03_004":"銚子市","N03_005":null,"N03_007":"12202"}},
{"type":"Feature","geometry":null,"properties":{"N03_001":"千葉県","N03_002":null,"N03_003":null,"N03_004":"銚子市","N03_005":null,"N03_007":"12202"}},
{"type":"Feature","geometry":null,"properties":{"N03_001":"千葉県","N03_002":null,"N03_003":null,"N03_004":"銚子市","N03_005":null,"N03_007":"12202"}},
{"type":"Feature","geometry":null,"properties":{"N03_001":"千葉県","N03_002":null,"N03_003":null,"N03_004":"銚子市","N03_005":null,"N03_007":"12202"}},
{"type":"Feature","geometry":null,"properties":{"N03_001":"千葉県","N03_002":null,"N03_003":null,"N03_004":"銚子市","N03_005":null,"N03_007":"12202"}},
{"type":"Feature","geometry":null,"properties":{"N03_001":"千葉県","N03_002":null,"N03_003":null,"N03_004":"銚子市","N03_005":null,"N03_007":"12202"}},
{"type":"Feature","geometry":null,"properties":{"N03_001":"千葉県","N03_002":null,"N03_003":null,"N03_004":"銚子市","N03_005":null,"N03_007":"12202"}},
{"type":"Feature","geometry":null,"properties":{"N03_001":"千葉県","N03_002":null,"N03_003":null,"N03_004":"銚子市","N03_005":null,"N03_007":"12202"}},
{"type":"Feature","geometry":null,"properties":{"N03_001":"千葉県","N03_002":null,"N03_003":null,"N03_004":"銚子市","N03_005":null,"N03_007":"12202"}},
{"type":"Feature","geometry":null,"properties":{"N03_001":"千葉県","N03_002":null,"N03_003":null,"N03_004":"銚子市","N03_005":null,"N03_007":"12202"}},
{"type":"Feature","geometry":null,"properties":{"N03_001":"千葉県","N03_002":null,"N03_003":null,"N03_004":"銚子市","N03_005":null,"N03_007":"12202"}},
{"type":"Feature","geometry":null,"properties":{"N03_001":"千葉県","N03_002":null,"N03_003":null,"N03_004":"銚子市","N03_005":null,"N03_007":"12202"}},
{"type":"Feature","geometry":null,"properties":{"N03_001":"千葉県","N03_002":null,"N03_003":null,"N03_004":"銚子市","N03_005":null,"N03_007":"12202"}},
{"type":"Feature","geometry":null,"properties":{"N03_001":"千葉県","N03_002":null,"N03_003":null,"N03_004":"銚子市","N03_005":null,"N03_007":"12202"}},
{"type":"Feature","geometry":null,"properties":{"N03_001":"千葉県","N03_002":null,"N03_003":null,"N03_004":"銚子市","N03_005":null,"N03_007":"12202"}},
{"type":"Feature","geometry":null,"properties":{"N03_001":"千葉県","N03_002":null,"N03_003":null,"N03_004":"銚子市","N03_005":null,"N03_007":"12202"}},
{"type":"Feature","geometry":null,"properties":{"N03_001":"千葉県","N03_002":null,"N03_003":null,"N03_004":"銚子市","N03_005":null,"N03_007":"12202"}},
{"type":"Feature","geometry":null,"properties":{"N03_001":"千葉県","N03_002":null,"N03_003":null,"N03_004":"銚子市","N03_005":null,"N03_007":"12202"}},
{"type":"Feature","geometry":null,"properties":{"N03_001":"千葉県","N03_002":null,"N03_003":null,"N03_004":"銚子市","N03_005":null,"N03_007":"12202"}},
{"type":"Feature","geometry":null,"properties":{"N03_001":"千葉県","N03_002":null,"N03_003":null,"N03_004":"銚子市","N03_005":null,"N03_007":"12202"}},
{"type":"Feature","geometry":null,"properties":{"N03_001":"千葉県","N03_002":null,"N03_003":null,"N03_004":"銚子市","N03_005":null,"N03_007":"12202"}},
{"type":"Feature","geometry":null,"properties":{"N03_001":"千葉県","N03_002":null,"N03_003":null,"N03_004":"銚子市","N03_005":null,"N03_007":"12202"}},
{"type":"Feature","geometry":null,"properties":{"N03_001":"千葉県","N03_002":null,"N03_003":null,"N03_004":"銚子市","N03_005":null,"N03_007":"12202"}},
{"type":"Feature","geometry":null,"properties":{"N03_001":"千葉県","N03_002":null,"N03_003":null,"N03_004":"銚子市","N03_005":null,"N03_007":"12202"}},
{"type":"Feature","geometry":null,"properties":{"N03_001":"千葉県","N03_002":null,"N03_003":null,"N03_004":"銚子市","N03_005":null,"N03_007":"12202"}},
{"type":"Feature","geometry":null,"properties":{"N03_001":"千葉県","N03_002":null,"N03_003":null,"N03_004":"銚子市","N03_005":null,"N03_007":"12202"}},
{"type":"Feature","geometry":null,"properties":{"N03_001":"千葉県","N03_002":null,"N03_003":null,"N03_004":"銚子市","N03_005":null,"N03_007":"12202"}},
{"type":"Feature","geometry":null,"properties":{"N03_001":"千葉県","N03_002":null,"N03_003":null,"N03_004":"銚子市","N03_005":null,"N03_007":"12202"}},
{"type":"Feature","geometry":null,"properties":{"N03_001":"千葉県","N03_002":null,"N03_003":null,"N03_004":"銚子市","N03_005":null,"N03_007":"12202"}},
{"type":"Feature","geometry":null,"properties":{"N03_001":"千葉県","N03_002":null,"N03_003":null,"N03_004":"銚子市","N03_005":null,"N03_007":"12202"}},
{"type":"Feature","geometry":null,"properties":{"N03_001":"千葉県","N03_002":null,"N03_003":null,"N03_004":"銚子市","N03_005":null,"N03_007":"12202"}},
{"type":"Feature","geometry":null,"properties":{"N03_001":"千葉県","N03_002":null,"N03_003":null,"N03_004":"銚子市","N03_005":null,"N03_007":"12202"}},
{"type":"Feature","geometry":null,"properties":{"N03_001":"千葉県","N03_002":null,"N03_003":null,"N03_004":"銚子市","N03_005":null,"N03_007":"12202"}},
{"type":"Feature","geometry":null,"properties":{"N03_001":"千葉県","N03_002":null,"N03_003":null,"N03_004":"銚子市","N03_005":null,"N03_007":"12202"}},
{"type":"Feature","geometry":null,"properties":{"N03_001":"千葉県","N03_002":null,"N03_003":null,"N03_004":"銚子市","N03_005":null,"N03_007":"12202"}},
{"type":"Feature","geometry":null,"properties":{"N03_001":"千葉県","N03_002":null,"N03_003":null,"N03_004":"銚子市","N03_005":null,"N03_007":"12202"}},
{"type":"Feature","geometry":null,"properties":{"N03_001":"千葉県","N03_002":null,"N03_003":null,"N03_004":"銚子市","N03_005":null,"N03_007":"12202"}},
{"type":"Feature","geometry":null,"properties":{"N03_001":"千葉県","N03_002":null,"N03_003":null,"N03_004":"銚子市","N03_005":null,"N03_007":"12202"}},
{"type":"Feature","geometry":null,"properties":{"N03_001":"千葉県","N03_002":null,"N03_003":null,"N03_004":"銚子市","N03_005":null,"N03_007":"12202"}},
{"type":"Feature","geometry":null,"properties":{"N03_001":"千葉県","N03_002":null,"N03_003":null,"N03_004":"銚子市","N03_005":null,"N03_007":"12202"}},
{"type":"Feature","geometry":null,"properties":{"N03_001":"千葉県","N03_002":null,"N03_003":null,"N03_004":"銚子市","N03_005":null,"N03_007":"12202"}},
{"type":"Feature","geometry":null,"properties":{"N03_001":"千葉県","N03_002":null,"N03_003":null,"N03_004":"銚子市","N03_005":null,"N03_007":"12202"}},
{"type":"Feature","geometry":null,"properties":{"N03_001":"千葉県","N03_002":null,"N03_003":null,"N03_004":"銚子市","N03_005":null,"N03_007":"12202"}},
{"type":"Feature","geometry":null,"properties":{"N03_001":"千葉県","N03_002":null,"N03_003":null,"N03_004":"銚子市","N03_005":null,"N03_007":"12202"}},
{"type":"Feature","geometry":null,"properties":{"N03_001":"千葉県","N03_002":null,"N03_003":null,"N03_004":"銚子市","N03_005":null,"N03_007":"12202"}},
{"type":"Feature","geometry":null,"properties":{"N03_001":"千葉県","N03_002":null,"N03_003":null,"N03_004":"銚子市","N03_005":null,"N03_007":"12202"}},
{"type":"Feature","geometry":null,"properties":{"N03_001":"千葉県","N03_002":null,"N03_003":null,"N03_004":"銚子市","N03_005":null,"N03_007":"12202"}},
{"type":"Feature","geometry":null,"properties":{"N03_001":"千葉県","N03_002":null,"N03_003":null,"N03_004":"銚子市","N03_005":null,"N03_007":"12202"}},
{"type":"Feature","geometry":null,"properties":{"N03_001":"千葉県","N03_002":null,"N03_003":null,"N03_004":"銚子市","N03_005":null,"N03_007":"12202"}},
{"type":"Feature","geometry":{"type":"Polygon","coordinates":[[[139.975945058,35.773845441],[139.975078106,35.774060468],[139.97458144,35.775036586],[139.972166446,35.775602973],[139.970745331,35.775602973],[139.967754475,35.774506586],[139.964750584,35.774585468],[139.963729468,35.774249081],[139.962625863,35.774514081],[139.961850026,35.775282694],[139.958731414,35.775602414],[139.957278366,35.775126054],[139.956733606,35.773969387],[139.954424968,35.771912171],[139.954711089,35.770414946],[139.955735772,35.769339387],[139.954347198,35.770171333],[139.953685253,35.771375775],[139.949651894,35.769901333],[139.949124669,35.768306054],[139.948248275,35.768206613],[139.94763297,35.767082171],[139.948137134,35.766306054],[139.95099297,35.765198559],[139.951706835,35.762759694],[139.951404034,35.760812748],[139.948667367,35.76117164],[139.946797367,35.76094664],[139.943726498,35.758385802],[139.941803722,35.758019973],[139.940579805,35.757144694],[139.94082703,35.756808306],[139.941942581,35.757493306],[139.944040117,35.757712468],[139.944824527,35.75722164],[139.945028975,35.756354973],[139.943480636,35.755350532],[139.94390978,35.754038027],[139.943601141,35.751300532],[139.944565032,35.750028027],[139.939652776,35.746720559],[139.938359468,35.748601946],[139.936834189,35.748805279],[139.937303087,35.749805559],[139.935857523,35.749015559],[139.933368911,35.748969441],[139.929745888,35.751510559],[139.929691167,35.752466108],[139.92883144,35.752542505],[139.929460895,35.753561387],[139.930013943,35.753273613],[139.930252023,35.754301946],[139.932239248,35.754688333],[139.931307588,35.757126108],[139.931555383,35.75982136],[139.929921777,35.759958865],[139.929329001,35.759380279],[139.928706226,35.759503613],[139.927849559,35.758626946],[139.928072335,35.758381108],[139.927191777,35.757863054],[139.921617613,35.757450279],[139.9232307,35.761622225],[139.918893748,35.762900559],[139.916052088,35.762737225],[139.913722361,35.763977775],[139.912393502,35.765318892],[139.912095162,35.764960838],[139.910227108,35.765399171],[139.909400169,35.766728054],[139.90615655,35.767246946],[139.903984306,35.765217225],[139.903382918,35.764057225],[139.901607056,35.758303613],[139.90142786,35.756734441],[139.901930078,35.755796135],[139.901236744,35.754935027],[139.900062309,35.75437336],[139.899645616,35.753444198],[139.898291997,35.753342532],[139.897176161,35.75242336],[139.895328392,35.752852802],[139.896142283,35.751767802],[139.894926161,35.750924748],[139.894083671,35.751002802],[139.892632827,35.752029198],[139.890443917,35.750275865],[139.89287808,35.748081973],[139.896661141,35.746705306],[139.898558911,35.745410027],[139.899450558,35.744385586],[139.900682776,35.741351135],[139.900885811,35.737457532],[139.89793856,35.731871694],[139.897262698,35.729278081],[139.897207977,35.726750306],[139.897982114,35.724289198],[139.904779585,35.718884748],[139.90812345,35.713862252],[139.913437328,35.710507775],[139.916210921,35.708001387],[139.916986446,35.703522775],[139.918908366,35.698274171],[139.913852529,35.690929721],[139.907153917,35.684383613],[139.903788638,35.683115838],[139.892045305,35.68164364],[139.889082503,35.680554198],[139.88694,35.679260027],[139.885623307,35.674861694],[139.885530778,35.672769468],[139.886070778,35.671136414],[139.887972166,35.671267252],[139.887827717,35.671980306],[139.888352438,35.672740865],[139.893299144,35.672633892],[139.893425253,35.671871667],[139.894666641,35.671586108],[139.895006641,35.670893054],[139.901683554,35.668363892],[139.902324669,35.667855838],[139.902211855,35.665987225],[139.918281971,35.655460532],[139.92080192,35.660529198],[139.930271051,35.666472667],[139.937163398,35.667271946],[139.937233554,35.66685527],[139.938279196,35.666976045],[139.937281453,35.666912279],[139.937222568,35.667243315],[139.941142503,35.667730847],[139.947636329,35.669549333],[139.945902127,35.672655018],[139.945092698,35.672958],[139.929835914,35.669456505],[139.92895022,35.67028464],[139.933210661,35.67311936],[139.93158153,35.674542559],[139.933081997,35.675734144],[139.935753411,35.673324],[139.936648054,35.673298721],[139.946743191,35.680982225],[139.953203528,35.671761532],[139.958101803,35.677397],[139.955977613,35.682129613],[139.955008301,35.682140946],[139.95575428,35.682594748],[139.953673606,35.687126333],[139.952396719,35.687483748],[139.954325188,35.689420586],[139.954772503,35.689305441],[139.959284864,35.679446748],[139.959883502,35.679349946],[139.963249442,35.681449703],[139.962113476,35.695647694],[139.961012672,35.701877721],[139.959835162,35.701936054],[139.959681699,35.703833973],[139.956916589,35.704057721],[139.9564838,35.704688279],[139.956197134,35.704229108],[139.955757134,35.704910225],[139.955481855,35.704463559],[139.95508131,35.704579667],[139.954986329,35.706195252],[139.954648275,35.706262198],[139.953255772,35.705352198],[139.950065772,35.706279973],[139.949542438,35.705579414],[139.949045772,35.70568664],[139.948495499,35.706082468],[139.949021336,35.707097748],[139.948321362,35.707388865],[139.94862192,35.707807468],[139.947984423,35.708046919],[139.947731089,35.707314973],[139.946754968,35.707977198],[139.94712358,35.708528306],[139.946549974,35.708728586],[139.946324695,35.70838636],[139.945153217,35.709325279],[139.941966615,35.70146136],[139.940711388,35.702181919],[139.938728029,35.702519135],[139.940465837,35.708575441],[139.94135834,35.710184441],[139.93940834,35.711025279],[139.942429196,35.715950838],[139.943909468,35.716063613],[139.943368366,35.718596667],[139.94396725,35.719014171],[139.945998612,35.715873892],[139.947770272,35.716091387],[139.948456394,35.715701667],[139.950864721,35.717218892],[139.952051115,35.718687505],[139.95416834,35.71878],[139.954783333,35.719503333],[139.957052218,35.719773892],[139.957907782,35.721924721],[139.956133333,35.722358333],[139.957479728,35.723534171],[139.957835863,35.725876667],[139.960219754,35.727714441],[139.961504254,35.732175],[139.961212607,35.734261108],[139.962202892,35.734910802],[139.963084578,35.735346081],[139.9642793,35.735238865],[139.969387613,35.733755532],[139.970071219,35.732952748],[139.971793995,35.732519108],[139.972935383,35.732940225],[139.973059857,35.734620225],[139.973570415,35.735168838],[139.976776278,35.735214108],[139.975399339,35.735724946],[139.973447691,35.739516613],[139.97282131,35.739781613],[139.972904669,35.742051892],[139.974754695,35.744218559],[139.972843087,35.748778],[139.972943671,35.749789387],[139.971992283,35.750192721],[139.971812827,35.751147441],[139.974825642,35.751610775],[139.974838145,35.753231306],[139.974127056,35.754182171],[139.973374527,35.753769387],[139.973389559,35.754657441],[139.971339001,35.754651613],[139.9710207,35.757501054],[139.972590169,35.759612694],[139.973941284,35.760111306],[139.974588249,35.761049919],[139.974449689,35.76588464],[139.975945058,35.773845441]]]},"properties":{"N03_001":"千葉県","N03_002":null,"N03_003":null,"N03_004":"市川市","N03_005":null,"N03_007":"12203"}},
{"type":"Feature","geometry":{"type":"Polygon","coordinates":[[[139.963694994,35.672261577],[139.962746044,35.680734072],[139.960538444,35.678970667],[139.960920272,35.675956892],[139.958528145,35.673111333],[139.963694994,35.672261577]]]},"properties":{"N03_001":"千葉県","N03_002":null,"N03_003":null,"N03_004":"市川市","N03_005":null,"N03_007":"12203"}},
{"type":"Feature","geometry":{"type":"Polygon","coordinates":[[[139.936020052,35.666877892],[139.932617613,35.666476027],[139.932718936,35.665882712],[139.93270393,35.66633918],[139.936433606,35.666779919],[139.936020052,35.666877892]]]},"properties":{"N03_001":"千葉県","N03_002":null,"N03_003":null,"N03_004":"市川市","N03_005":null,"N03_007":"12203"}},
{"type":"Feature","geometry":{"type":"Polygon","coordinates":[[[140.089557419,35.784002027],[140.085099663,35.787745081],[140.083159689,35.790227306],[140.082712776,35.791689532],[140.078700311,35.794277586],[140.07321703,35.798658135],[140.071208975,35.799728694],[140.070864254,35.799384802],[140.070449248,35.799631198],[140.069863139,35.798959802],[140.069445642,35.79906564],[140.068181193,35.796763973],[140.067427004,35.793002613],[140.067791115,35.789955667],[140.067203865,35.785343441],[140.066061336,35.782103198],[140.061770415,35.776287108],[140.057810117,35.774625441],[140.055229831,35.774625468],[140.051958418,35.772171306],[140.049255058,35.771089387],[140.045423113,35.770610802],[140.042554163,35.767982468],[140.039870246,35.766695279],[140.038631089,35.766709171],[140.037798612,35.768774721],[140.034447756,35.769074468],[140.030484449,35.771406973],[140.021033476,35.765489532],[140.022543774,35.765132027],[140.023901245,35.763909775],[140.025294578,35.763316721],[140.027707108,35.764649775],[140.02884489,35.764450613],[140.023979001,35.761693946],[140.0229662,35.760034775],[140.022586744,35.760034775],[140.022514553,35.762027865],[140.014383385,35.760820667],[140.013836135,35.759220667],[140.016073917,35.758294802],[140.015823359,35.757591748],[140.01898725,35.756829532],[140.019004475,35.756112306],[140.018026939,35.754644802],[140.013007419,35.750492586],[140.008393774,35.748179559],[140.007836783,35.744971225],[140.008002607,35.744126505],[140.008951777,35.743495946],[140.00792511,35.743712892],[140.006763969,35.742682892],[140.007860921,35.741429559],[140.008820636,35.741328171],[140.009799222,35.738882306],[140.012395914,35.740013135],[140.013450363,35.74008564],[140.013166161,35.739534532],[140.011962555,35.739395919],[140.009906978,35.738195081],[140.009178392,35.738523414],[140.008376719,35.740816225],[140.006432023,35.742461225],[140.006986744,35.743437892],[140.005650363,35.742799279],[140.002392581,35.74314236],[139.999455084,35.744079027],[139.993138911,35.741781838],[139.988450311,35.743809892],[139.987830856,35.745078225],[139.98536061,35.746693252],[139.984337523,35.746322414],[139.982851971,35.744852973],[139.985166161,35.747307694],[139.983061479,35.751161027],[139.983126226,35.752478532],[139.979175616,35.749680468],[139.972843087,35.748778],[139.974754695,35.744218559],[139.972904669,35.742051892],[139.97282131,35.739781613],[139.973447691,35.739516613],[139.975399339,35.735724946],[139.976776278,35.735214108],[139.973570415,35.735168838],[139.973059857,35.734620225],[139.972935383,35.732940225],[139.971793995,35.732519108],[139.970071219,35.732952748],[139.969387613,35.733755532],[139.9642793,35.735238865],[139.963084578,35.735346081],[139.962202892,35.734910802],[139.961212607,35.734261108],[139.961504254,35.732175],[139.960219754,35.727714441],[139.957835863,35.725876667],[139.957479728,35.723534171],[139.956133333,35.722358333],[139.957907782,35.721924721],[139.957052218,35.719773892],[139.954783333,35.719503333],[139.95416834,35.71878],[139.952051115,35.718687505],[139.950864721,35.717218892],[139.948456394,35.715701667],[139.947770272,35.716091387],[139.945998612,35.715873892],[139.94396725,35.719014171],[139.943368366,35.718596667],[139.943909468,35.716063613],[139.942429196,35.715950838],[139.93940834,35.711025279],[139.94135834,35.710184441],[139.940465837,35.708575441],[139.938728029,35.702519135],[139.940711388,35.702181919],[139.941966615,35.70146136],[139.945153217,35.709325279],[139.946324695,35.70838636],[139.946549974,35.708728586],[139.94712358,35.708528306],[139.946754968,35.707977198],[139.947731089,35.707314973],[139.947984423,35.708046919],[139.94862192,35.707807468],[139.948321362,35.707388865],[139.949021336,35.707097748],[139.948495499,35.706082468],[139.949045772,35.70568664],[139.949542438,35.705579414],[139.950065772,35.706279973],[139.953255772,35.705352198],[139.954648275,35.706262198],[139.954986329,35.706195252],[139.95508131,35.704579667],[139.955481855,35.704463559],[139.955757134,35.704910225],[139.956197134,35.704229108],[139.9564838,35.704688279],[139.956916589,35.704057721],[139.959681699,35.703833973],[139.959835162,35.701936054],[139.961012672,35.701877721],[139.962113476,35.695647694],[139.963249442,35.681449703],[139.964426978,35.681902532],[139.966950441,35.681659892],[139.967624501,35.683719505],[139.968331582,35.683386108],[139.968586368,35.682406514],[139.974256498,35.681943694],[139.975115551,35.683407387],[139.98296786,35.681610054],[139.985637198,35.68744536],[139.983293411,35.688705441],[139.983849831,35.689826414],[139.985790661,35.68917464],[139.985905058,35.689540721],[139.985703333,35.689263973],[139.983975279,35.689845108],[139.984505305,35.690900586],[139.986282724,35.69029064],[139.986166329,35.689933919],[139.986351505,35.690265306],[139.986176083,35.689935532],[139.986582309,35.689796919],[139.986834942,35.690297027],[139.988183606,35.689848468],[139.986101673,35.685404505],[139.986575447,35.685127721],[139.986470804,35.68415536],[139.986993087,35.684001919],[139.983819611,35.677134333],[139.991543995,35.674944973],[139.992006732,35.672288432],[139.984580947,35.671450135],[139.985868975,35.663835838],[140.001943463,35.665596135],[140.004930999,35.668807198],[140.002447134,35.671071667],[140.001343554,35.672968613],[140.000670506,35.672948333],[139.997807497,35.678935027],[139.998421388,35.679140865],[140.00100808,35.684304748],[140.006032023,35.690905027],[140.008806524,35.695423919],[140.01384511,35.692012225],[140.017650389,35.693749414],[140.017906226,35.693519135],[140.017420947,35.69288636],[140.019372049,35.691552198],[140.025589831,35.691537721],[140.02858594,35.690768252],[140.031027082,35.69300464],[140.031542672,35.695536892],[140.034042088,35.694420468],[140.035490441,35.696257694],[140.039189611,35.694932135],[140.0413238,35.696311306],[140.041806589,35.696149081],[140.041668521,35.695717135],[140.042899922,35.696087135],[140.043550143,35.692853225],[140.048195422,35.691936559],[140.049335422,35.691302108],[140.05073655,35.691912946],[140.053034112,35.696537108],[140.058469663,35.694499333],[140.059469105,35.693741559],[140.060104643,35.692255171],[140.059505473,35.691647387],[140.061472698,35.690917387],[140.060832672,35.690027108],[140.062309079,35.691122108],[140.06366131,35.690917387],[140.064014358,35.691992946],[140.063271894,35.693312387],[140.063941894,35.694312667],[140.063532724,35.694597667],[140.063607198,35.695642108],[140.06486192,35.696039892],[140.06318192,35.696497667],[140.063021673,35.698189333],[140.060754721,35.698055721],[140.059812776,35.699225748],[140.062436109,35.69963964],[140.061883411,35.704872973],[140.063695914,35.705026306],[140.063510117,35.706583252],[140.068489274,35.706933802],[140.068333748,35.708443252],[140.064385136,35.70944436],[140.064258495,35.710986586],[140.068157691,35.712683802],[140.070019663,35.714047414],[140.071715811,35.717121613],[140.062924449,35.720725775],[140.064468664,35.726368838],[140.067643502,35.734220225],[140.067566031,35.734828838],[140.065920752,35.736004387],[140.065682166,35.737484946],[140.066171894,35.738246892],[140.068762438,35.738158802],[140.069053281,35.739004081],[140.068413865,35.739448252],[140.068405525,35.740158802],[140.065947198,35.740567441],[140.06602192,35.741014108],[140.06438192,35.741759946],[140.06441834,35.742234946],[140.063911946,35.742384108],[140.064684163,35.743539108],[140.06447642,35.745645468],[140.065990636,35.748452973],[140.074341219,35.749512973],[140.074307886,35.751467135],[140.075036226,35.751579081],[140.075754578,35.753564054],[140.078762387,35.754672387],[140.078876278,35.755736279],[140.077861582,35.756477108],[140.077618807,35.757489054],[140.076119079,35.758114613],[140.074295499,35.759705441],[140.074036913,35.761841559],[140.081551089,35.761105721],[140.084549442,35.763524865],[140.086638586,35.76209264],[140.08601358,35.760601838],[140.086709974,35.760657108],[140.087449144,35.762045135],[140.089649974,35.762054306],[140.089417471,35.762495694],[140.086981362,35.762803198],[140.085099442,35.76435736],[140.084900272,35.765456252],[140.08601725,35.765771532],[140.085852802,35.767325135],[140.085299754,35.767332081],[140.084112283,35.769271532],[140.08551978,35.769319586],[140.085685616,35.769724586],[140.083714501,35.770731532],[140.084038145,35.771828468],[140.085355914,35.771504586],[140.087397588,35.773138441],[140.087905383,35.775173721],[140.085846524,35.777636225],[140.085810169,35.779901505],[140.087954916,35.783237586],[140.089557419,35.784002027]]]},"properties":{"N03_001":"千葉県","N03_002":null,"N03_003":null,"N03_004":"船橋市","N03_005":null,"N03_007":"12204"}},
{"type":"Feature","geometry":{"type":"Polygon","coordinates":[[[139.971993839,35.670896721],[139.979452023,35.669822027],[139.97871725,35.673240919],[139.971679585,35.674410108],[139.971233022,35.677082667],[139.978268975,35.675910441],[139.977664086,35.679503946],[139.971159857,35.680581775],[139.967448807,35.678969802],[139.963367808,35.679644946],[139.963239248,35.680764748],[139.962746044,35.680734072],[139.963694994,35.672261577],[139.971993839,35.670896721]]]},"properties":{"N03_001":"千葉県","N03_002":null,"N03_003":null,"N03_004":"船橋市","N03_005":null,"N03_007":"12204"}},
{"type":"Feature","geometry":{"type":"Polygon","coordinates":[[[139.994039079,35.755362108],[139.991628781,35.755206279],[139.990609027,35.753231279],[139.988891505,35.751744333],[139.985411505,35.751741586],[139.986351193,35.750076865],[139.985762581,35.749580748],[139.986833113,35.746929333],[139.989101141,35.744584613],[139.992786693,35.742399333],[139.995563087,35.742745694],[139.998131997,35.744059586],[139.996513995,35.747403468],[139.998364864,35.748971252],[139.998933748,35.748962919],[139.999532361,35.750585694],[139.997598197,35.75120764],[139.996222944,35.75218764],[139.994039079,35.755362108]]]},"properties":{"N03_001":"千葉県","N03_002":null,"N03_003":null,"N03_004":"船橋市","N03_005":null,"N03_007":"12204"}},
{"type":"Feature","geometry":{"type":"Polygon","coordinates":[[[139.981751219,35.75209964],[139.982581219,35.752562135],[139.977939274,35.75366436],[139.977969533,35.751708252],[139.979176615,35.750896054],[139.979350636,35.751521306],[139.980188495,35.751960973],[139.980701751,35.752056865],[139.980913411,35.751557694],[139.981751219,35.75209964]]]},"properties":{"N03_001":"千葉県","N03_002":null,"N03_003":null,"N03_004":"船橋市","N03_005":null,"N03_007":"12204"}},
{"type":"Feature","geometry":{"type":"Polygon","coordinates":[[[139.977079754,35.667149441],[139.976615888,35.667415613],[139.976984747,35.667133586],[139.976596446,35.666992279],[139.979847173,35.666367748],[139.980786057,35.66109564],[139.980120752,35.666352081],[139.977079754,35.667149441]]]},"properties":{"N03_001":"千葉県","N03_002":null,"N03_003":null,"N03_004":"船橋市","N03_005":null,"N03_007":"12204"}},
{"type":"Feature","geometry":{"type":"Polygon","coordinates":[[[139.980862335,35.660649279],[139.980313165,35.660404667],[139.980864721,35.660440135],[139.981592827,35.656181892],[139.980862335,35.660649279]]]},"properties":{"N03_001":"千葉県","N03_002":null,"N03_003":null,"N03_004":"船橋市","N03_005":null,"N03_007":"12204"}},
{"type":"Feature","geometry":{"type":"Polygon","coordinates":[[[139.824517393,34.911262207],[139.827129079,34.912477441],[139.828846861,34.912623279],[139.833490467,34.910669387],[139.839754358,34.911837441],[139.841351582,34.911704667],[139.843947134,34.913444135],[139.846729637,34.91428636],[139.847338521,34.914843865],[139.849766887,34.91513636],[139.850854358,34.914355802],[139.85267297,34.914677468],[139.853231336,34.916585252],[139.854279663,34.917088586],[139.856556057,34.919364694],[139.856131336,34.920319694],[139.856503554,34.921753027],[139.858317445,34.92229664],[139.858497445,34.923403865],[139.860191051,34.923552198],[139.862341051,34.923127198],[139.863642438,34.921604694],[139.86576856,34.92032164],[139.867149948,34.921516081],[139.868579105,34.921634694],[139.868965499,34.922314414],[139.870375227,34.921991919],[139.871194384,34.922340802],[139.871662724,34.923284973],[139.872616329,34.923182468],[139.874351582,34.922141333],[139.876409364,34.923472721],[139.877240752,34.923601613],[139.878620195,34.924823279],[139.8819938,34.923811613],[139.882671025,34.925661333],[139.883671025,34.925899108],[139.884514086,34.925413279],[139.885930752,34.926984081],[139.886737951,34.927142694],[139.887412698,34.928422135],[139.88837655,34.928818532],[139.888907419,34.930310468],[139.891454332,34.931161586],[139.893829339,34.935286306],[139.894653502,34.934938802],[139.895740441,34.933214333],[139.895267951,34.932899892],[139.895810726,34.931503495],[139.895529339,34.930055721],[139.896021803,34.929526279],[139.89536847,34.929236559],[139.89450153,34.927899333],[139.892511556,34.927171027],[139.892531556,34.926798802],[139.8940393,34.926401829],[139.893164578,34.926462946],[139.892662088,34.925511586],[139.893707639,34.924857946],[139.8956307,34.925429892],[139.895867912,34.924039613],[139.896586524,34.924089054],[139.897742361,34.925280441],[139.897761803,34.925641559],[139.896907367,34.926030441],[139.8975307,34.927370721],[139.899677639,34.927420162],[139.901517328,34.926328198],[139.901738444,34.927941532],[139.902673165,34.928735973],[139.904297056,34.928213748],[139.905191777,34.928826252],[139.905784838,34.92819736],[139.907256498,34.928602919],[139.907929831,34.928454],[139.908452581,34.927725667],[139.909894812,34.928552892],[139.911563696,34.928106225],[139.912713411,34.928693441],[139.9132362,34.928254829],[139.913999805,34.928594],[139.915129222,34.926742027],[139.915671997,34.927345919],[139.916878392,34.927594252],[139.918496446,34.927056468],[139.919345058,34.929312306],[139.92062144,34.929899802],[139.922786135,34.932428387],[139.923078106,34.934817],[139.923882283,34.934692829],[139.924817276,34.935520054],[139.925400337,34.936719775],[139.925400895,34.938197559],[139.926868949,34.940659775],[139.925087834,34.941640333],[139.924977302,34.942931162],[139.921976472,34.942684252],[139.919347886,34.943837586],[139.917314553,34.945332027],[139.916162892,34.945357892],[139.915311219,34.944739829],[139.912667639,34.944855667],[139.911466524,34.945560387],[139.911395966,34.945999],[139.909864306,34.946201532],[139.90803655,34.948277081],[139.90586655,34.947918198],[139.906399611,34.949656252],[139.90774655,34.950905414],[139.908320195,34.952854306],[139.907947691,34.955174306],[139.907288807,34.955041802],[139.907037419,34.954454586],[139.906374358,34.954644865],[139.906022412,34.954181532],[139.905268521,34.954189865],[139.905047419,34.953693198],[139.904323528,34.953966252],[139.903791051,34.956436532],[139.902926329,34.95789264],[139.903490506,34.960056532],[139.902716329,34.960929586],[139.904095525,34.966549586],[139.905944968,34.968038721],[139.906659416,34.970112054],[139.907353865,34.970828162],[139.907796667,34.974472892],[139.91011083,34.977041748],[139.910143891,34.979482027],[139.919239728,34.980550919],[139.921384721,34.982082829],[139.923359442,34.982563946],[139.924444721,34.983259225],[139.926559728,34.983591441],[139.927575006,34.983351441],[139.929105279,34.984008108],[139.929718638,34.985381441],[139.929826978,34.98764836],[139.931056978,34.98999364],[139.931088392,34.992247802],[139.931952555,34.993662532],[139.935335331,34.995339748],[139.935989533,34.997461414],[139.938242581,34.998638892],[139.940616744,35.001009441],[139.940687302,35.002837775],[139.942446226,35.003334721],[139.941170947,35.004659171],[139.937066783,35.006464441],[139.938677328,35.008333586],[139.935772918,35.012633865],[139.935807082,35.01358636],[139.934731803,35.014375252],[139.934560415,35.015564387],[139.933592633,35.015992721],[139.933152918,35.016747441],[139.935217912,35.019323559],[139.93678655,35.023279919],[139.936149339,35.023979081],[139.934242672,35.02409964],[139.933484617,35.026070468],[139.931929611,35.025703532],[139.930381556,35.024322694],[139.929152944,35.025332135],[139.928888495,35.024553802],[139.927343774,35.023468802],[139.927221284,35.021776027],[139.925893774,35.021256306],[139.923709585,35.019492721],[139.922180415,35.019116054],[139.920058755,35.017379108],[139.919134034,35.017379108],[139.918627082,35.017925775],[139.914928197,35.017029946],[139.913283748,35.017954108],[139.909564034,35.018094946],[139.909110973,35.018010505],[139.909504578,35.017330505],[139.907707912,35.017339667],[139.907575694,35.018142441],[139.904815136,35.018133279],[139.904090973,35.016156333],[139.903810415,35.01310164],[139.904546524,35.010405532],[139.903977912,35.009831387],[139.898789027,35.008621108],[139.898754034,35.008954171],[139.892418755,35.008558892],[139.889822633,35.008856387],[139.889706524,35.007764171],[139.887562088,35.007499198],[139.886582633,35.006107252],[139.884205694,35.005881694],[139.88362594,35.005468919],[139.882640415,35.00580836],[139.883191803,35.006749468],[139.882821803,35.007290586],[139.884747082,35.007504748],[139.8857607,35.009088613],[139.885594306,35.00948],[139.885116524,35.009319721],[139.884999027,35.010408613],[139.886369585,35.012994171],[139.8864807,35.015905252],[139.885863217,35.018838838],[139.884986278,35.020422441],[139.886747108,35.020497721],[139.888534332,35.019599387],[139.889897665,35.019824946],[139.891788223,35.019453279],[139.892877393,35.019825225],[139.890631829,35.023855748],[139.888283774,35.023493252],[139.887842387,35.022626054],[139.884602672,35.022141333],[139.883800999,35.022389387],[139.883486278,35.021955505],[139.881478781,35.022411613],[139.881465162,35.023138838],[139.882595447,35.023567171],[139.883109053,35.024880198],[139.88400655,35.02531436],[139.88350655,35.025861027],[139.884088807,35.026802135],[139.883215473,35.027308252],[139.883376304,35.028143532],[139.88430131,35.028870441],[139.883496861,35.031934613],[139.884362412,35.033633198],[139.883917134,35.035307081],[139.882122724,35.036140973],[139.881821336,35.036947081],[139.883465227,35.040779559],[139.881930778,35.041686775],[139.881862166,35.043231198],[139.880704384,35.044724532],[139.88164275,35.045671468],[139.881683865,35.047440892],[139.883026641,35.048202],[139.883471634,35.049154225],[139.883627756,35.050333667],[139.882581362,35.051166414],[139.883437471,35.052411694],[139.883245525,35.053240306],[139.884764137,35.054220279],[139.883238885,35.056402225],[139.881498612,35.056334441],[139.880128859,35.054294198],[139.878697198,35.053065586],[139.879978029,35.052665586],[139.880669974,35.051859748],[139.880615253,35.050890054],[139.87949192,35.049109225],[139.878041362,35.048189505],[139.876675499,35.046405081],[139.874635227,35.046595919],[139.873196887,35.045277027],[139.871047717,35.044537054],[139.871648833,35.043172613],[139.869532438,35.041335135],[139.869121336,35.039977081],[139.86683022,35.039295414],[139.865737691,35.038207387],[139.864087134,35.038156559],[139.863299364,35.038612946],[139.862096031,35.038149892],[139.861457134,35.035716279],[139.861986861,35.035118775],[139.861477691,35.034425748],[139.859010467,35.035115748],[139.855987977,35.033029919],[139.854470752,35.033106865],[139.853219364,35.032114108],[139.847011556,35.033343559],[139.846395447,35.032475505],[139.844819053,35.031803279],[139.837997108,35.03226136],[139.834709339,35.033383027],[139.833054734,35.032280108],[139.835693256,35.031233919],[139.837934578,35.028918432],[139.837976848,35.028144153],[139.837943126,35.028803766],[139.838597639,35.029128802],[139.839941855,35.028613459],[139.840825188,35.027592315],[139.84167463,35.025469297],[139.841259844,35.025496009],[139.842026952,35.025328099],[139.843313359,35.024099027],[139.843884747,35.024119171],[139.844663515,35.022911045],[139.844145201,35.023922901],[139.844451777,35.02435955],[139.843746563,35.025049775],[139.844150324,35.025379135],[139.844838898,35.025548279],[139.845135201,35.024681126],[139.844751505,35.024404414],[139.845155136,35.024618468],[139.845417743,35.024129486],[139.846009533,35.024279072],[139.845678833,35.025168856],[139.847203813,35.025547937],[139.847308301,35.025896261],[139.849149066,35.025345414],[139.848590182,35.02423073],[139.845808534,35.022668252],[139.848101193,35.023554054],[139.848295447,35.02332145],[139.849052062,35.024626505],[139.850713074,35.024160757],[139.850327691,35.023231036],[139.848271089,35.022511757],[139.847461492,35.022590189],[139.848369805,35.022405099],[139.850341907,35.02309509],[139.850919014,35.024298477],[139.850734371,35.023798],[139.852156615,35.022983676],[139.853167458,35.021774459],[139.852624527,35.021554225],[139.853177095,35.021756252],[139.854890493,35.01949155],[139.854546005,35.019202153],[139.856026018,35.016540468],[139.857509715,35.011412523],[139.85803454,35.01102136],[139.858279001,35.006004892],[139.857865901,35.005853613],[139.858255512,35.005857865],[139.858337121,35.004759216],[139.85782332,35.004494739],[139.858253891,35.004496369],[139.858292309,35.004037784],[139.858035512,35.003305387],[139.856933735,35.003110072],[139.857520078,35.003069577],[139.858248846,35.002319766],[139.858382931,35.000482622],[139.857868016,34.997873505],[139.856828508,34.997215],[139.856346757,34.997385288],[139.856392399,34.998013883],[139.85617856,34.997235135],[139.857842309,34.996898018],[139.857142283,34.994268559],[139.855719805,34.994579117],[139.857061505,34.994093243],[139.855160571,34.994612937],[139.857234332,34.99398936],[139.857078016,34.993639793],[139.855483567,34.99398509],[139.857005383,34.993597171],[139.856540973,34.992268396],[139.855475162,34.990431387],[139.854694864,34.990303523],[139.853746628,34.989249315],[139.853774319,34.988677414],[139.853437977,34.988940342],[139.852392438,34.988528811],[139.853246576,34.987885739],[139.852513411,34.987256811],[139.851433891,34.988151685],[139.85242642,34.987214811],[139.852030519,34.987039901],[139.850704825,34.988246631],[139.847982387,34.987778486],[139.850649715,34.98819345],[139.851982529,34.986988523],[139.851519663,34.986655135],[139.851228249,34.986924],[139.850147497,34.986115622],[139.849909416,34.986331649],[139.850376589,34.985874144],[139.849916278,34.98617145],[139.850230013,34.98576782],[139.848203035,34.985006694],[139.849239767,34.986091405],[139.848101336,34.985333135],[139.847429702,34.986104333],[139.841772944,34.986107838],[139.841880026,34.98887509],[139.842641453,34.989031622],[139.84250476,34.989145757],[139.843207173,34.989452378],[139.845508729,34.989545658],[139.843206628,34.989477802],[139.842916654,34.989349099],[139.841518521,34.991811757],[139.842118067,34.992047631],[139.840066706,34.99147109],[139.838063826,34.991420252],[139.837736498,34.991072297],[139.828978275,34.990920937],[139.828025097,34.989904036],[139.826498599,34.990450342],[139.826514851,34.991388243],[139.824075746,34.991604162],[139.823240947,34.991355198],[139.82387083,34.991315135],[139.823504553,34.991016712],[139.822608392,34.99100564],[139.823227639,34.990917532],[139.822805798,34.990859351],[139.823224034,34.990802595],[139.822941245,34.990466766],[139.823640713,34.990029523],[139.826523515,34.989911081],[139.82724013,34.988483541],[139.823356654,34.983000423],[139.824268846,34.981862108],[139.82264716,34.981770748],[139.823581777,34.981801748],[139.82368428,34.981003135],[139.821428794,34.979170865],[139.818620091,34.977975919],[139.817575422,34.97810173],[139.817433152,34.97869109],[139.816742659,34.978844973],[139.817343787,34.980314459],[139.816580921,34.979233486],[139.815783152,34.979163514],[139.815679209,34.978656955],[139.814673878,34.978165054],[139.813307756,34.978197739],[139.812458599,34.978682045],[139.813102931,34.979153541],[139.812497445,34.978791766],[139.812203852,34.979036279],[139.811503813,34.978868216],[139.811209468,34.978209901],[139.808811038,34.977272],[139.807788768,34.977205252],[139.807722322,34.978138901],[139.807441453,34.978281189],[139.807719429,34.977592243],[139.80581917,34.977296685],[139.805768781,34.977973955],[139.806847977,34.978841054],[139.807460337,34.978829739],[139.806800869,34.978881342],[139.80568214,34.97800918],[139.805735396,34.976617315],[139.802626278,34.975665694],[139.801407691,34.975779505],[139.796978625,34.973820072],[139.794182425,34.97347655],[139.793315266,34.973912847],[139.793371621,34.974244342],[139.792695188,34.973864865],[139.792506239,34.974581477],[139.793242361,34.974735333],[139.792457912,34.974634018],[139.792669572,34.973832405],[139.788831297,34.972945631],[139.786201297,34.972810946],[139.784091064,34.973604126],[139.783919961,34.973118072],[139.78248559,34.974376667],[139.782353969,34.97486945],[139.783553748,34.975452658],[139.783147704,34.97588755],[139.784977289,34.976224631],[139.783030947,34.975896423],[139.781749935,34.976654748],[139.781018742,34.976173586],[139.780161466,34.976237586],[139.779878625,34.975807721],[139.778984137,34.976183063],[139.779158988,34.975764315],[139.778515499,34.97534655],[139.776723359,34.975093766],[139.774237925,34.976255396],[139.774272062,34.976908982],[139.775188197,34.977421559],[139.774375305,34.977283955],[139.773970078,34.977723234],[139.77373716,34.977353604],[139.772757237,34.977369973],[139.771835383,34.976338045],[139.770816874,34.976836396],[139.771290895,34.976258252],[139.77084668,34.975818018],[139.770397523,34.975819676],[139.770153761,34.976351243],[139.769534086,34.975772532],[139.768951349,34.976435261],[139.768747328,34.975999108],[139.767700999,34.975806171],[139.767894786,34.975608216],[139.767504176,34.975811288],[139.767203684,34.975229405],[139.765775564,34.974782207],[139.764932996,34.974813288],[139.763673735,34.975970342],[139.761834241,34.975797991],[139.760645473,34.976321225],[139.761682892,34.975794387],[139.761495175,34.97553645],[139.76078166,34.975757883],[139.759666381,34.974557613],[139.75910275,34.974840694],[139.759511984,34.975874667],[139.759096161,34.975840243],[139.758534708,34.976602099],[139.75892192,34.977402486],[139.757664267,34.977738775],[139.756962516,34.977418676],[139.757204942,34.977837919],[139.756293243,34.977736559],[139.755351699,34.978281712],[139.754266342,34.978011739],[139.754649792,34.977886775],[139.754225279,34.977429541],[139.753734099,34.977516306],[139.754281958,34.977265955],[139.753629014,34.977219198],[139.754246537,34.976619667],[139.755280195,34.976653153],[139.75449083,34.975874396],[139.754952607,34.975727757],[139.754557276,34.97534527],[139.754865071,34.974950802],[139.754450882,34.974601847],[139.753606926,34.974930063],[139.753653346,34.974495036],[139.753153126,34.974302784],[139.753401089,34.973732586],[139.75292262,34.974159027],[139.753531167,34.972072604],[139.754108911,34.971694991],[139.754094332,34.972043216],[139.754822931,34.971830676],[139.754590791,34.971458036],[139.755379053,34.969986703],[139.754566459,34.969865468],[139.755682075,34.969644333],[139.755522698,34.969216297],[139.754758457,34.969395468],[139.754901375,34.968933468],[139.754208534,34.969677459],[139.754421569,34.969070721],[139.753985499,34.969400108],[139.754290156,34.969065315],[139.753686226,34.969154081],[139.754604384,34.968570063],[139.754109702,34.968595081],[139.754591479,34.967992757],[139.753092036,34.967547703],[139.753949209,34.967282423],[139.753716122,34.966889766],[139.75289799,34.966874171],[139.753608431,34.966594099],[139.753011025,34.966403225],[139.753590804,34.966020387],[139.753110597,34.965923883],[139.75366952,34.965927495],[139.753351881,34.965324919],[139.75399284,34.965309027],[139.7539231,34.964842459],[139.754431816,34.964781405],[139.75490834,34.963809018],[139.754646719,34.963694991],[139.755838236,34.963244297],[139.756024656,34.963676315],[139.756375694,34.963014667],[139.75755917,34.962594964],[139.757881958,34.962144874],[139.757076965,34.961822189],[139.75741476,34.961856108],[139.757281375,34.961512027],[139.758858612,34.96264382],[139.759015058,34.962313613],[139.758396887,34.961976081],[139.758985084,34.961682018],[139.758603982,34.961224009],[139.758374968,34.961634856],[139.757993826,34.961474423],[139.759201764,34.960492739],[139.758768729,34.959845748],[139.758196757,34.960019027],[139.758352218,34.959684667],[139.760736044,34.959061577],[139.760602594,34.959283441],[139.76142546,34.959051162],[139.762070376,34.959347865],[139.763515084,34.958880207],[139.764800363,34.957983964],[139.766783515,34.958350793],[139.766831089,34.95801809],[139.768676641,34.95779173],[139.768824514,34.957310685],[139.768190389,34.956516955],[139.768786757,34.956036694],[139.768458612,34.955737324],[139.769197354,34.955762144],[139.770058949,34.954944324],[139.770715577,34.955093586],[139.771119157,34.954535955],[139.771404851,34.955233036],[139.771723995,34.954978622],[139.771513204,34.955434847],[139.772003281,34.955174748],[139.772074942,34.955549162],[139.772603307,34.955471721],[139.772482905,34.954978739],[139.771719961,34.95480436],[139.773482763,34.95518982],[139.77328022,34.954852207],[139.773879468,34.954726559],[139.774005577,34.955060351],[139.774085863,34.954720441],[139.77469035,34.954921586],[139.77454131,34.955241991],[139.774772179,34.954856811],[139.775150584,34.955019613],[139.774804786,34.95520191],[139.775081323,34.955576874],[139.775203554,34.955209676],[139.775659053,34.955524324],[139.776565629,34.955274955],[139.776887237,34.955555468],[139.776557977,34.955721811],[139.777455992,34.955980144],[139.777419702,34.95556518],[139.777798262,34.95584427],[139.778495058,34.955402135],[139.7788769,34.956011261],[139.778775694,34.955727072],[139.779640104,34.95614655],[139.780516329,34.955574856],[139.780751038,34.954627144],[139.782402905,34.954718802],[139.793519196,34.95125018],[139.809919027,34.944409775],[139.815897484,34.940964865],[139.820042516,34.937822099],[139.825348923,34.932248063],[139.827454929,34.92723845],[139.826838521,34.925010856],[139.825136304,34.924963063],[139.82686537,34.924720306],[139.826447458,34.924904369],[139.827577886,34.925023874],[139.827682464,34.924404288],[139.825426446,34.92398155],[139.825320311,34.924679829],[139.82603275,34.924667342],[139.825036939,34.924738045],[139.825469767,34.923058514],[139.822677523,34.920643405],[139.823104669,34.92095464],[139.824594397,34.919738378],[139.824683126,34.920078243],[139.823248482,34.920943018],[139.824214514,34.921612541],[139.82484476,34.920199595],[139.825769429,34.919615225],[139.82457096,34.918791189],[139.824687808,34.918140955],[139.82427476,34.918139207],[139.824492931,34.918807946],[139.824043476,34.919434171],[139.823508703,34.919480018],[139.824097626,34.918591919],[139.822976368,34.916819874],[139.823258742,34.915769126],[139.822682905,34.915405955],[139.823326511,34.91557955],[139.822482879,34.914351018],[139.823218067,34.914643973],[139.822770052,34.914323189],[139.82335,34.914097775],[139.823058703,34.913924667],[139.823472581,34.914105541],[139.823145331,34.914286892],[139.823633761,34.914237171],[139.823351686,34.913754937],[139.823959611,34.913891018],[139.824791634,34.913215144],[139.825096641,34.912112018],[139.824517393,34.911262207]]]},"properties":{"N03_001":"千葉県","N03_002":null,"N03_003":null,"N03_004":"館山市","N03_005":null,"N03_007":"12205"}},
{"type":"Feature","geometry":{"type":"Polygon","coordinates":[[[139.838626252,35.024966387],[139.83796847,35.024833333],[139.837975694,35.024296108],[139.838892918,35.024718333],[139.838626252,35.024966387]]]},"properties":{"N03_001":"千葉県","N03_002":null,"N03_003":null,"N03_004":"館山市","N03_005":null,"N03_007":"12205"}},
{"type":"Feature","geometry":{"type":"Polygon","coordinates":[[[139.754147691,34.963808694],[139.754516589,34.963313135],[139.755673528,34.963051468],[139.754147691,34.963808694]]]},"properties":{"N03_001":"千葉県","N03_002":null,"N03_003":null,"N03_004":"館山市","N03_005":null,"N03_007":"12205"}},
{"type":"Feature","geometry":{"type":"Polygon","coordinates":[[[139.753098249,34.972196198],[139.75260214,34.972803694],[139.752367977,34.972023135],[139.753098249,34.972196198]]]},"properties":{"N03_001":"千葉県","N03_002":null,"N03_003":null,"N03_004":"館山市","N03_005":null,"N03_007":"12205"}},
{"type":"Feature","geometry":null,"properties":{"N03_001":"千葉県","N03_002":null,"N03_003":null,"N03_004":"館山市","N03_005":null,"N03_007":"12205"}},
{"type":"Feature","geometry":{"type":"Polygon","coordinates":[[[139.772812412,34.954022054],[139.77275131,34.954499559],[139.772286031,34.954056495],[139.772678807,34.953732892],[139.772812412,34.954022054]]]},"properties":{"N03_001":"千葉県","N03_002":null,"N03_003":null,"N03_004":"館山市","N03_005":null,"N03_007":"12205"}},
{"type":"Feature","geometry":{"type":"Polygon","coordinates":[[[139.764182412,34.958306342],[139.76350166,34.95831118],[139.764728016,34.957814982],[139.764182412,34.958306342]]]},"properties":{"N03_001":"千葉県","N03_002":null,"N03_003":null,"N03_004":"館山市","N03_005":null,"N03_007":"12205"}},
{"type":"Feature","geometry":{"type":"Polygon","coordinates":[[[139.757346031,34.959512027],[139.757046589,34.95947036],[139.757868807,34.959048414],[139.757346031,34.959512027]]]},"properties":{"N03_001":"千葉県","N03_002":null,"N03_003":null,"N03_004":"館山市","N03_005":null,"N03_007":"12205"}},
{"type":"Feature","geometry":null,"properties":{"N03_001":"千葉県","N03_002":null,"N03_003":null,"N03_004":"館山市","N03_005":null,"N03_007":"12205"}},
{"type":"Feature","geometry":null,"properties":{"N03_001":"千葉県","N03_002":null,"N03_003":null,"N03_004":"館山市","N03_005":null,"N03_007":"12205"}},
{"type":"Feature","geometry":{"type":"Polygon","coordinates":[[[139.75797476,34.959577162],[139.758088755,34.959214207],[139.75864358,34.959219685],[139.75797476,34.959577162]]]},"properties":{"N03_001":"千葉県","N03_002":null,"N03_003":null,"N03_004":"館山市","N03_005":null,"N03_007":"12205"}},
{"type":"Feature","geometry":null,"properties":{"N03_001":"千葉県","N03_002":null,"N03_003":null,"N03_004":"館山市","N03_005":null,"N03_007":"12205"}},
{"type":"Feature","geometry":{"type":"Polygon","coordinates":[[[139.754369637,34.964299162],[139.75397441,34.964203081],[139.754695123,34.96380536],[139.754369637,34.964299162]]]},"properties":{"N03_001":"千葉県","N03_002":null,"N03_003":null,"N03_004":"館山市","N03_005":null,"N03_007":"12205"}},
{"type":"Feature","geometry":null,"properties":{"N03_001":"千葉県","N03_002":null,"N03_003":null,"N03_004":"館山市","N03_005":null,"N03_007":"12205"}},
{"type":"Feature","geometry":null,"properties":{"N03_001":"千葉県","N03_002":null,"N03_003":null,"N03_004":"館山市","N03_005":null,"N03_007":"12205"}},
{"type":"Feature","geometry":{"type":"Polygon","coordinates":[[[139.758145123,34.959714378],[139.757810052,34.959719135],[139.758817808,34.959332207],[139.758145123,34.959714378]]]},"properties":{"N03_001":"千葉県","N03_002":null,"N03_003":null,"N03_004":"館山市","N03_005":null,"N03_007":"12205"}},
{"type":"Feature","geometry":null,"properties":{"N03_001":"千葉県","N03_002":null,"N03_003":null,"N03_004":"館山市","N03_005":null,"N03_007":"12205"}},
{"type":"Feature","geometry":{"type":"Polygon","coordinates":[[[139.758793995,34.959143153],[139.758489844,34.959104207],[139.75963415,34.958817514],[139.758793995,34.959143153]]]},"properties":{"N03_001":"千葉県","N03_002":null,"N03_003":null,"N03_004":"館山市","N03_005":null,"N03_007":"12205"}},
{"type":"Feature","geometry":null,"properties":{"N03_001":"千葉県","N03_002":null,"N03_003":null,"N03_004":"館山市","N03_005":null,"N03_007":"12205"}},
{"type":"Feature","geometry":null,"properties":{"N03_001":"千葉県","N03_002":null,"N03_003":null,"N03_004":"館山市","N03_005":null,"N03_007":"12205"}},
{"type":"Feature","geometry":null,"properties":{"N03_001":"千葉県","N03_002":null,"N03_003":null,"N03_004":"館山市","N03_005":null,"N03_007":"12205"}},
{"type":"Feature","geometry":null,"properties":{"N03_001":"千葉県","N03_002":null,"N03_003":null,"N03_004":"館山市","N03_005":null,"N03_007":"12205"}},
{"type":"Feature","geometry":null,"properties":{"N03_001":"千葉県","N03_002":null,"N03_003":null,"N03_004":"館山市","N03_005":null,"N03_007":"12205"}},
{"type":"Feature","geometry":null,"properties":{"N03_001":"千葉県","N03_002":null,"N03_003":null,"N03_004":"館山市","N03_005":null,"N03_007":"12205"}},
{"type":"Feature","geometry":null,"properties":{"N03_001":"千葉県","N03_002":null,"N03_003":null,"N03_004":"館山市","N03_005":null,"N03_007":"12205"}},
{"type":"Feature","geometry":null,"properties":{"N03_001":"千葉県","N03_002":null,"N03_003":null,"N03_004":"館山市","N03_005":null,"N03_007":"12205"}},
{"type":"Feature","geometry":null,"properties":{"N03_001":"千葉県","N03_002":null,"N03_003":null,"N03_004":"館山市","N03_005":null,"N03_007":"12205"}},
{"type":"Feature","geometry":null,"properties":{"N03_001":"千葉県","N03_002":null,"N03_003":null,"N03_004":"館山市","N03_005":null,"N03_007":"12205"}},
{"type":"Feature","geometry":null,"properties":{"N03_001":"千葉県","N03_002":null,"N03_003":null,"N03_004":"館山市","N03_005":null,"N03_007":"12205"}},
{"type":"Feature","geometry":null,"properties":{"N03_001":"千葉県","N03_002":null,"N03_003":null,"N03_004":"館山市","N03_005":null,"N03_007":"12205"}},
{"type":"Feature","geometry":{"type":"Polygon","coordinates":[[[139.769901362,34.954832099],[139.769680973,34.955085207],[139.769517873,34.954733],[139.769901362,34.954832099]]]},"properties":{"N03_001":"千葉県","N03_002":null,"N03_003":null,"N03_004":"館山市","N03_005":null,"N03_007":"12205"}},
{"type":"Feature","geometry":null,"properties":{"N03_001":"千葉県","N03_002":null,"N03_003":null,"N03_004":"館山市","N03_005":null,"N03_007":"12205"}},
{"type":"Feature","geometry":null,"properties":{"N03_001":"千葉県","N03_002":null,"N03_003":null,"N03_004":"館山市","N03_005":null,"N03_007":"12205"}},
{"type":"Feature","geometry":null,"properties":{"N03_001":"千葉県","N03_002":null,"N03_003":null,"N03_004":"館山市","N03_005":null,"N03_007":"12205"}},
{"type":"Feature","geometry":null,"properties":{"N03_001":"千葉県","N03_002":null,"N03_003":null,"N03_004":"館山市","N03_005":null,"N03_007":"12205"}},
{"type":"Feature","geometry":null,"properties":{"N03_001":"千葉県","N03_002":null,"N03_003":null,"N03_004":"館山市","N03_005":null,"N03_007":"12205"}},
{"type":"Feature","geometry":null,"properties":{"N03_001":"千葉県","N03_002":null,"N03_003":null,"N03_004":"館山市","N03_005":null,"N03_007":"12205"}},
{"type":"Feature","geometry":null,"properties":{"N03_001":"千葉県","N03_002":null,"N03_003":null,"N03_004":"館山市","N03_005":null,"N03_007":"12205"}},
{"type":"Feature","geometry":{"type":"Polygon","coordinates":[[[139.768027795,34.955944613],[139.767710117,34.955860874],[139.768230973,34.955731072],[139.768027795,34.955944613]]]},"properties":{"N03_001":"千葉県","N03_002":null,"N03_003":null,"N03_004":"館山市","N03_005":null,"N03_007":"12205"}},
{"type":"Feature","geometry":null,"properties":{"N03_001":"千葉県","N03_002":null,"N03_003":null,"N03_004":"館山市","N03_005":null,"N03_007":"12205"}},
{"type":"Feature","geometry":null,"properties":{"N03_001":"千葉県","N03_002":null,"N03_003":null,"N03_004":"館山市","N03_005":null,"N03_007":"12205"}},
{"type":"Feature","geometry":null,"properties":{"N03_001":"千葉県","N03_002":null,"N03_003":null,"N03_004":"館山市","N03_005":null,"N03_007":"12205"}},
{"type":"Feature","geometry":null,"properties":{"N03_001":"千葉県","N03_002":null,"N03_003":null,"N03_004":"館山市","N03_005":null,"N03_007":"12205"}},
{"type":"Feature","geometry":null,"properties":{"N03_001":"千葉県","N03_002":null,"N03_003":null,"N03_004":"館山市","N03_005":null,"N03_007":"12205"}},
{"type":"Feature","geometry":null,"properties":{"N03_001":"千葉県","N03_002":null,"N03_003":null,"N03_004":"館山市","N03_005":null,"N03_007":"12205"}},
{"type":"Feature","geometry":{"type":"Polygon","coordinates":[[[139.763088171,34.958851288],[139.762704267,34.958721432],[139.763252166,34.95863809],[139.763088171,34.958851288]]]},"properties":{"N03_001":"千葉県","N03_002":null,"N03_003":null,"N03_004":"館山市","N03_005":null,"N03_007":"12205"}},
{"type":"Feature","geometry":null,"properties":{"N03_001":"千葉県","N03_002":null,"N03_003":null,"N03_004":"館山市","N03_005":null,"N03_007":"12205"}},
{"type":"Feature","geometry":null,"properties":{"N03_001":"千葉県","N03_002":null,"N03_003":null,"N03_004":"館山市","N03_005":null,"N03_007":"12205"}},
{"type":"Feature","geometry":null,"properties":{"N03_001":"千葉県","N03_002":null,"N03_003":null,"N03_004":"館山市","N03_005":null,"N03_007":"12205"}},
{"type":"Feature","geometry":null,"properties":{"N03_001":"千葉県","N03_002":null,"N03_003":null,"N03_004":"館山市","N03_005":null,"N03_007":"12205"}},
{"type":"Feature","geometry":null,"properties":{"N03_001":"千葉県","N03_002":null,"N03_003":null,"N03_004":"館山市","N03_005":null,"N03_007":"12205"}},
{"type":"Feature","geometry":null,"properties":{"N03_001":"千葉県","N03_002":null,"N03_003":null,"N03_004":"館山市","N03_005":null,"N03_007":"12205"}},
{"type":"Feature","geometry":null,"properties":{"N03_001":"千葉県","N03_002":null,"N03_003":null,"N03_004":"館山市","N03_005":null,"N03_007":"12205"}},
{"type":"Feature","geometry":null,"properties":{"N03_001":"千葉県","N03_002":null,"N03_003":null,"N03_004":"館山市","N03_005":null,"N03_007":"12205"}},
{"type":"Feature","geometry":null,"properties":{"N03_001":"千葉県","N03_002":null,"N03_003":null,"N03_004":"館山市","N03_005":null,"N03_007":"12205"}},
{"type":"Feature","geometry":null,"properties":{"N03_001":"千葉県","N03_002":null,"N03_003":null,"N03_004":"館山市","N03_005":null,"N03_007":"12205"}},
{"type":"Feature","geometry":null,"properties":{"N03_001":"千葉県","N03_002":null,"N03_003":null,"N03_004":"館山市","N03_005":null,"N03_007":"12205"}},
{"type":"Feature","geometry":null,"properties":{"N03_001":"千葉県","N03_002":null,"N03_003":null,"N03_004":"館山市","N03_005":null,"N03_007":"12205"}},
{"type":"Feature","geometry":null,"properties":{"N03_001":"千葉県","N03_002":null,"N03_003":null,"N03_004":"館山市","N03_005":null,"N03_007":"12205"}},
{"type":"Feature","geometry":null,"properties":{"N03_001":"千葉県","N03_002":null,"N03_003":null,"N03_004":"館山市","N03_005":null,"N03_007":"12205"}},
{"type":"Feature","geometry":null,"properties":{"N03_001":"千葉県","N03_002":null,"N03_003":null,"N03_004":"館山市","N03_005":null,"N03_007":"12205"}},
{"type":"Feature","geometry":null,"properties":{"N03_001":"千葉県","N03_002":null,"N03_003":null,"N03_004":"館山市","N03_005":null,"N03_007":"12205"}},
{"type":"Feature","geometry":null,"properties":{"N03_001":"千葉県","N03_002":null,"N03_003":null,"N03_004":"館山市","N03_005":null,"N03_007":"12205"}},
{"type":"Feature","geometry":null,"properties":{"N03_001":"千葉県","N03_002":null,"N03_003":null,"N03_004":"館山市","N03_005":null,"N03_007":"12205"}},
{"type":"Feature","geometry":null,"properties":{"N03_001":"千葉県","N03_002":null,"N03_003":null,"N03_004":"館山市","N03_005":null,"N03_007":"12205"}},
{"type":"Feature","geometry":null,"properties":{"N03_001":"千葉県","N03_002":null,"N03_003":null,"N03_004":"館山市","N03_005":null,"N03_007":"12205"}},
{"type":"Feature","geometry":null,"properties":{"N03_001":"千葉県","N03_002":null,"N03_003":null,"N03_004":"館山市","N03_005":null,"N03_007":"12205"}},
{"type":"Feature","geometry":null,"properties":{"N03_001":"千葉県","N03_002":null,"N03_003":null,"N03_004":"館山市","N03_005":null,"N03_007":"12205"}},
{"type":"Feature","geometry":null,"properties":{"N03_001":"千葉県","N03_002":null,"N03_003":null,"N03_004":"館山市","N03_005":null,"N03_007":"12205"}},
{"type":"Feature","geometry":null,"properties":{"N03_001":"千葉県","N03_002":null,"N03_003":null,"N03_004":"館山市","N03_005":null,"N03_007":"12205"}},
{"type":"Feature","geometry":null,"properties":{"N03_001":"千葉県","N03_002":null,"N03_003":null,"N03_004":"館山市","N03_005":null,"N03_007":"12205"}},
{"type":"Feature","geometry":null,"properties":{"N03_001":"千葉県","N03_002":null,"N03_003":null,"N03_004":"館山市","N03_005":null,"N03_007":"12205"}},
{"type":"Feature","geometry":null,"properties":{"N03_001":"千葉県","N03_002":null,"N03_003":null,"N03_004":"館山市","N03_005":null,"N03_007":"12205"}},
{"type":"Feature","geometry":null,"properties":{"N03_001":"千葉県","N03_002":null,"N03_003":null,"N03_004":"館山市","N03_005":null,"N03_007":"12205"}},
{"type":"Feature","geometry":null,"properties":{"N03_001":"千葉県","N03_002":null,"N03_003":null,"N03_004":"館山市","N03_005":null,"N03_007":"12205"}},
{"type":"Feature","geometry":null,"properties":{"N03_001":"千葉県","N03_002":null,"N03_003":null,"N03_004":"館山市","N03_005":null,"N03_007":"12205"}},
{"type":"Feature","geometry":null,"properties":{"N03_001":"千葉県","N03_002":null,"N03_003":null,"N03_004":"館山市","N03_005":null,"N03_007":"12205"}},
{"type":"Feature","geometry":null,"properties":{"N03_001":"千葉県","N03_002":null,"N03_003":null,"N03_004":"館山市","N03_005":null,"N03_007":"12205"}},
{"type":"Feature","geometry":null,"properties":{"N03_001":"千葉県","N03_002":null,"N03_003":null,"N03_004":"館山市","N03_005":null,"N03_007":"12205"}},
{"type":"Feature","geometry":null,"properties":{"N03_001":"千葉県","N03_002":null,"N03_003":null,"N03_004":"館山市","N03_005":null,"N03_007":"12205"}},
{"type":"Feature","geometry":null,"properties":{"N03_001":"千葉県","N03_002":null,"N03_003":null,"N03_004":"館山市","N03_005":null,"N03_007":"12205"}},
{"type":"Feature","geometry":null,"properties":{"N03_001":"千葉県","N03_002":null,"N03_003":null,"N03_004":"館山市","N03_005":null,"N03_007":"12205"}},
{"type":"Feature","geometry":null,"properties":{"N03_001":"千葉県","N03_002":null,"N03_003":null,"N03_004":"館山市","N03_005":null,"N03_007":"12205"}},
{"type":"Feature","geometry":null,"properties":{"N03_001":"千葉県","N03_002":null,"N03_003":null,"N03_004":"館山市","N03_005":null,"N03_007":"12205"}},
{"type":"Feature","geometry":null,"properties":{"N03_001":"千葉県","N03_002":null,"N03_003":null,"N03_004":"館山市","N03_005":null,"N03_007":"12205"}},
{"type":"Feature","geometry":null,"properties":{"N03_001":"千葉県","N03_002":null,"N03_003":null,"N03_004":"館山市","N03_005":null,"N03_007":"12205"}},
{"type":"Feature","geometry":null,"properties":{"N03_001":"千葉県","N03_002":null,"N03_003":null,"N03_004":"館山市","N03_005":null,"N03_007":"12205"}},
{"type":"Feature","geometry":null,"properties":{"N03_001":"千葉県","N03_002":null,"N03_003":null,"N03_004":"館山市","N03_005":null,"N03_007":"12205"}},
{"type":"Feature","geometry":null,"properties":{"N03_001":"千葉県","N03_002":null,"N03_003":null,"N03_004":"館山市","N03_005":null,"N03_007":"12205"}},
{"type":"Feature","geometry":null,"properties":{"N03_001":"千葉県","N03_002":null,"N03_003":null,"N03_004":"館山市","N03_005":null,"N03_007":"12205"}},
{"type":"Feature","geometry":null,"properties":{"N03_001":"千葉県","N03_002":null,"N03_003":null,"N03_004":"館山市","N03_005":null,"N03_007":"12205"}},
{"type":"Feature","geometry":null,"properties":{"N03_001":"千葉県","N03_002":null,"N03_003":null,"N03_004":"館山市","N03_005":null,"N03_007":"12205"}},
{"type":"Feature","geometry":null,"properties":{"N03_001":"千葉県","N03_002":null,"N03_003":null,"N03_004":"館山市","N03_005":null,"N03_007":"12205"}},
{"type":"Feature","geometry":null,"properties":{"N03_001":"千葉県","N03_002":null,"N03_003":null,"N03_004":"館山市","N03_005":null,"N03_007":"12205"}},
{"type":"Feature","geometry":null,"properties":{"N03_001":"千葉県","N03_002":null,"N03_003":null,"N03_004":"館山市","N03_005":null,"N03_007":"12205"}},
{"type":"Feature","geometry":null,"properties":{"N03_001":"千葉県","N03_002":null,"N03_003":null,"N03_004":"館山市","N03_005":null,"N03_007":"12205"}},
{"type":"Feature","geometry":null,"properties":{"N03_001":"千葉県","N03_002":null,"N03_003":null,"N03_004":"館山市","N03_005":null,"N03_007":"12205"}},
{"type":"Feature","geometry":null,"properties":{"N03_001":"千葉県","N03_002":null,"N03_003":null,"N03_004":"館山市","N03_005":null,"N03_007":"12205"}},
{"type":"Feature","geometry":null,"properties":{"N03_001":"千葉県","N03_002":null,"N03_003":null,"N03_004":"館山市","N03_005":null,"N03_007":"12205"}},
{"type":"Feature","geometry":null,"properties":{"N03_001":"千葉県","N03_002":null,"N03_003":null,"N03_004":"館山市","N03_005":null,"N03_007":"12205"}},
{"type":"Feature","geometry":null,"properties":{"N03_001":"千葉県","N03_002":null,"N03_003":null,"N03_004":"館山市","N03_005":null,"N03_007":"12205"}},
{"type":"Feature","geometry":null,"properties":{"N03_001":"千葉県","N03_002":null,"N03_003":null,"N03_004":"館山市","N03_005":null,"N03_007":"12205"}},
{"type":"Feature","geometry":null,"properties":{"N03_001":"千葉県","N03_002":null,"N03_003":null,"N03_004":"館山市","N03_005":null,"N03_007":"12205"}},
{"type":"Feature","geometry":null,"properties":{"N03_001":"千葉県","N03_002":null,"N03_003":null,"N03_004":"館山市","N03_005":null,"N03_007":"12205"}},
{"type":"Feature","geometry":null,"properties":{"N03_001":"千葉県","N03_002":null,"N03_003":null,"N03_004":"館山市","N03_005":null,"N03_007":"12205"}},
{"type":"Feature","geometry":null,"properties":{"N03_001":"千葉県","N03_002":null,"N03_003":null,"N03_004":"館山市","N03_005":null,"N03_007":"12205"}},
{"type":"Feature","geometry":null,"properties":{"N03_001":"千葉県","N03_002":null,"N03_003":null,"N03_004":"館山市","N03_005":null,"N03_007":"12205"}},
{"type":"Feature","geometry":null,"properties":{"N03_001":"千葉県","N03_002":null,"N03_003":null,"N03_004":"館山市","N03_005":null,"N03_007":"12205"}},
{"type":"Feature","geometry":null,"properties":{"N03_001":"千葉県","N03_002":null,"N03_003":null,"N03_004":"館山市","N03_005":null,"N03_007":"12205"}},
{"type":"Feature","geometry":null,"properties":{"N03_001":"千葉県","N03_002":null,"N03_003":null,"N03_004":"館山市","N03_005":null,"N03_007":"12205"}},
{"type":"Feature","geometry":null,"properties":{"N03_001":"千葉県","N03_002":null,"N03_003":null,"N03_004":"館山市","N03_005":null,"N03_007":"12205"}},
{"type":"Feature","geometry":null,"properties":{"N03_001":"千葉県","N03_002":null,"N03_003":null,"N03_004":"館山市","N03_005":null,"N03_007":"12205"}},
{"type":"Feature","geometry":null,"properties":{"N03_001":"千葉県","N03_002":null,"N03_003":null,"N03_004":"館山市","N03_005":null,"N03_007":"12205"}},
{"type":"Feature","geometry":null,"properties":{"N03_001":"千葉県","N03_002":null,"N03_003":null,"N03_004":"館山市","N03_005":null,"N03_007":"12205"}},
{"type":"Feature","geometry":null,"properties":{"N03_001":"千葉県","N03_002":null,"N03_003":null,"N03_004":"館山市","N03_005":null,"N03_007":"12205"}},
{"type":"Feature","geometry":null,"properties":{"N03_001":"千葉県","N03_002":null,"N03_003":null,"N03_004":"館山市","N03_005":null,"N03_007":"12205"}},
{"type":"Feature","geometry":null,"properties":{"N03_001":"千葉県","N03_002":null,"N03_003":null,"N03_004":"館山市","N03_005":null,"N03_007":"12205"}},
{"type":"Feature","geometry":null,"properties":{"N03_001":"千葉県","N03_002":null,"N03_003":null,"N03_004":"館山市","N03_005":null,"N03_007":"12205"}},
{"type":"Feature","geometry":null,"properties":{"N03_001":"千葉県","N03_002":null,"N03_003":null,"N03_004":"館山市","N03_005":null,"N03_007":"12205"}},
{"type":"Feature","geometry":null,"properties":{"N03_001":"千葉県","N03_002":null,"N03_003":null,"N03_004":"館山市","N03_005":null,"N03_007":"12205"}},
{"type":"Feature","geometry":null,"properties":{"N03_001":"千葉県","N03_002":null,"N03_003":null,"N03_004":"館山市","N03_005":null,"N03_007":"12205"}},
{"type":"Feature","geometry":null,"properties":{"N03_001":"千葉県","N03_002":null,"N03_003":null,"N03_004":"館山市","N03_005":null,"N03_007":"12205"}},
{"type":"Feature","geometry":null,"properties":{"N03_001":"千葉県","N03_002":null,"N03_003":null,"N03_004":"館山市","N03_005":null,"N03_007":"12205"}},
{"type":"Feature","geometry":null,"properties":{"N03_001":"千葉県","N03_002":null,"N03_003":null,"N03_004":"館山市","N03_005":null,"N03_007":"12205"}},
{"type":"Feature","geometry":null,"properties":{"N03_001":"千葉県","N03_002":null,"N03_003":null,"N03_004":"館山市","N03_005":null,"N03_007":"12205"}},
{"type":"Feature","geometry":null,"properties":{"N03_001":"千葉県","N03_002":null,"N03_003":null,"N03_004":"館山市","N03_005":null,"N03_007":"12205"}},
{"type":"Feature","geometry":null,"properties":{"N03_001":"千葉県","N03_002":null,"N03_003":null,"N03_004":"館山市","N03_005":null,"N03_007":"12205"}},
{"type":"Feature","geometry":null,"properties":{"N03_001":"千葉県","N03_002":null,"N03_003":null,"N03_004":"館山市","N03_005":null,"N03_007":"12205"}},
{"type":"Feature","geometry":null,"properties":{"N03_001":"千葉県","N03_002":null,"N03_003":null,"N03_004":"館山市","N03_005":null,"N03_007":"12205"}},
{"type":"Feature","geometry":null,"properties":{"N03_001":"千葉県","N03_002":null,"N03_003":null,"N03_004":"館山市","N03_005":null,"N03_007":"12205"}},
{"type":"Feature","geometry":null,"properties":{"N03_001":"千葉県","N03_002":null,"N03_003":null,"N03_004":"館山市","N03_005":null,"N03_007":"12205"}},
{"type":"Feature","geometry":null,"properties":{"N03_001":"千葉県","N03_002":null,"N03_003":null,"N03_004":"館山市","N03_005":null,"N03_007":"12205"}},
{"type":"Feature","geometry":null,"properties":{"N03_001":"千葉県","N03_002":null,"N03_003":null,"N03_004":"館山市","N03_005":null,"N03_007":"12205"}},
{"type":"Feature","geometry":null,"properties":{"N03_001":"千葉県","N03_002":null,"N03_003":null,"N03_004":"館山市","N03_005":null,"N03_007":"12205"}},
{"type":"Feature","geometry":null,"properties":{"N03_001":"千葉県","N03_002":null,"N03_003":null,"N03_004":"館山市","N03_005":null,"N03_007":"12205"}},
{"type":"Feature","geometry":null,"properties":{"N03_001":"千葉県","N03_002":null,"N03_003":null,"N03_004":"館山市","N03_005":null,"N03_007":"12205"}},
{"type":"Feature","geometry":null,"properties":{"N03_001":"千葉県","N03_002":null,"N03_003":null,"N03_004":"館山市","N03_005":null,"N03_007":"12205"}},
{"type":"Feature","geometry":null,"properties":{"N03_001":"千葉県","N03_002":null,"N03_003":null,"N03_004":"館山市","N03_005":null,"N03_007":"12205"}},
{"type":"Feature","geometry":null,"properties":{"N03_001":"千葉県","N03_002":null,"N03_003":null,"N03_004":"館山市","N03_005":null,"N03_007":"12205"}},
{"type":"Feature","geometry":null,"properties":{"N03_001":"千葉県","N03_002":null,"N03_003":null,"N03_004":"館山市","N03_005":null,"N03_007":"12205"}},
{"type":"Feature","geometry":null,"properties":{"N03_001":"千葉県","N03_002":null,"N03_003":null,"N03_004":"館山市","N03_005":null,"N03_007":"12205"}},
{"type":"Feature","geometry":null,"properties":{"N03_001":"千葉県","N03_002":null,"N03_003":null,"N03_004":"館山市","N03_005":null,"N03_007":"12205"}},
{"type":"Feature","geometry":null,"properties":{"N03_001":"千葉県","N03_002":null,"N03_003":null,"N03_004":"館山市","N03_005":null,"N03_007":"12205"}},
{"type":"Feature","geometry":null,"properties":{"N03_001":"千葉県","N03_002":null,"N03_003":null,"N03_004":"館山市","N03_005":null,"N03_007":"12205"}},
{"type":"Feature","geometry":null,"properties":{"N03_001":"千葉県","N03_002":null,"N03_003":null,"N03_004":"館山市","N03_005":null,"N03_007":"12205"}},
{"type":"Feature","geometry":null,"properties":{"N03_001":"千葉県","N03_002":null,"N03_003":null,"N03_004":"館山市","N03_005":null,"N03_007":"12205"}},
{"type":"Feature","geometry":null,"properties":{"N03_001":"千葉県","N03_002":null,"N03_003":null,"N03_004":"館山市","N03_005":null,"N03_007":"12205"}},
{"type":"Feature","geometry":null,"properties":{"N03_001":"千葉県","N03_002":null,"N03_003":null,"N03_004":"館山市","N03_005":null,"N03_007":"12205"}},
{"type":"Feature","geometry":null,"properties":{"N03_001":"千葉県","N03_002":null,"N03_003":null,"N03_004":"館山市","N03_005":null,"N03_007":"12205"}},
{"type":"Feature","geometry":null,"properties":{"N03_001":"千葉県","N03_002":null,"N03_003":null,"N03_004":"館山市","N03_005":null,"N03_007":"12205"}},
{"type":"Feature","geometry":null,"properties":{"N03_001":"千葉県","N03_002":null,"N03_003":null,"N03_004":"館山市","N03_005":null,"N03_007":"12205"}},
{"type":"Feature","geometry":null,"properties":{"N03_001":"千葉県","N03_002":null,"N03_003":null,"N03_004":"館山市","N03_005":null,"N03_007":"12205"}},
{"type":"Feature","geometry":null,"properties":{"N03_001":"千葉県","N03_002":null,"N03_003":null,"N03_004":"館山市","N03_005":null,"N03_007":"12205"}},
{"type":"Feature","geometry":null,"properties":{"N03_001":"千葉県","N03_002":null,"N03_003":null,"N03_004":"館山市","N03_005":null,"N03_007":"12205"}},
{"type":"Feature","geometry":null,"properties":{"N03_001":"千葉県","N03_002":null,"N03_003":null,"N03_004":"館山市","N03_005":null,"N03_007":"12205"}},
{"type":"Feature","geometry":null,"properties":{"N03_001":"千葉県","N03_002":null,"N03_003":null,"N03_004":"館山市","N03_005":null,"N03_007":"12205"}},
{"type":"Feature","geometry":null,"properties":{"N03_001":"千葉県","N03_002":null,"N03_003":null,"N03_004":"館山市","N03_005":null,"N03_007":"12205"}},
{"type":"Feature","geometry":null,"properties":{"N03_001":"千葉県","N03_002":null,"N03_003":null,"N03_004":"館山市","N03_005":null,"N03_007":"12205"}},
{"type":"Feature","geometry":null,"properties":{"N03_001":"千葉県","N03_002":null,"N03_003":null,"N03_004":"館山市","N03_005":null,"N03_007":"12205"}},
{"type":"Feature","geometry":null,"properties":{"N03_001":"千葉県","N03_002":null,"N03_003":null,"N03_004":"館山市","N03_005":null,"N03_007":"12205"}},
{"type":"Feature","geometry":null,"properties":{"N03_001":"千葉県","N03_002":null,"N03_003":null,"N03_004":"館山市","N03_005":null,"N03_007":"12205"}},
{"type":"Feature","geometry":null,"properties":{"N03_001":"千葉県","N03_002":null,"N03_003":null,"N03_004":"館山市","N03_005":null,"N03_007":"12205"}},
{"type":"Feature","geometry":null,"properties":{"N03_001":"千葉県","N03_002":null,"N03_003":null,"N03_004":"館山市","N03_005":null,"N03_007":"12205"}},
{"type":"Feature","geometry":null,"properties":{"N03_001":"千葉県","N03_002":null,"N03_003":null,"N03_004":"館山市","N03_005":null,"N03_007":"12205"}},
{"type":"Feature","geometry":null,"properties":{"N03_001":"千葉県","N03_002":null,"N03_003":null,"N03_004":"館山市","N03_005":null,"N03_007":"12205"}},
{"type":"Feature","geometry":null,"properties":{"N03_001":"千葉県","N03_002":null,"N03_003":null,"N03_004":"館山市","N03_005":null,"N03_007":"12205"}},
{"type":"Feature","geometry":null,"properties":{"N03_001":"千葉県","N03_002":null,"N03_003":null,"N03_004":"館山市","N03_005":null,"N03_007":"12205"}},
{"type":"Feature","geometry":null,"properties":{"N03_001":"千葉県","N03_002":null,"N03_003":null,"N03_004":"館山市","N03_005":null,"N03_007":"12205"}},
{"type":"Feature","geometry":null,"properties":{"N03_001":"千葉県","N03_002":null,"N03_003":null,"N03_004":"館山市","N03_005":null,"N03_007":"12205"}},
{"type":"Feature","geometry":null,"properties":{"N03_001":"千葉県","N03_002":null,"N03_003":null,"N03_004":"館山市","N03_005":null,"N03_007":"12205"}},
{"type":"Feature","geometry":null,"properties":{"N03_001":"千葉県","N03_002":null,"N03_003":null,"N03_004":"館山市","N03_005":null,"N03_007":"12205"}},
{"type":"Feature","geometry":null,"properties":{"N03_001":"千葉県","N03_002":null,"N03_003":null,"N03_004":"館山市","N03_005":null,"N03_007":"12205"}},
{"type":"Feature","geometry":null,"properties":{"N03_001":"千葉県","N03_002":null,"N03_003":null,"N03_004":"館山市","N03_005":null,"N03_007":"12205"}},
{"type":"Feature","geometry":null,"properties":{"N03_001":"千葉県","N03_002":null,"N03_003":null,"N03_004":"館山市","N03_005":null,"N03_007":"12205"}},
{"type":"Feature","geometry":null,"properties":{"N03_001":"千葉県","N03_002":null,"N03_003":null,"N03_004":"館山市","N03_005":null,"N03_007":"12205"}},
{"type":"Feature","geometry":null,"properties":{"N03_001":"千葉県","N03_002":null,"N03_003":null,"N03_004":"館山市","N03_005":null,"N03_007":"12205"}},
{"type":"Feature","geometry":null,"properties":{"N03_001":"千葉県","N03_002":null,"N03_003":null,"N03_004":"館山市","N03_005":null,"N03_007":"12205"}},
{"type":"Feature","geometry":null,"properties":{"N03_001":"千葉県","N03_002":null,"N03_003":null,"N03_004":"館山市","N03_005":null,"N03_007":"12205"}},
{"type":"Feature","geometry":null,"properties":{"N03_001":"千葉県","N03_002":null,"N03_003":null,"N03_004":"館山市","N03_005":null,"N03_007":"12205"}},
{"type":"Feature","geometry":null,"properties":{"N03_001":"千葉県","N03_002":null,"N03_003":null,"N03_004":"館山市","N03_005":null,"N03_007":"12205"}},
{"type":"Feature","geometry":null,"properties":{"N03_001":"千葉県","N03_002":null,"N03_003":null,"N03_004":"館山市","N03_005":null,"N03_007":"12205"}},
{"type":"Feature","geometry":null,"properties":{"N03_001":"千葉県","N03_002":null,"N03_003":null,"N03_004":"館山市","N03_005":null,"N03_007":"12205"}},
{"type":"Feature","geometry":null,"properties":{"N03_001":"千葉県","N03_002":null,"N03_003":null,"N03_004":"館山市","N03_005":null,"N03_007":"12205"}},
{"type":"Feature","geometry":null,"properties":{"N03_001":"千葉県","N03_002":null,"N03_003":null,"N03_004":"館山市","N03_005":null,"N03_007":"12205"}},
{"type":"Feature","geometry":null,"properties":{"N03_001":"千葉県","N03_002":null,"N03_003":null,"N03_004":"館山市","N03_005":null,"N03_007":"12205"}},
{"type":"Feature","geometry":null,"properties":{"N03_001":"千葉県","N03_002":null,"N03_003":null,"N03_004":"館山市","N03_005":null,"N03_007":"12205"}},
{"type":"Feature","geometry":null,"properties":{"N03_001":"千葉県","N03_002":null,"N03_003":null,"N03_004":"館山市","N03_005":null,"N03_007":"12205"}},
{"type":"Feature","geometry":null,"properties":{"N03_001":"千葉県","N03_002":null,"N03_003":null,"N03_004":"館山市","N03_005":null,"N03_007":"12205"}},
{"type":"Feature","geometry":null,"properties":{"N03_001":"千葉県","N03_002":null,"N03_003":null,"N03_004":"館山市","N03_005":null,"N03_007":"12205"}},
{"type":"Feature","geometry":null,"properties":{"N03_001":"千葉県","N03_002":null,"N03_003":null,"N03_004":"館山市","N03_005":null,"N03_007":"12205"}},
{"type":"Feature","geometry":null,"properties":{"N03_001":"千葉県","N03_002":null,"N03_003":null,"N03_004":"館山市","N03_005":null,"N03_007":"12205"}},
{"type":"Feature","geometry":null,"properties":{"N03_001":"千葉県","N03_002":null,"N03_003":null,"N03_004":"館山市","N03_005":null,"N03_007":"12205"}},
{"type":"Feature","geometry":null,"properties":{"N03_001":"千葉県","N03_002":null,"N03_003":null,"N03_004":"館山市","N03_005":null,"N03_007":"12205"}},
{"type":"Feature","geometry":null,"properties":{"N03_001":"千葉県","N03_002":null,"N03_003":null,"N03_004":"館山市","N03_005":null,"N03_007":"12205"}},
{"type":"Feature","geometry":null,"properties":{"N03_001":"千葉県","N03_002":null,"N03_003":null,"N03_004":"館山市","N03_005":null,"N03_007":"12205"}},
{"type":"Feature","geometry":null,"properties":{"N03_001":"千葉県","N03_002":null,"N03_003":null,"N03_004":"館山市","N03_005":null,"N03_007":"12205"}},
{"type":"Feature","geometry":null,"properties":{"N03_001":"千葉県","N03_002":null,"N03_003":null,"N03_004":"館山市","N03_005":null,"N03_007":"12205"}},
{"type":"Feature","geometry":null,"properties":{"N03_001":"千葉県","N03_002":null,"N03_003":null,"N03_004":"館山市","N03_005":null,"N03_007":"12205"}},
{"type":"Feature","geometry":null,"properties":{"N03_001":"千葉県","N03_002":null,"N03_003":null,"N03_004":"館山市","N03_005":null,"N03_007":"12205"}},
{"type":"Feature","geometry":null,"properties":{"N03_001":"千葉県","N03_002":null,"N03_003":null,"N03_004":"館山市","N03_005":null,"N03_007":"12205"}},
{"type":"Feature","geometry":null,"properties":{"N03_001":"千葉県","N03_002":null,"N03_003":null,"N03_004":"館山市","N03_005":null,"N03_007":"12205"}},
{"type":"Feature","geometry":null,"properties":{"N03_001":"千葉県","N03_002":null,"N03_003":null,"N03_004":"館山市","N03_005":null,"N03_007":"12205"}},
{"type":"Feature","geometry":null,"properties":{"N03_001":"千葉県","N03_002":null,"N03_003":null,"N03_004":"館山市","N03_005":null,"N03_007":"12205"}},
{"type":"Feature","geometry":null,"properties":{"N03_001":"千葉県","N03_002":null,"N03_003":null,"N03_004":"館山市","N03_005":null,"N03_007":"12205"}},
{"type":"Feature","geometry":null,"properties":{"N03_001":"千葉県","N03_002":null,"N03_003":null,"N03_004":"館山市","N03_005":null,"N03_007":"12205"}},
{"type":"Feature","geometry":null,"properties":{"N03_001":"千葉県","N03_002":null,"N03_003":null,"N03_004":"館山市","N03_005":null,"N03_007":"12205"}},
{"type":"Feature","geometry":null,"properties":{"N03_001":"千葉県","N03_002":null,"N03_003":null,"N03_004":"館山市","N03_005":null,"N03_007":"12205"}},
{"type":"Feature","geometry":null,"properties":{"N03_001":"千葉県","N03_002":null,"N03_003":null,"N03_004":"館山市","N03_005":null,"N03_007":"12205"}},
{"type":"Feature","geometry":null,"properties":{"N03_001":"千葉県","N03_002":null,"N03_003":null,"N03_004":"館山市","N03_005":null,"N03_007":"12205"}},
{"type":"Feature","geometry":null,"properties":{"N03_001":"千葉県","N03_002":null,"N03_003":null,"N03_004":"館山市","N03_005":null,"N03_007":"12205"}},
{"type":"Feature","geometry":null,"properties":{"N03_001":"千葉県","N03_002":null,"N03_003":null,"N03_004":"館山市","N03_005":null,"N03_007":"12205"}},
{"type":"Feature","geometry":null,"properties":{"N03_001":"千葉県","N03_002":null,"N03_003":null,"N03_004":"館山市","N03_005":null,"N03_007":"12205"}},
{"type":"Feature","geometry":null,"properties":{"N03_001":"千葉県","N03_002":null,"N03_003":null,"N03_004":"館山市","N03_005":null,"N03_007":"12205"}},
{"type":"Feature","geometry":null,"properties":{"N03_001":"千葉県","N03_002":null,"N03_003":null,"N03_004":"館山市","N03_005":null,"N03_007":"12205"}},
{"type":"Feature","geometry":null,"properties":{"N03_001":"千葉県","N03_002":null,"N03_003":null,"N03_004":"館山市","N03_005":null,"N03_007":"12205"}},
{"type":"Feature","geometry":null,"properties":{"N03_001":"千葉県","N03_002":null,"N03_003":null,"N03_004":"館山市","N03_005":null,"N03_007":"12205"}},
{"type":"Feature","geometry":null,"properties":{"N03_001":"千葉県","N03_002":null,"N03_003":null,"N03_004":"館山市","N03_005":null,"N03_007":"12205"}},
{"type":"Feature","geometry":null,"properties":{"N03_001":"千葉県","N03_002":null,"N03_003":null,"N03_004":"館山市","N03_005":null,"N03_007":"12205"}},
{"type":"Feature","geometry":null,"properties":{"N03_001":"千葉県","N03_002":null,"N03_003":null,"N03_004":"館山市","N03_005":null,"N03_007":"12205"}},
{"type":"Feature","geometry":null,"properties":{"N03_001":"千葉県","N03_002":null,"N03_003":null,"N03_004":"館山市","N03_005":null,"N03_007":"12205"}},
{"type":"Feature","geometry":null,"properties":{"N03_001":"千葉県","N03_002":null,"N03_003":null,"N03_004":"館山市","N03_005":null,"N03_007":"12205"}},
{"type":"Feature","geometry":null,"properties":{"N03_001":"千葉県","N03_002":null,"N03_003":null,"N03_004":"館山市","N03_005":null,"N03_007":"12205"}},
{"type":"Feature","geometry":null,"properties":{"N03_001":"千葉県","N03_002":null,"N03_003":null,"N03_004":"館山市","N03_005":null,"N03_007":"12205"}},
{"type":"Feature","geometry":null,"properties":{"N03_001":"千葉県","N03_002":null,"N03_003":null,"N03_004":"館山市","N03_005":null,"N03_007":"12205"}},
{"type":"Feature","geometry":null,"properties":{"N03_001":"千葉県","N03_002":null,"N03_003":null,"N03_004":"館山市","N03_005":null,"N03_007":"12205"}},
{"type":"Feature","geometry":null,"properties":{"N03_001":"千葉県","N03_002":null,"N03_003":null,"N03_004":"館山市","N03_005":null,"N03_007":"12205"}},
{"type":"Feature","geometry":null,"properties":{"N03_001":"千葉県","N03_002":null,"N03_003":null,"N03_004":"館山市","N03_005":null,"N03_007":"12205"}},
{"type":"Feature","geometry":null,"properties":{"N03_001":"千葉県","N03_002":null,"N03_003":null,"N03_004":"館山市","N03_005":null,"N03_007":"12205"}},
{"type":"Feature","geometry":null,"properties":{"N03_001":"千葉県","N03_002":null,"N03_003":null,"N03_004":"館山市","N03_005":null,"N03_007":"12205"}},
{"type":"Feature","geometry":null,"properties":{"N03_001":"千葉県","N03_002":null,"N03_003":null,"N03_004":"館山市","N03_005":null,"N03_007":"12205"}},
{"type":"Feature","geometry":null,"properties":{"N03_001":"千葉県","N03_002":null,"N03_003":null,"N03_004":"館山市","N03_005":null,"N03_007":"12205"}},
{"type":"Feature","geometry":null,"properties":{"N03_001":"千葉県","N03_002":null,"N03_003":null,"N03_004":"館山市","N03_005":null,"N03_007":"12205"}},
{"type":"Feature","geometry":null,"properties":{"N03_001":"千葉県","N03_002":null,"N03_003":null,"N03_004":"館山市","N03_005":null,"N03_007":"12205"}},
{"type":"Feature","geometry":null,"properties":{"N03_001":"千葉県","N03_002":null,"N03_003":null,"N03_004":"館山市","N03_005":null,"N03_007":"12205"}},
{"type":"Feature","geometry":null,"properties":{"N03_001":"千葉県","N03_002":null,"N03_003":null,"N03_004":"館山市","N03_005":null,"N03_007":"12205"}},
{"type":"Feature","geometry":null,"properties":{"N03_001":"千葉県","N03_002":null,"N03_003":null,"N03_004":"館山市","N03_005":null,"N03_007":"12205"}},
{"type":"Feature","geometry":null,"properties":{"N03_001":"千葉県","N03_002":null,"N03_003":null,"N03_004":"館山市","N03_005":null,"N03_007":"12205"}},
{"type":"Feature","geometry":null,"properties":{"N03_001":"千葉県","N03_002":null,"N03_003":null,"N03_004":"館山市","N03_005":null,"N03_007":"12205"}},
{"type":"Feature","geometry":null,"properties":{"N03_001":"千葉県","N03_002":null,"N03_003":null,"N03_004":"館山市","N03_005":null,"N03_007":"12205"}},
{"type":"Feature","geometry":null,"properties":{"N03_001":"千葉県","N03_002":null,"N03_003":null,"N03_004":"館山市","N03_005":null,"N03_007":"12205"}},
{"type":"Feature","geometry":null,"properties":{"N03_001":"千葉県","N03_002":null,"N03_003":null,"N03_004":"館山市","N03_005":null,"N03_007":"12205"}},
{"type":"Feature","geometry":null,"properties":{"N03_001":"千葉県","N03_002":null,"N03_003":null,"N03_004":"館山市","N03_005":null,"N03_007":"12205"}},
{"type":"Feature","geometry":null,"properties":{"N03_001":"千葉県","N03_002":null,"N03_003":null,"N03_004":"館山市","N03_005":null,"N03_007":"12205"}},
{"type":"Feature","geometry":null,"properties":{"N03_001":"千葉県","N03_002":null,"N03_003":null,"N03_004":"館山市","N03_005":null,"N03_007":"12205"}},
{"type":"Feature","geometry":null,"properties":{"N03_001":"千葉県","N03_002":null,"N03_003":null,"N03_004":"館山市","N03_005":null,"N03_007":"12205"}},
{"type":"Feature","geometry":null,"properties":{"N03_001":"千葉県","N03_002":null,"N03_003":null,"N03_004":"館山市","N03_005":null,"N03_007":"12205"}},
{"type":"Feature","geometry":null,"properties":{"N03_001":"千葉県","N03_002":null,"N03_003":null,"N03_004":"館山市","N03_005":null,"N03_007":"12205"}},
{"type":"Feature","geometry":null,"properties":{"N03_001":"千葉県","N03_002":null,"N03_003":null,"N03_004":"館山市","N03_005":null,"N03_007":"12205"}},
{"type":"Feature","geometry":null,"properties":{"N03_001":"千葉県","N03_002":null,"N03_003":null,"N03_004":"館山市","N03_005":null,"N03_007":"12205"}},
{"type":"Feature","geometry":null,"properties":{"N03_001":"千葉県","N03_002":null,"N03_003":null,"N03_004":"館山市","N03_005":null,"N03_007":"12205"}},
{"type":"Feature","geometry":null,"properties":{"N03_001":"千葉県","N03_002":null,"N03_003":null,"N03_004":"館山市","N03_005":null,"N03_007":"12205"}},
{"type":"Feature","geometry":null,"properties":{"N03_001":"千葉県","N03_002":null,"N03_003":null,"N03_004":"館山市","N03_005":null,"N03_007":"12205"}},
{"type":"Feature","geometry":null,"properties":{"N03_001":"千葉県","N03_002":null,"N03_003":null,"N03_004":"館山市","N03_005":null,"N03_007":"12205"}},
{"type":"Feature","geometry":null,"properties":{"N03_001":"千葉県","N03_002":null,"N03_003":null,"N03_004":"館山市","N03_005":null,"N03_007":"12205"}},
{"type":"Feature","geometry":null,"properties":{"N03_001":"千葉県","N03_002":null,"N03_003":null,"N03_004":"館山市","N03_005":null,"N03_007":"12205"}},
{"type":"Feature","geometry":null,"properties":{"N03_001":"千葉県","N03_002":null,"N03_003":null,"N03_004":"館山市","N03_005":null,"N03_007":"12205"}},
{"type":"Feature","geometry":null,"properties":{"N03_001":"千葉県","N03_002":null,"N03_003":null,"N03_004":"館山市","N03_005":null,"N03_007":"12205"}},
{"type":"Feature","geometry":null,"properties":{"N03_001":"千葉県","N03_002":null,"N03_003":null,"N03_004":"館山市","N03_005":null,"N03_007":"12205"}},
{"type":"Feature","geometry":null,"properties":{"N03_001":"千葉県","N03_002":null,"N03_003":null,"N03_004":"館山市","N03_005":null,"N03_007":"12205"}},
{"type":"Feature","geometry":null,"properties":{"N03_001":"千葉県","N03_002":null,"N03_003":null,"N03_004":"館山市","N03_005":null,"N03_007":"12205"}},
{"type":"Feature","geometry":null,"properties":{"N03_001":"千葉県","N03_002":null,"N03_003":null,"N03_004":"館山市","N03_005":null,"N03_007":"12205"}},
{"type":"Feature","geometry":null,"properties":{"N03_001":"千葉県","N03_002":null,"N03_003":null,"N03_004":"館山市","N03_005":null,"N03_007":"12205"}},
{"type":"Feature","geometry":null,"properties":{"N03_001":"千葉県","N03_002":null,"N03_003":null,"N03_004":"館山市","N03_005":null,"N03_007":"12205"}},
{"type":"Feature","geometry":null,"properties":{"N03_001":"千葉県","N03_002":null,"N03_003":null,"N03_004":"館山市","N03_005":null,"N03_007":"12205"}},
{"type":"Feature","geometry":null,"properties":{"N03_001":"千葉県","N03_002":null,"N03_003":null,"N03_004":"館山市","N03_005":null,"N03_007":"12205"}},
{"type":"Feature","geometry":null,"properties":{"N03_001":"千葉県","N03_002":null,"N03_003":null,"N03_004":"館山市","N03_005":null,"N03_007":"12205"}},
{"type":"Feature","geometry":null,"properties":{"N03_001":"千葉県","N03_002":null,"N03_003":null,"N03_004":"館山市","N03_005":null,"N03_007":"12205"}},
{"type":"Feature","geometry":null,"properties":{"N03_001":"千葉県","N03_002":null,"N03_003":null,"N03_004":"館山市","N03_005":null,"N03_007":"12205"}},
{"type":"Feature","geometry":null,"properties":{"N03_001":"千葉県","N03_002":null,"N03_003":null,"N03_004":"館山市","N03_005":null,"N03_007":"12205"}},
{"type":"Feature","geometry":null,"properties":{"N03_001":"千葉県","N03_002":null,"N03_003":null,"N03_004":"館山市","N03_005":null,"N03_007":"12205"}},
{"type":"Feature","geometry":null,"properties":{"N03_001":"千葉県","N03_002":null,"N03_003":null,"N03_004":"館山市","N03_005":null,"N03_007":"12205"}},
{"type":"Feature","geometry":null,"properties":{"N03_001":"千葉県","N03_002":null,"N03_003":null,"N03_004":"館山市","N03_005":null,"N03_007":"12205"}},
{"type":"Feature","geometry":null,"properties":{"N03_001":"千葉県","N03_002":null,"N03_003":null,"N03_004":"館山市","N03_005":null,"N03_007":"12205"}},
{"type":"Feature","geometry":null,"properties":{"N03_001":"千葉県","N03_002":null,"N03_003":null,"N03_004":"館山市","N03_005":null,"N03_007":"12205"}},
{"type":"Feature","geometry":null,"properties":{"N03_001":"千葉県","N03_002":null,"N03_003":null,"N03_004":"館山市","N03_005":null,"N03_007":"12205"}},
{"type":"Feature","geometry":null,"properties":{"N03_001":"千葉県","N03_002":null,"N03_003":null,"N03_004":"館山市","N03_005":null,"N03_007":"12205"}},
{"type":"Feature","geometry":null,"properties":{"N03_001":"千葉県","N03_002":null,"N03_003":null,"N03_004":"館山市","N03_005":null,"N03_007":"12205"}},
{"type":"Feature","geometry":null,"properties":{"N03_001":"千葉県","N03_002":null,"N03_003":null,"N03_004":"館山市","N03_005":null,"N03_007":"12205"}},
{"type":"Feature","geometry":null,"properties":{"N03_001":"千葉県","N03_002":null,"N03_003":null,"N03_004":"館山市","N03_005":null,"N03_007":"12205"}},
{"type":"Feature","geometry":null,"properties":{"N03_001":"千葉県","N03_002":null,"N03_003":null,"N03_004":"館山市","N03_005":null,"N03_007":"12205"}},
{"type":"Feature","geometry":null,"properties":{"N03_001":"千葉県","N03_002":null,"N03_003":null,"N03_004":"館山市","N03_005":null,"N03_007":"12205"}},
{"type":"Feature","geometry":null,"properties":{"N03_001":"千葉県","N03_002":null,"N03_003":null,"N03_004":"館山市","N03_005":null,"N03_007":"12205"}},
{"type":"Feature","geometry":null,"properties":{"N03_001":"千葉県","N03_002":null,"N03_003":null,"N03_004":"館山市","N03_005":null,"N03_007":"12205"}},
{"type":"Feature","geometry":null,"properties":{"N03_001":"千葉県","N03_002":null,"N03_003":null,"N03_004":"館山市","N03_005":null,"N03_007":"12205"}},
{"type":"Feature","geometry":null,"properties":{"N03_001":"千葉県","N03_002":null,"N03_003":null,"N03_004":"館山市","N03_005":null,"N03_007":"12205"}},
{"type":"Feature","geometry":null,"properties":{"N03_001":"千葉県","N03_002":null,"N03_003":null,"N03_004":"館山市","N03_005":null,"N03_007":"12205"}},
{"type":"Feature","geometry":null,"properties":{"N03_001":"千葉県","N03_002":null,"N03_003":null,"N03_004":"館山市","N03_005":null,"N03_007":"12205"}},
{"type":"Feature","geometry":null,"properties":{"N03_001":"千葉県","N03_002":null,"N03_003":null,"N03_004":"館山市","N03_005":null,"N03_007":"12205"}},
{"type":"Feature","geometry":null,"properties":{"N03_001":"千葉県","N03_002":null,"N03_003":null,"N03_004":"館山市","N03_005":null,"N03_007":"12205"}},
{"type":"Feature","geometry":null,"properties":{"N03_001":"千葉県","N03_002":null,"N03_003":null,"N03_004":"館山市","N03_005":null,"N03_007":"12205"}},
{"type":"Feature","geometry":null,"properties":{"N03_001":"千葉県","N03_002":null,"N03_003":null,"N03_004":"館山市","N03_005":null,"N03_007":"12205"}},
{"type":"Feature","geometry":null,"properties":{"N03_001":"千葉県","N03_002":null,"N03_003":null,"N03_004":"館山市","N03_005":null,"N03_007":"12205"}},
{"type":"Feature","geometry":null,"properties":{"N03_001":"千葉県","N03_002":null,"N03_003":null,"N03_004":"館山市","N03_005":null,"N03_007":"12205"}},
{"type":"Feature","geometry":null,"properties":{"N03_001":"千葉県","N03_002":null,"N03_003":null,"N03_004":"館山市","N03_005":null,"N03_007":"12205"}},
{"type":"Feature","geometry":null,"properties":{"N03_001":"千葉県","N03_002":null,"N03_003":null,"N03_004":"館山市","N03_005":null,"N03_007":"12205"}},
{"type":"Feature","geometry":null,"properties":{"N03_001":"千葉県","N03_002":null,"N03_003":null,"N03_004":"館山市","N03_005":null,"N03_007":"12205"}},
{"type":"Feature","geometry":null,"properties":{"N03_001":"千葉県","N03_002":null,"N03_003":null,"N03_004":"館山市","N03_005":null,"N03_007":"12205"}},
{"type":"Feature","geometry":null,"properties":{"N03_001":"千葉県","N03_002":null,"N03_003":null,"N03_004":"館山市","N03_005":null,"N03_007":"12205"}},
{"type":"Feature","geometry":null,"properties":{"N03_001":"千葉県","N03_002":null,"N03_003":null,"N03_004":"館山市","N03_005":null,"N03_007":"12205"}},
{"type":"Feature","geometry":null,"properties":{"N03_001":"千葉県","N03_002":null,"N03_003":null,"N03_004":"館山市","N03_005":null,"N03_007":"12205"}},
{"type":"Feature","geometry":null,"properties":{"N03_001":"千葉県","N03_002":null,"N03_003":null,"N03_004":"館山市","N03_005":null,"N03_007":"12205"}},
{"type":"Feature","geometry":null,"properties":{"N03_001":"千葉県","N03_002":null,"N03_003":null,"N03_004":"館山市","N03_005":null,"N03_007":"12205"}},
{"type":"Feature","geometry":null,"properties":{"N03_001":"千葉県","N03_002":null,"N03_003":null,"N03_004":"館山市","N03_005":null,"N03_007":"12205"}},
{"type":"Feature","geometry":null,"properties":{"N03_001":"千葉県","N03_002":null,"N03_003":null,"N03_004":"館山市","N03_005":null,"N03_007":"12205"}},
{"type":"Feature","geometry":null,"properties":{"N03_001":"千葉県","N03_002":null,"N03_003":null,"N03_004":"館山市","N03_005":null,"N03_007":"12205"}},
{"type":"Feature","geometry":null,"properties":{"N03_001":"千葉県","N03_002":null,"N03_003":null,"N03_004":"館山市","N03_005":null,"N03_007":"12205"}},
{"type":"Feature","geometry":null,"properties":{"N03_001":"千葉県","N03_002":null,"N03_003":null,"N03_004":"館山市","N03_005":null,"N03_007":"12205"}},
{"type":"Feature","geometry":null,"properties":{"N03_001":"千葉県","N03_002":null,"N03_003":null,"N03_004":"館山市","N03_005":null,"N03_007":"12205"}},
{"type":"Feature","geometry":null,"properties":{"N03_001":"千葉県","N03_002":null,"N03_003":null,"N03_004":"館山市","N03_005":null,"N03_007":"12205"}},
{"type":"Feature","geometry":null,"properties":{"N03_001":"千葉県","N03_002":null,"N03_003":null,"N03_004":"館山市","N03_005":null,"N03_007":"12205"}},
{"type":"Feature","geometry":null,"properties":{"N03_001":"千葉県","N03_002":null,"N03_003":null,"N03_004":"館山市","N03_005":null,"N03_007":"12205"}},
{"type":"Feature","geometry":null,"properties":{"N03_001":"千葉県","N03_002":null,"N03_003":null,"N03_004":"館山市","N03_005":null,"N03_007":"12205"}},
{"type":"Feature","geometry":null,"properties":{"N03_001":"千葉県","N03_002":null,"N03_003":null,"N03_004":"館山市","N03_005":null,"N03_007":"12205"}},
{"type":"Feature","geometry":null,"properties":{"N03_001":"千葉県","N03_002":null,"N03_003":null,"N03_004":"館山市","N03_005":null,"N03_007":"12205"}},
{"type":"Feature","geometry":null,"properties":{"N03_001":"千葉県","N03_002":null,"N03_003":null,"N03_004":"館山市","N03_005":null,"N03_007":"12205"}},
{"type":"Feature","geometry":null,"properties":{"N03_001":"千葉県","N03_002":null,"N03_003":null,"N03_004":"館山市","N03_005":null,"N03_007":"12205"}},
{"type":"Feature","geometry":null,"properties":{"N03_001":"千葉県","N03_002":null,"N03_003":null,"N03_004":"館山市","N03_005":null,"N03_007":"12205"}},
{"type":"Feature","geometry":null,"properties":{"N03_001":"千葉県","N03_002":null,"N03_003":null,"N03_004":"館山市","N03_005":null,"N03_007":"12205"}},
{"type":"Feature","geometry":null,"properties":{"N03_001":"千葉県","N03_002":null,"N03_003":null,"N03_004":"館山市","N03_005":null,"N03_007":"12205"}},
{"type":"Feature","geometry":null,"properties":{"N03_001":"千葉県","N03_002":null,"N03_003":null,"N03_004":"館山市","N03_005":null,"N03_007":"12205"}},
{"type":"Feature","geometry":null,"properties":{"N03_001":"千葉県","N03_002":null,"N03_003":null,"N03_004":"館山市","N03_005":null,"N03_007":"12205"}},
{"type":"Feature","geometry":null,"properties":{"N03_001":"千葉県","N03_002":null,"N03_003":null,"N03_004":"館山市","N03_005":null,"N03_007":"12205"}},
{"type":"Feature","geometry":null,"properties":{"N03_001":"千葉県","N03_002":null,"N03_003":null,"N03_004":"館山市","N03_005":null,"N03_007":"12205"}},
{"type":"Feature","geometry":null,"properties":{"N03_001":"千葉県","N03_002":null,"N03_003":null,"N03_004":"館山市","N03_005":null,"N03_007":"12205"}},
{"type":"Feature","geometry":null,"properties":{"N03_001":"千葉県","N03_002":null,"N03_003":null,"N03_004":"館山市","N03_005":null,"N03_007":"12205"}},
{"type":"Feature","geometry":null,"properties":{"N03_001":"千葉県","N03_002":null,"N03_003":null,"N03_004":"館山市","N03_005":null,"N03_007":"12205"}},
{"type":"Feature","geometry":null,"properties":{"N03_001":"千葉県","N03_002":null,"N03_003":null,"N03_004":"館山市","N03_005":null,"N03_007":"12205"}},
{"type":"Feature","geometry":null,"properties":{"N03_001":"千葉県","N03_002":null,"N03_003":null,"N03_004":"館山市","N03_005":null,"N03_007":"12205"}},
{"type":"Feature","geometry":null,"properties":{"N03_001":"千葉県","N03_002":null,"N03_003":null,"N03_004":"館山市","N03_005":null,"N03_007":"12205"}},
{"type":"Feature","geometry":null,"properties":{"N03_001":"千葉県","N03_002":null,"N03_003":null,"N03_004":"館山市","N03_005":null,"N03_007":"12205"}},
{"type":"Feature","geometry":null,"properties":{"N03_001":"千葉県","N03_002":null,"N03_003":null,"N03_004":"館山市","N03_005":null,"N03_007":"12205"}},
{"type":"Feature","geometry":null,"properties":{"N03_001":"千葉県","N03_002":null,"N03_003":null,"N03_004":"館山市","N03_005":null,"N03_007":"12205"}},
{"type":"Feature","geometry":null,"properties":{"N03_001":"千葉県","N03_002":null,"N03_003":null,"N03_004":"館山市","N03_005":null,"N03_007":"12205"}},
{"type":"Feature","geometry":null,"properties":{"N03_001":"千葉県","N03_002":null,"N03_003":null,"N03_004":"館山市","N03_005":null,"N03_007":"12205"}},
{"type":"Feature","geometry":null,"properties":{"N03_001":"千葉県","N03_002":null,"N03_003":null,"N03_004":"館山市","N03_005":null,"N03_007":"12205"}},
{"type":"Feature","geometry":null,"properties":{"N03_001":"千葉県","N03_002":null,"N03_003":null,"N03_004":"館山市","N03_005":null,"N03_007":"12205"}},
{"type":"Feature","geometry":null,"properties":{"N03_001":"千葉県","N03_002":null,"N03_003":null,"N03_004":"館山市","N03_005":null,"N03_007":"12205"}},
{"type":"Feature","geometry":null,"properties":{"N03_001":"千葉県","N03_002":null,"N03_003":null,"N03_004":"館山市","N03_005":null,"N03_007":"12205"}},
{"type":"Feature","geometry":null,"properties":{"N03_001":"千葉県","N03_002":null,"N03_003":null,"N03_004":"館山市","N03_005":null,"N03_007":"12205"}},
{"type":"Feature","geometry":null,"properties":{"N03_001":"千葉県","N03_002":null,"N03_003":null,"N03_004":"館山市","N03_005":null,"N03_007":"12205"}},
{"type":"Feature","geometry":null,"properties":{"N03_001":"千葉県","N03_002":null,"N03_003":null,"N03_004":"館山市","N03_005":null,"N03_007":"12205"}},
{"type":"Feature","geometry":null,"properties":{"N03_001":"千葉県","N03_002":null,"N03_003":null,"N03_004":"館山市","N03_005":null,"N03_007":"12205"}},
{"type":"Feature","geometry":null,"properties":{"N03_001":"千葉県","N03_002":null,"N03_003":null,"N03_004":"館山市","N03_005":null,"N03_007":"12205"}},
{"type":"Feature","geometry":null,"properties":{"N03_001":"千葉県","N03_002":null,"N03_003":null,"N03_004":"館山市","N03_005":null,"N03_007":"12205"}},
{"type":"Feature","geometry":null,"properties":{"N03_001":"千葉県","N03_002":null,"N03_003":null,"N03_004":"館山市","N03_005":null,"N03_007":"12205"}},
{"type":"Feature","geometry":null,"properties":{"N03_001":"千葉県","N03_002":null,"N03_003":null,"N03_004":"館山市","N03_005":null,"N03_007":"12205"}},
{"type":"Feature","geometry":null,"properties":{"N03_001":"千葉県","N03_002":null,"N03_003":null,"N03_004":"館山市","N03_005":null,"N03_007":"12205"}},
{"type":"Feature","geometry":null,"properties":{"N03_001":"千葉県","N03_002":null,"N03_003":null,"N03_004":"館山市","N03_005":null,"N03_007":"12205"}},
{"type":"Feature","geometry":null,"properties":{"N03_001":"千葉県","N03_002":null,"N03_003":null,"N03_004":"館山市","N03_005":null,"N03_007":"12205"}},
{"type":"Feature","geometry":null,"properties":{"N03_001":"千葉県","N03_002":null,"N03_003":null,"N03_004":"館山市","N03_005":null,"N03_007":"12205"}},
{"type":"Feature","geometry":null,"properties":{"N03_001":"千葉県","N03_002":null,"N03_003":null,"N03_004":"館山市","N03_005":null,"N03_007":"12205"}},
{"type":"Feature","geometry":null,"properties":{"N03_001":"千葉県","N03_002":null,"N03_003":null,"N03_004":"館山市","N03_005":null,"N03_007":"12205"}},
{"type":"Feature","geometry":null,"properties":{"N03_001":"千葉県","N03_002":null,"N03_003":null,"N03_004":"館山市","N03_005":null,"N03_007":"12205"}},
{"type":"Feature","geometry":null,"properties":{"N03_001":"千葉県","N03_002":null,"N03_003":null,"N03_004":"館山市","N03_005":null,"N03_007":"12205"}},
{"type":"Feature","geometry":null,"properties":{"N03_001":"千葉県","N03_002":null,"N03_003":null,"N03_004":"館山市","N03_005":null,"N03_007":"12205"}},
{"type":"Feature","geometry":null,"properties":{"N03_001":"千葉県","N03_002":null,"N03_003":null,"N03_004":"館山市","N03_005":null,"N03_007":"12205"}},
{"type":"Feature","geometry":null,"properties":{"N03_001":"千葉県","N03_002":null,"N03_003":null,"N03_004":"館山市","N03_005":null,"N03_007":"12205"}},
{"type":"Feature","geometry":null,"properties":{"N03_001":"千葉県","N03_002":null,"N03_003":null,"N03_004":"館山市","N03_005":null,"N03_007":"12205"}},
{"type":"Feature","geometry":null,"properties":{"N03_001":"千葉県","N03_002":null,"N03_003":null,"N03_004":"館山市","N03_005":null,"N03_007":"12205"}},
{"type":"Feature","geometry":null,"properties":{"N03_001":"千葉県","N03_002":null,"N03_003":null,"N03_004":"館山市","N03_005":null,"N03_007":"12205"}},
{"type":"Feature","geometry":null,"properties":{"N03_001":"千葉県","N03_002":null,"N03_003":null,"N03_004":"館山市","N03_005":null,"N03_007":"12205"}},
{"type":"Feature","geometry":null,"properties":{"N03_001":"千葉県","N03_002":null,"N03_003":null,"N03_004":"館山市","N03_005":null,"N03_007":"12205"}},
{"type":"Feature","geometry":null,"properties":{"N03_001":"千葉県","N03_002":null,"N03_003":null,"N03_004":"館山市","N03_005":null,"N03_007":"12205"}},
{"type":"Feature","geometry":null,"properties":{"N03_001":"千葉県","N03_002":null,"N03_003":null,"N03_004":"館山市","N03_005":null,"N03_007":"12205"}},
{"type":"Feature","geometry":null,"properties":{"N03_001":"千葉県","N03_002":null,"N03_003":null,"N03_004":"館山市","N03_005":null,"N03_007":"12205"}},
{"type":"Feature","geometry":null,"properties":{"N03_001":"千葉県","N03_002":null,"N03_003":null,"N03_004":"館山市","N03_005":null,"N03_007":"12205"}},
{"type":"Feature","geometry":null,"properties":{"N03_001":"千葉県","N03_002":null,"N03_003":null,"N03_004":"館山市","N03_005":null,"N03_007":"12205"}},
{"type":"Feature","geometry":null,"properties":{"N03_001":"千葉県","N03_002":null,"N03_003":null,"N03_004":"館山市","N03_005":null,"N03_007":"12205"}},
{"type":"Feature","geometry":null,"properties":{"N03_001":"千葉県","N03_002":null,"N03_003":null,"N03_004":"館山市","N03_005":null,"N03_007":"12205"}},
{"type":"Feature","geometry":null,"properties":{"N03_001":"千葉県","N03_002":null,"N03_003":null,"N03_004":"館山市","N03_005":null,"N03_007":"12205"}},
{"type":"Feature","geometry":null,"properties":{"N03_001":"千葉県","N03_002":null,"N03_003":null,"N03_004":"館山市","N03_005":null,"N03_007":"12205"}},
{"type":"Feature","geometry":null,"properties":{"N03_001":"千葉県","N03_002":null,"N03_003":null,"N03_004":"館山市","N03_005":null,"N03_007":"12205"}},
{"type":"Feature","geometry":null,"properties":{"N03_001":"千葉県","N03_002":null,"N03_003":null,"N03_004":"館山市","N03_005":null,"N03_007":"12205"}},
{"type":"Feature","geometry":null,"properties":{"N03_001":"千葉県","N03_002":null,"N03_003":null,"N03_004":"館山市","N03_005":null,"N03_007":"12205"}},
{"type":"Feature","geometry":{"type":"Polygon","coordinates":[[[139.948610558,35.442181486],[139.943031064,35.44316618],[139.942894864,35.44410818],[139.940594267,35.443971252],[139.939890545,35.44492755],[139.94049677,35.444050838],[139.940000506,35.443940135],[139.940042529,35.443481559],[139.940719572,35.443527468],[139.940757925,35.443128378],[139.940105344,35.443085874],[139.940544267,35.442570333],[139.939882205,35.442530261],[139.939831699,35.443069982],[139.938679987,35.443001126],[139.938626472,35.44343827],[139.938063126,35.443334468],[139.938102905,35.442752486],[139.937003178,35.442673568],[139.936912866,35.443628324],[139.939363359,35.444013171],[139.939577328,35.444466207],[139.939340934,35.444048802],[139.936868949,35.443661622],[139.936990934,35.442317523],[139.935844669,35.441944595],[139.935318729,35.441261955],[139.935047315,35.441954018],[139.929703709,35.440912135],[139.928843307,35.441352613],[139.927975798,35.441091712],[139.928806602,35.441241955],[139.928976822,35.440805802],[139.927732918,35.439957387],[139.927085824,35.440252838],[139.92733965,35.440682874],[139.927071284,35.440254739],[139.922659377,35.439103378],[139.924443476,35.43977364],[139.924162309,35.440778198],[139.919761505,35.439885207],[139.919090233,35.440991622],[139.919863787,35.439329685],[139.919876978,35.439610739],[139.92176607,35.439886009],[139.921959883,35.439239559],[139.92013677,35.438749613],[139.91995834,35.438999387],[139.920161025,35.438330306],[139.919755188,35.438167],[139.919469728,35.438643],[139.918383217,35.43776445],[139.918090986,35.437964586],[139.919239377,35.439122901],[139.917872633,35.438387559],[139.918902542,35.439741775],[139.917660052,35.43911836],[139.918562853,35.440367505],[139.918299001,35.440540757],[139.917176524,35.439424108],[139.917743995,35.437507189],[139.912393528,35.435674099],[139.908457419,35.432724495],[139.905473969,35.431909009],[139.904973048,35.432264739],[139.903273515,35.431480964],[139.901023463,35.429651937],[139.903139974,35.431151937],[139.903526368,35.43082955],[139.901541933,35.42922609],[139.903341038,35.430464946],[139.903576329,35.430274793],[139.902061505,35.42879555],[139.903178366,35.429319081],[139.902581297,35.428368892],[139.903091388,35.427940333],[139.902997925,35.427223225],[139.900983126,35.427510838],[139.90109249,35.428704063],[139.900888042,35.427067036],[139.902157367,35.42613345],[139.901787043,35.425128234],[139.900203852,35.423652432],[139.897344929,35.423276288],[139.897424877,35.423819883],[139.899052296,35.424486955],[139.897192827,35.423944405],[139.896906667,35.419120946],[139.899062192,35.418918937],[139.899597678,35.418489847],[139.899896602,35.416819901],[139.901326641,35.415744261],[139.904345577,35.414549423],[139.90417227,35.414296315],[139.901910013,35.415338748],[139.901537224,35.414745748],[139.90154524,35.415244396],[139.899878145,35.415533514],[139.899604423,35.417577703],[139.899212879,35.418020685],[139.898561621,35.417587739],[139.897724708,35.415883072],[139.897706511,35.413911153],[139.898141842,35.413029973],[139.897408716,35.412178802],[139.898074786,35.409853432],[139.897857276,35.409239414],[139.898860623,35.408235243],[139.899280026,35.406634288],[139.901017263,35.406706252],[139.901225214,35.404441333],[139.90219546,35.404107441],[139.901502516,35.402816378],[139.901665253,35.403100144],[139.902198729,35.402905405],[139.901806602,35.402164486],[139.901271141,35.402353279],[139.901414617,35.402647955],[139.90078179,35.401457721],[139.901935097,35.400664703],[139.90306668,35.400907694],[139.903915344,35.400616991],[139.902209974,35.399458838],[139.906806913,35.38881755],[139.907590233,35.387743036],[139.907957652,35.387482387],[139.906972088,35.388630405],[139.906830311,35.389494225],[139.913284968,35.391381297],[139.914416472,35.388882748],[139.918363463,35.389620072],[139.918102892,35.389189288],[139.918630454,35.387473973],[139.918030817,35.386993495],[139.918484384,35.386848045],[139.918738664,35.385915171],[139.918083554,35.385742739],[139.917863126,35.386952505],[139.916844112,35.387543099],[139.915778898,35.38732055],[139.915513515,35.386561468],[139.914476861,35.387257072],[139.914914643,35.386711153],[139.91783153,35.38568009],[139.917345966,35.382254505],[139.917821245,35.382326559],[139.917985863,35.381686919],[139.916881569,35.381497009],[139.916760623,35.381940045],[139.916682218,35.381466856],[139.915351946,35.381367351],[139.915013748,35.381953225],[139.915413696,35.382344982],[139.914949663,35.382146892],[139.913934617,35.383363946],[139.914964981,35.384126577],[139.912698936,35.382769378],[139.914582996,35.379917216],[139.914239909,35.379419486],[139.912835785,35.379431793],[139.910950856,35.380706973],[139.897615837,35.375029586],[139.899102672,35.372694387],[139.904478392,35.374983838],[139.907419364,35.370340694],[139.902347588,35.368179279],[139.899842815,35.372111757],[139.894659533,35.369890802],[139.892706083,35.372972532],[139.887814838,35.370888054],[139.891406044,35.365244054],[139.893987977,35.363135559],[139.895224501,35.363545505],[139.895480026,35.363140919],[139.894314008,35.362620117],[139.896527367,35.359160279],[139.89739738,35.358998964],[139.897899728,35.358372802],[139.896987562,35.358540613],[139.894082451,35.357142757],[139.891322477,35.361485892],[139.887519663,35.361489649],[139.89545847,35.348659694],[139.897345422,35.347081108],[139.897821505,35.343793892],[139.898754553,35.341860306],[139.898446226,35.339701694],[139.89944786,35.33901836],[139.898888145,35.337370613],[139.90023703,35.337329225],[139.904610636,35.335212838],[139.90566428,35.338371694],[139.908888171,35.337802532],[139.909418171,35.338941414],[139.911532361,35.339241108],[139.911824034,35.340457225],[139.9132607,35.339378613],[139.913024864,35.340341946],[139.913724578,35.339930838],[139.914494578,35.340697225],[139.916076252,35.340057775],[139.917271245,35.338923892],[139.917702088,35.339418892],[139.918513476,35.339405559],[139.918753774,35.340361387],[139.919568223,35.339459721],[139.920081829,35.340354721],[139.920744332,35.340503892],[139.922926278,35.337972505],[139.924433502,35.338331946],[139.924889053,35.337484441],[139.926465447,35.337497505],[139.927252114,35.33686],[139.926465447,35.338467225],[139.92666406,35.339294135],[139.92769406,35.338819171],[139.928058495,35.337910559],[139.928315447,35.338568054],[139.929739922,35.338500532],[139.929822672,35.337612225],[139.930477665,35.337241946],[139.929929339,35.336458892],[139.931702412,35.338453027],[139.932266031,35.338266919],[139.932421025,35.337544973],[139.933357419,35.33768636],[139.933757419,35.336993892],[139.934466861,35.337448027],[139.935735188,35.337178306],[139.937229079,35.338281919],[139.937711025,35.337746081],[139.936941855,35.336748865],[139.938506031,35.337733027],[139.939221582,35.335649973],[139.940514358,35.33608164],[139.945778521,35.333374414],[139.945791582,35.332760559],[139.946618807,35.332483027],[139.948118275,35.333492468],[139.948754942,35.333120802],[139.948794112,35.332237468],[139.951074358,35.330804694],[139.951719079,35.329726387],[139.953379079,35.329864135],[139.954195227,35.330534694],[139.954812996,35.330334694],[139.957478586,35.331495532],[139.964272776,35.331527171],[139.965683281,35.327017748],[139.972265772,35.322507468],[139.973439364,35.320863586],[139.973870726,35.318313333],[139.975807665,35.318593027],[139.97757572,35.318018027],[139.978579339,35.317211919],[139.979413502,35.317362468],[139.980894034,35.315128027],[139.981395162,35.31657636],[139.982807393,35.316997468],[139.983677419,35.319338306],[139.984299364,35.319769108],[139.986070467,35.319483559],[139.987628003,35.317603775],[139.990013645,35.319733802],[139.991932724,35.31751736],[139.994629585,35.316815775],[139.996040973,35.315663559],[139.996358807,35.315902532],[139.997021284,35.315559387],[139.996078366,35.317284586],[139.996781634,35.317702802],[139.997562581,35.317080198],[139.99728022,35.31773736],[139.99809939,35.32073964],[139.997720246,35.322376027],[139.997973891,35.325611865],[139.999815863,35.327298775],[140.001111971,35.326974054],[140.001430584,35.327331279],[140.001223411,35.333098775],[140.001530337,35.330985171],[140.004905032,35.326836],[140.005117224,35.325482108],[140.007470532,35.321991838],[140.007441362,35.321091559],[140.008338586,35.320936559],[140.008910532,35.319859613],[140.010238003,35.319016279],[140.010934643,35.315928775],[140.012844916,35.314773225],[140.013937108,35.312686559],[140.015506005,35.313466559],[140.016573281,35.316079892],[140.016113554,35.317011838],[140.016367445,35.318388775],[140.019245551,35.321503748],[140.020029442,35.321856532],[140.021156978,35.323957081],[140.021327834,35.325980387],[140.020802827,35.328820946],[140.021410921,35.329962892],[140.023328975,35.330460667],[140.026649248,35.329977892],[140.028881505,35.33034036],[140.033050415,35.333183973],[140.03577655,35.333891198],[140.036631556,35.334883108],[140.038211829,35.334643387],[140.041794643,35.335927559],[140.041032724,35.338228667],[140.043622724,35.337661171],[140.043967445,35.338517279],[140.042612438,35.339549505],[140.044451089,35.340719225],[140.04533192,35.341937802],[140.044991388,35.343128081],[140.043243333,35.345225865],[140.043641699,35.34588864],[140.043545305,35.34746864],[140.044265577,35.348332802],[140.046696446,35.34754336],[140.048161725,35.348080865],[140.048418949,35.348735306],[140.046580636,35.35067336],[140.048991479,35.350797252],[140.048582023,35.352019748],[140.051699274,35.352035865],[140.051596809,35.35534836],[140.053152361,35.355615838],[140.055215136,35.355639721],[140.056103748,35.355431387],[140.056279027,35.354544721],[140.0574793,35.354152775],[140.058703476,35.354328054],[140.060912607,35.350911946],[140.061835668,35.351079441],[140.064308444,35.349924721],[140.065503191,35.349832225],[140.069093722,35.346803306],[140.070048444,35.346747468],[140.070619559,35.345852468],[140.07161511,35.345509694],[140.073555668,35.345374135],[140.075257912,35.346588306],[140.077126809,35.345978027],[140.076922361,35.346774973],[140.077614034,35.346855532],[140.078920973,35.346439973],[140.079345136,35.345545252],[140.080994034,35.344933279],[140.081461803,35.344079387],[140.081188755,35.345054387],[140.079541245,35.34584136],[140.082115422,35.345785775],[140.083014332,35.347079387],[140.084037665,35.346917171],[140.083327108,35.345846892],[140.083062918,35.343788],[140.084700389,35.338400505],[140.086980117,35.337896333],[140.08770594,35.337064667],[140.087689533,35.336288279],[140.089382309,35.335062171],[140.090105084,35.333823559],[140.091938145,35.333756892],[140.090077004,35.330850468],[140.09266144,35.330401865],[140.093925058,35.32831936],[140.094821997,35.328235468],[140.095852555,35.328690198],[140.097196719,35.32695936],[140.097897004,35.327072973],[140.098306744,35.328557135],[140.09999869,35.328431586],[140.101365914,35.326767973],[140.103497588,35.327001027],[140.104168975,35.326101306],[140.10392061,35.324311279],[140.106330337,35.323078775],[140.107644501,35.320670171],[140.109146719,35.319192108],[140.10989061,35.320473505],[140.108911997,35.321602108],[140.108466744,35.324513225],[140.110023411,35.324862946],[140.111001193,35.324374892],[140.11126511,35.327061027],[140.113088755,35.329107135],[140.114717056,35.328688252],[140.116488171,35.328777721],[140.119564034,35.331359694],[140.120048197,35.332618027],[140.121404864,35.333404694],[140.120425136,35.334305532],[140.12163655,35.33545136],[140.121506278,35.337389973],[140.122592944,35.338824721],[140.124769883,35.338901946],[140.125940195,35.340578892],[140.126290195,35.341957252],[140.128495473,35.34305864],[140.129692166,35.346831694],[140.124086109,35.351203613],[140.122085863,35.355237505],[140.122899494,35.358643613],[140.118929222,35.360533613],[140.118138975,35.361898054],[140.120628145,35.364251667],[140.119699248,35.365085838],[140.11844703,35.365262505],[140.117771777,35.366536108],[140.117037056,35.366661081],[140.116157056,35.367873865],[140.114692361,35.370605252],[140.113245694,35.370799694],[140.111872633,35.372330532],[140.11164572,35.373384694],[140.110613774,35.37375664],[140.109614332,35.375319135],[140.110370169,35.375654973],[140.110391582,35.377779414],[140.109506031,35.379329414],[140.107236304,35.381317748],[140.105928833,35.384078865],[140.105382996,35.384469694],[140.104357445,35.38415136],[140.102243839,35.385160505],[140.102265499,35.384479946],[140.103341051,35.383845532],[140.10429131,35.382050252],[140.104404643,35.38126164],[140.103783528,35.380694414],[140.105684358,35.379153306],[140.104388223,35.377860532],[140.103481556,35.377789973],[140.104150441,35.37589636],[140.099656252,35.37504636],[140.094712944,35.377643865],[140.093152114,35.378908865],[140.091714332,35.379369973],[140.089904332,35.380861919],[140.089909637,35.38255164],[140.0905038,35.38348164],[140.091999922,35.384229694],[140.092583281,35.386736054],[140.09333939,35.387903838],[140.092142438,35.388099108],[140.091518275,35.388538],[140.091895772,35.387519946],[140.0911238,35.384702198],[140.089085473,35.38320636],[140.087957977,35.383450532],[140.085079339,35.382414973],[140.083974617,35.382875252],[140.083040752,35.384847748],[140.08133406,35.384659973],[140.081416304,35.385320252],[140.080212387,35.38544636],[140.076424617,35.385097198],[140.075544332,35.385432468],[140.072789585,35.383285532],[140.069905694,35.383800802],[140.068232361,35.383580252],[140.066142607,35.382675559],[140.065229274,35.382756387],[140.060520078,35.378669441],[140.05886061,35.378966108],[140.055225914,35.380944171],[140.053486446,35.378155559],[140.047599222,35.380590306],[140.045762244,35.378936135],[140.046472244,35.378319468],[140.045750026,35.377949748],[140.045076083,35.373525586],[140.044115525,35.373733919],[140.043436641,35.372569468],[140.042418859,35.372609468],[140.042343554,35.371060865],[140.035346031,35.371283108],[140.035338249,35.369498387],[140.03408489,35.366146441],[140.034372633,35.363829505],[140.033264034,35.363118667],[140.033511803,35.362813946],[140.032799274,35.361110054],[140.03069511,35.360334775],[140.027113995,35.360764505],[140.027122023,35.360253946],[140.024274254,35.360415081],[140.023620363,35.359953694],[140.02292,35.357007441],[140.024845032,35.35282064],[140.022106394,35.352255081],[140.021571115,35.352466198],[140.021074163,35.352096198],[140.019153891,35.352656468],[140.019947224,35.350723135],[140.019044721,35.351047865],[140.019307471,35.349876748],[140.017724137,35.34881036],[140.017114423,35.347617027],[140.015530778,35.346215946],[140.015272724,35.345167613],[140.013575473,35.344557333],[140.012944643,35.343605108],[140.009138807,35.344612613],[140.008116031,35.345295667],[140.005674086,35.344849],[140.005376589,35.345092613],[140.006249364,35.345930108],[140.00602131,35.346222054],[140.004964086,35.345361225],[140.004716005,35.344134027],[140.00341572,35.343767919],[140.001580169,35.344819586],[140.001594916,35.345121252],[140.002814643,35.345405414],[140.001524643,35.345657919],[140.001177691,35.346096252],[140.002347977,35.346694279],[140.0016338,35.346881252],[140.000368521,35.346267919],[139.999414086,35.347270973],[139.999157977,35.348167081],[139.999555188,35.348695973],[140.00150856,35.349142613],[140.000602166,35.349841775],[140.000407717,35.350985667],[139.999852438,35.350961225],[139.999579663,35.349465946],[139.999103839,35.350626775],[139.998403281,35.350432054],[139.998899105,35.349115694],[139.998284358,35.348734027],[139.997709079,35.348855973],[139.997385227,35.34960264],[139.996564358,35.34906736],[139.996897445,35.350401802],[139.996222724,35.349708198],[139.995834384,35.350052919],[139.995834358,35.348636802],[139.995281855,35.348529306],[139.995018833,35.350130973],[139.995932996,35.350933198],[139.996756329,35.350674865],[139.998977173,35.351377054],[140.000533865,35.352630108],[140.00149834,35.357362333],[140.003214475,35.359810108],[140.001703917,35.362920387],[140.001197613,35.362854865],[139.998867276,35.364517054],[139.998165616,35.367740108],[139.999076744,35.369175387],[140.000840921,35.370261225],[140.002032049,35.371823135],[140.002059001,35.372992586],[140.000703476,35.37545564],[140.000796524,35.377312306],[140.001743774,35.378915081],[140.000543502,35.378813135],[140.001388223,35.380084532],[140.000614617,35.381913135],[140.001463256,35.383588973],[140.003485473,35.382562586],[140.003969637,35.383675919],[140.003663256,35.384470919],[140.004411336,35.386173973],[140.003606887,35.386312027],[140.00263939,35.387386748],[139.99971939,35.387415919],[139.998810506,35.38838036],[139.996541608,35.389580919],[139.995336057,35.389575919],[139.994801946,35.391393027],[139.993154475,35.391543919],[139.992685084,35.393062802],[139.992157445,35.392914802],[139.992157445,35.393387027],[139.992223281,35.393702586],[139.994961634,35.394634532],[139.997010532,35.396133694],[140.000039728,35.396885081],[140.002331388,35.396254252],[140.006587497,35.393675919],[140.007222244,35.395224252],[140.007939468,35.395733694],[140.008585058,35.398429802],[140.008215888,35.398686198],[140.010459494,35.398271198],[140.011421193,35.401268694],[140.010840921,35.40141564],[140.011753995,35.404335919],[140.009003969,35.405050919],[140.001848392,35.405090946],[139.998423113,35.405625108],[139.997117276,35.404906225],[139.995359222,35.405046225],[139.994818638,35.405149],[139.994780052,35.407027613],[139.992641997,35.407027892],[139.990993385,35.407722892],[139.990724228,35.408438721],[139.98929642,35.408209279],[139.983641971,35.409145667],[139.980185837,35.409309802],[139.979435006,35.407749802],[139.977143022,35.408392306],[139.975331089,35.407513135],[139.971293865,35.409712027],[139.972041388,35.412181198],[139.973952218,35.413895081],[139.975310584,35.41703564],[139.973202244,35.41806564],[139.972948366,35.417686198],[139.967968911,35.420132559],[139.963832503,35.419791441],[139.964122776,35.418144505],[139.966018612,35.417869505],[139.965983333,35.417228946],[139.965217782,35.417220613],[139.964724695,35.415933387],[139.965300804,35.415670613],[139.965345253,35.414942838],[139.964500804,35.415327],[139.964138859,35.414591721],[139.963609416,35.414805613],[139.961629663,35.413714748],[139.958137691,35.413440586],[139.958732412,35.412978919],[139.958167977,35.412884468],[139.956662387,35.41058364],[139.955552944,35.410587532],[139.955336005,35.411402802],[139.953227108,35.412925838],[139.953187665,35.413386108],[139.95092489,35.413321108],[139.948777393,35.415154414],[139.943357367,35.416874387],[139.942257951,35.418423279],[139.942384617,35.421009667],[139.941555447,35.421348838],[139.94033655,35.420571865],[139.938402387,35.421396586],[139.942497445,35.426332721],[139.946457471,35.428120775],[139.945516355,35.429830775],[139.945763891,35.432237171],[139.950075331,35.43774636],[139.949495331,35.438808279],[139.950222581,35.439087171],[139.948610558,35.442181486]]]},"properties":{"N03_001":"千葉県","N03_002":null,"N03_003":null,"N03_004":"木更津市","N03_005":null,"N03_007":"12206"}},
{"type":"Feature","geometry":{"type":"Polygon","coordinates":[[[139.872767601,35.465926712],[139.872203878,35.465383162],[139.87345668,35.464146207],[139.878375058,35.461078982],[139.879077043,35.461755847],[139.874495642,35.465160027],[139.872767601,35.465926712]]]},"properties":{"N03_001":"千葉県","N03_002":null,"N03_003":null,"N03_004":"木更津市","N03_005":null,"N03_007":"12206"}},
{"type":"Feature","geometry":{"type":"Polygon","coordinates":[[[139.908333333,35.387164288],[139.91123297,35.384737613],[139.912274475,35.384194351],[139.913115357,35.385502333],[139.911178729,35.386046568],[139.90996847,35.385808378],[139.908333333,35.387164288]]]},"properties":{"N03_001":"千葉県","N03_002":null,"N03_003":null,"N03_004":"木更津市","N03_005":null,"N03_007":"12206"}},
{"type":"Feature","geometry":{"type":"Polygon","coordinates":[[[139.917809261,35.389133514],[139.914094864,35.388446018],[139.914409364,35.387674018],[139.914440973,35.388126333],[139.917809261,35.389133514]]]},"properties":{"N03_001":"千葉県","N03_002":null,"N03_003":null,"N03_004":"木更津市","N03_005":null,"N03_007":"12206"}},
{"type":"Feature","geometry":{"type":"Polygon","coordinates":[[[139.891032218,35.377295198],[139.891934838,35.377748081],[139.88987716,35.37687009],[139.88244227,35.376810514],[139.889895045,35.376808973],[139.891032218,35.377295198]]]},"properties":{"N03_001":"千葉県","N03_002":null,"N03_003":null,"N03_004":"木更津市","N03_005":null,"N03_007":"12206"}},
{"type":"Feature","geometry":{"type":"Polygon","coordinates":[[[139.892778898,35.37803964],[139.89682048,35.379829333],[139.892263139,35.37788909],[139.892778898,35.37803964]]]},"properties":{"N03_001":"千葉県","N03_002":null,"N03_003":null,"N03_004":"木更津市","N03_005":null,"N03_007":"12206"}},
{"type":"Feature","geometry":{"type":"Polygon","coordinates":[[[139.900137043,35.416497514],[139.900183165,35.416081946],[139.900999546,35.41580782],[139.900137043,35.416497514]]]},"properties":{"N03_001":"千葉県","N03_002":null,"N03_003":null,"N03_004":"木更津市","N03_005":null,"N03_007":"12206"}},
{"type":"Feature","geometry":null,"properties":{"N03_001":"千葉県","N03_002":null,"N03_003":null,"N03_004":"木更津市","N03_005":null,"N03_007":"12206"}},
{"type":"Feature","geometry":null,"properties":{"N03_001":"千葉県","N03_002":null,"N03_003":null,"N03_004":"木更津市","N03_005":null,"N03_007":"12206"}},
{"type":"Feature","geometry":null,"properties":{"N03_001":"千葉県","N03_002":null,"N03_003":null,"N03_004":"木更津市","N03_005":null,"N03_007":"12206"}},
{"type":"Feature","geometry":null,"properties":{"N03_001":"千葉県","N03_002":null,"N03_003":null,"N03_004":"木更津市","N03_005":null,"N03_007":"12206"}},
{"type":"Feature","geometry":null,"properties":{"N03_001":"千葉県","N03_002":null,"N03_003":null,"N03_004":"木更津市","N03_005":null,"N03_007":"12206"}},
{"type":"Feature","geometry":null,"properties":{"N03_001":"千葉県","N03_002":null,"N03_003":null,"N03_004":"木更津市","N03_005":null,"N03_007":"12206"}},
{"type":"Feature","geometry":null,"properties":{"N03_001":"千葉県","N03_002":null,"N03_003":null,"N03_004":"木更津市","N03_005":null,"N03_007":"12206"}},
{"type":"Feature","geometry":null,"properties":{"N03_001":"千葉県","N03_002":null,"N03_003":null,"N03_004":"木更津市","N03_005":null,"N03_007":"12206"}},
{"type":"Feature","geometry":null,"properties":{"N03_001":"千葉県","N03_002":null,"N03_003":null,"N03_004":"木更津市","N03_005":null,"N03_007":"12206"}},
{"type":"Feature","geometry":null,"properties":{"N03_001":"千葉県","N03_002":null,"N03_003":null,"N03_004":"木更津市","N03_005":null,"N03_007":"12206"}},
{"type":"Feature","geometry":null,"properties":{"N03_001":"千葉県","N03_002":null,"N03_003":null,"N03_004":"木更津市","N03_005":null,"N03_007":"12206"}},
{"type":"Feature","geometry":null,"properties":{"N03_001":"千葉県","N03_002":null,"N03_003":null,"N03_004":"木更津市","N03_005":null,"N03_007":"12206"}},
{"type":"Feature","geometry":null,"properties":{"N03_001":"千葉県","N03_002":null,"N03_003":null,"N03_004":"木更津市","N03_005":null,"N03_007":"12206"}},
{"type":"Feature","geometry":null,"properties":{"N03_001":"千葉県","N03_002":null,"N03_003":null,"N03_004":"木更津市","N03_005":null,"N03_007":"12206"}},
{"type":"Feature","geometry":null,"properties":{"N03_001":"千葉県","N03_002":null,"N03_003":null,"N03_004":"木更津市","N03_005":null,"N03_007":"12206"}},
{"type":"Feature","geometry":null,"properties":{"N03_001":"千葉県","N03_002":null,"N03_003":null,"N03_004":"木更津市","N03_005":null,"N03_007":"12206"}},
{"type":"Feature","geometry":null,"properties":{"N03_001":"千葉県","N03_002":null,"N03_003":null,"N03_004":"木更津市","N03_005":null,"N03_007":"12206"}},
{"type":"Feature","geometry":null,"properties":{"N03_001":"千葉県","N03_002":null,"N03_003":null,"N03_004":"木更津市","N03_005":null,"N03_007":"12206"}},
{"type":"Feature","geometry":null,"properties":{"N03_001":"千葉県","N03_002":null,"N03_003":null,"N03_004":"木更津市","N03_005":null,"N03_007":"12206"}},
{"type":"Feature","geometry":null,"properties":{"N03_001":"千葉県","N03_002":null,"N03_003":null,"N03_004":"木更津市","N03_005":null,"N03_007":"12206"}},
{"type":"Feature","geometry":{"type":"Polygon","coordinates":[[[139.941485811,35.834871505],[139.939275253,35.834594838],[139.939084695,35.834086775],[139.93821192,35.833830946],[139.937898859,35.834800387],[139.937410532,35.834677613],[139.935796667,35.839753171],[139.931770584,35.844401775],[139.929545058,35.848708721],[139.928316446,35.849768721],[139.922587523,35.849017892],[139.918276394,35.846063748],[139.917705837,35.844696252],[139.918316355,35.843065973],[139.91817358,35.841607081],[139.917162996,35.839840135],[139.915037691,35.837699306],[139.912329637,35.836597919],[139.906573217,35.836597667],[139.906020973,35.833233225],[139.903541803,35.833638775],[139.903167328,35.832553505],[139.901950117,35.832830171],[139.901418171,35.830707946],[139.899389831,35.831101],[139.899239001,35.830592108],[139.899049831,35.830933775],[139.898394812,35.830671279],[139.897494553,35.831125171],[139.897454254,35.830070468],[139.898711479,35.830036838],[139.898586744,35.829293802],[139.900626744,35.828360171],[139.900332581,35.827511865],[139.894721725,35.82807464],[139.894459805,35.830120468],[139.888514501,35.830197973],[139.888898106,35.827394081],[139.888040558,35.823212414],[139.891171946,35.819869108],[139.891660804,35.818328838],[139.890373528,35.810856054],[139.888819339,35.807106919],[139.890684838,35.801553586],[139.890800661,35.799782198],[139.889925914,35.797764973],[139.888523411,35.796450802],[139.888281997,35.794583027],[139.890826135,35.790180802],[139.894543307,35.780325838],[139.893803307,35.778706387],[139.892000778,35.777426108],[139.881751556,35.77285836],[139.880287951,35.770801694],[139.879389857,35.768013081],[139.880087367,35.765954748],[139.882474553,35.762584198],[139.883208418,35.75862336],[139.890443917,35.750275865],[139.892632827,35.752029198],[139.894083671,35.751002802],[139.894926161,35.750924748],[139.896142283,35.751767802],[139.895328392,35.752852802],[139.897176161,35.75242336],[139.898291997,35.753342532],[139.899645616,35.753444198],[139.900062309,35.75437336],[139.901236744,35.754935027],[139.901930078,35.755796135],[139.90142786,35.756734441],[139.901607056,35.758303613],[139.903382918,35.764057225],[139.903984306,35.765217225],[139.90615655,35.767246946],[139.909400169,35.766728054],[139.910227108,35.765399171],[139.912095162,35.764960838],[139.912393502,35.765318892],[139.913722361,35.763977775],[139.916052088,35.762737225],[139.918893748,35.762900559],[139.9232307,35.761622225],[139.921617613,35.757450279],[139.927191777,35.757863054],[139.928072335,35.758381108],[139.927849559,35.758626946],[139.928706226,35.759503613],[139.929329001,35.759380279],[139.929921777,35.759958865],[139.931555383,35.75982136],[139.931307588,35.757126108],[139.932239248,35.754688333],[139.930252023,35.754301946],[139.930013943,35.753273613],[139.929460895,35.753561387],[139.92883144,35.752542505],[139.929691167,35.752466108],[139.929745888,35.751510559],[139.933368911,35.748969441],[139.935857523,35.749015559],[139.937303087,35.749805559],[139.936834189,35.748805279],[139.938359468,35.748601946],[139.939652776,35.746720559],[139.944565032,35.750028027],[139.943601141,35.751300532],[139.94390978,35.754038027],[139.943480636,35.755350532],[139.945028975,35.756354973],[139.944824527,35.75722164],[139.944040117,35.757712468],[139.941942581,35.757493306],[139.94082703,35.756808306],[139.940579805,35.757144694],[139.941803722,35.758019973],[139.943726498,35.758385802],[139.946797367,35.76094664],[139.948667367,35.76117164],[139.951404034,35.760812748],[139.951706835,35.762759694],[139.95099297,35.765198559],[139.948137134,35.766306054],[139.94763297,35.767082171],[139.948248275,35.768206613],[139.949124669,35.768306054],[139.949651894,35.769901333],[139.953685253,35.771375775],[139.954347198,35.770171333],[139.955735772,35.769339387],[139.954711089,35.770414946],[139.954424968,35.771912171],[139.956733606,35.773969387],[139.957278366,35.775126054],[139.958731414,35.775602414],[139.961850026,35.775282694],[139.962625863,35.774514081],[139.963729468,35.774249081],[139.964750584,35.774585468],[139.967754475,35.774506586],[139.970745331,35.775602973],[139.972166446,35.775602973],[139.97458144,35.775036586],[139.975078106,35.774060468],[139.975945058,35.773845441],[139.976303385,35.774438775],[139.977012283,35.774482108],[139.983650636,35.773391559],[139.984319559,35.776165441],[139.972936783,35.780157387],[139.972545914,35.778351279],[139.968668418,35.778191586],[139.968410441,35.786308505],[139.97131489,35.786322667],[139.971234358,35.787846838],[139.976959364,35.786964892],[139.977217691,35.786465441],[139.978238833,35.787796802],[139.978787717,35.787612919],[139.980465811,35.788795414],[139.984602192,35.78846736],[139.985814449,35.789843198],[139.988965006,35.790755973],[139.991421414,35.790024838],[139.991628612,35.788997919],[139.994495006,35.787432054],[139.996829196,35.787709279],[140.000930337,35.790946775],[140.000678145,35.791542054],[140.001364527,35.792337333],[140.00060869,35.792726225],[140.000472023,35.793519],[140.001220117,35.794746748],[140.000817613,35.795358414],[139.999940947,35.795574802],[139.999313165,35.796768135],[139.996747613,35.797133171],[139.99552345,35.797839],[139.994229001,35.797802054],[139.995245668,35.798183171],[139.995410143,35.798777027],[139.997114864,35.799602306],[139.998011829,35.800603973],[139.996822672,35.801654252],[139.998636589,35.803676748],[139.997884916,35.804392865],[139.995297665,35.802571198],[139.99568489,35.80224564],[139.995159611,35.801924802],[139.993219611,35.803417865],[139.991444034,35.801611505],[139.989915966,35.802085387],[139.989455966,35.803129838],[139.988797639,35.803465108],[139.989622944,35.804364532],[139.990453774,35.803931748],[139.991821829,35.805908973],[139.991212944,35.805469252],[139.989041829,35.806807865],[139.98778489,35.805927586],[139.986854384,35.807024108],[139.985624254,35.806537333],[139.985950895,35.80611864],[139.985475694,35.805517054],[139.985945577,35.805058694],[139.985238612,35.804935054],[139.984982555,35.804029802],[139.981480921,35.800181225],[139.979639805,35.800574838],[139.978792283,35.798295694],[139.967341725,35.802707919],[139.967040337,35.80430236],[139.966557834,35.80427736],[139.967382023,35.804508748],[139.967373165,35.807994865],[139.9584862,35.809272081],[139.954395694,35.815911802],[139.952462361,35.817246802],[139.95177406,35.81928236],[139.951647691,35.822960667],[139.950035188,35.824432892],[139.949458521,35.824398171],[139.949694086,35.824859],[139.94907214,35.826081775],[139.949874112,35.826188171],[139.950560506,35.826861225],[139.949961894,35.828735946],[139.947154968,35.830220108],[139.948259144,35.830907333],[139.94674275,35.831832892],[139.945251362,35.831445946],[139.943885525,35.832844],[139.942328029,35.832364],[139.940864695,35.834257613],[139.941485811,35.834871505]]]},"properties":{"N03_001":"千葉県","N03_002":null,"N03_003":null,"N03_004":"松戸市","N03_005":null,"N03_007":"12207"}},
{"type":"Feature","geometry":{"type":"Polygon","coordinates":[[[139.951899922,35.935846946],[139.94785297,35.937676387],[139.942442387,35.938949171],[139.938639339,35.940570559],[139.936461025,35.942422252],[139.933586304,35.94643836],[139.931655227,35.950766694],[139.933909416,35.95485336],[139.933761089,35.955942252],[139.934617198,35.957151414],[139.935385811,35.957428081],[139.938069728,35.962121135],[139.936761971,35.965907532],[139.934598638,35.967994748],[139.932309754,35.969490865],[139.924253359,35.970530586],[139.923661414,35.970237252],[139.916341388,35.970361973],[139.912894449,35.971440027],[139.909347782,35.973495865],[139.899375279,35.977520027],[139.896855279,35.978929198],[139.884163645,35.988828081],[139.882333087,35.991449721],[139.878360078,36.00729636],[139.876417588,36.010619135],[139.871751479,36.014426919],[139.85756786,36.029047441],[139.847357834,36.033860505],[139.841327562,36.037743559],[139.837235058,36.041101027],[139.823355305,36.054442973],[139.813670584,36.062425468],[139.810224475,36.066644919],[139.808903087,36.069037387],[139.80564144,36.079071559],[139.803785357,36.086855135],[139.801192049,36.091964865],[139.797446226,36.096359306],[139.786775668,36.104099892],[139.783529533,36.101552946],[139.779025331,36.099352694],[139.776768664,36.097057135],[139.776017808,36.093861027],[139.776305006,36.090354919],[139.777255837,36.087604667],[139.779867224,36.082757171],[139.78022358,36.078570505],[139.78219358,36.075232171],[139.782760778,36.070218306],[139.787603281,36.064891919],[139.791054916,36.058509135],[139.794699663,36.055945802],[139.797665499,36.052334694],[139.801418275,36.04941164],[139.804592724,36.044641387],[139.814672438,36.037705559],[139.817282438,36.032504721],[139.817443839,36.030112802],[139.813987977,36.025016721],[139.813421855,36.023425054],[139.816965668,36.003195919],[139.816620117,36.001492333],[139.814447302,35.998855108],[139.814259248,35.997061225],[139.815412581,35.995571225],[139.817552309,35.994080387],[139.826396744,35.983956198],[139.826720052,35.980742027],[139.825105305,35.974869],[139.82565834,35.972762054],[139.827234449,35.971360946],[139.832459196,35.969607865],[139.833876693,35.968304532],[139.835238911,35.964868135],[139.835008612,35.960246198],[139.837773307,35.953905919],[139.846458249,35.940989252],[139.849291025,35.938348414],[139.860919663,35.932493694],[139.863176031,35.930644532],[139.8657138,35.927973414],[139.867902672,35.924724532],[139.87125153,35.916708135],[139.874755668,35.912940081],[139.878519027,35.913083414],[139.890608495,35.915382586],[139.900688807,35.914789775],[139.901172996,35.916965613],[139.90195939,35.918078387],[139.902743839,35.918357559],[139.904996057,35.916988667],[139.906453281,35.917074225],[139.90666939,35.916010333],[139.908006057,35.916111171],[139.910461894,35.915283108],[139.912407717,35.915098108],[139.911768029,35.918137],[139.914102503,35.918923108],[139.91300834,35.919259775],[139.913003061,35.919759505],[139.915195279,35.919427838],[139.915592776,35.919709225],[139.916466109,35.919111171],[139.91739,35.919102838],[139.92016834,35.916888946],[139.924119728,35.916476973],[139.928849468,35.918150306],[139.932286161,35.921833081],[139.934233113,35.922585027],[139.934550363,35.924396973],[139.935270636,35.925545865],[139.93667703,35.926126135],[139.93696786,35.925713919],[139.940112335,35.927105279],[139.940144553,35.927487505],[139.94213428,35.928626108],[139.941186783,35.927483054],[139.942842049,35.926910279],[139.94376594,35.927233613],[139.943555383,35.927569721],[139.942530661,35.927318892],[139.942072049,35.927680559],[139.943374553,35.928371946],[139.942694578,35.928824171],[139.945470415,35.929274441],[139.945582918,35.930345279],[139.946745136,35.931347775],[139.948986835,35.931177505],[139.951899922,35.935846946]]]},"properties":{"N03_001":"千葉県","N03_002":null,"N03_003":null,"N03_004":"野田市","N03_005":null,"N03_007":"12208"}},
{"type":"Feature","geometry":{"type":"Polygon","coordinates":[[[140.381359948,35.475489532],[140.380605447,35.475766946],[140.380935227,35.476445135],[140.380524942,35.476697865],[140.379833865,35.476889532],[140.37969939,35.476438973],[140.378797198,35.47674564],[140.37939275,35.478047586],[140.379306394,35.479438135],[140.378058612,35.479908135],[140.378423333,35.48055064],[140.379008612,35.480502865],[140.377798106,35.483885892],[140.378335616,35.484087279],[140.378575914,35.485197559],[140.378009533,35.485283667],[140.378220636,35.486137279],[140.378690921,35.486032],[140.378882892,35.487499225],[140.376683748,35.488656721],[140.377250143,35.489654225],[140.374760726,35.491538387],[140.374847134,35.492343946],[140.374280752,35.492526171],[140.374578521,35.493475892],[140.373177173,35.494310054],[140.369642438,35.493565333],[140.367816057,35.493606171],[140.366279663,35.493869225],[140.364844423,35.495222559],[140.363370558,35.495551171],[140.362468029,35.494447838],[140.361494163,35.495668108],[140.361199416,35.494732838],[140.360833061,35.495419775],[140.358661946,35.495383135],[140.357447224,35.494432865],[140.356946939,35.494659252],[140.356044695,35.49347564],[140.355035006,35.494739802],[140.355776693,35.495485081],[140.354650856,35.49566036],[140.354204189,35.495097865],[140.353471414,35.495112306],[140.352776693,35.49599064],[140.353345863,35.496213135],[140.352184501,35.496629532],[140.348030726,35.485849],[140.347512387,35.484862613],[140.346592387,35.484782333],[140.342857977,35.485476225],[140.341210506,35.486665108],[140.341398275,35.487746505],[140.335733061,35.490334],[140.331167834,35.491561532],[140.330426161,35.491408198],[140.328856719,35.492153748],[140.325961751,35.492146252],[140.323026783,35.494261532],[140.32343153,35.494920414],[140.325863722,35.49428764],[140.327712918,35.495873441],[140.328549053,35.497577333],[140.329603476,35.497540946],[140.328417977,35.500150946],[140.325684112,35.501312333],[140.325455772,35.500939],[140.322775525,35.501238721],[140.322614669,35.500756505],[140.321551634,35.500968441],[140.321460506,35.500591225],[140.322032438,35.500430667],[140.320834942,35.499341802],[140.319566057,35.49959764],[140.319673554,35.499085973],[140.319057173,35.49912264],[140.317624423,35.500815973],[140.316284137,35.500684586],[140.315721089,35.50123264],[140.315971388,35.502817919],[140.315238612,35.502109306],[140.314890272,35.502459865],[140.313416939,35.501839865],[140.31171083,35.502102919],[140.31054917,35.501562081],[140.309298054,35.501927667],[140.307783606,35.501447946],[140.307184968,35.500293225],[140.305344695,35.499818225],[140.304509663,35.498980721],[140.303946641,35.499389892],[140.302002412,35.498927865],[140.302186939,35.498204694],[140.300331167,35.497173414],[140.298357445,35.498782973],[140.296516887,35.497869387],[140.298848833,35.497518532],[140.295203528,35.497248279],[140.29315214,35.496319387],[140.292821582,35.496662721],[140.290355473,35.496443586],[140.289269079,35.497008865],[140.288652412,35.496840802],[140.288035746,35.497374135],[140.285982477,35.496913748],[140.285319922,35.497797748],[140.283720467,35.497958586],[140.282091336,35.499343027],[140.280372698,35.498577775],[140.27796489,35.496054171],[140.277437912,35.494797505],[140.272114838,35.493602802],[140.269766252,35.494019505],[140.269864617,35.49630364],[140.271258521,35.498777252],[140.270853256,35.499754468],[140.266966329,35.501800027],[140.265143528,35.500423667],[140.262850506,35.502108946],[140.261117445,35.501677838],[140.261054942,35.502284225],[140.259703839,35.501702838],[140.259489364,35.500913667],[140.260284643,35.499532559],[140.261570999,35.498555892],[140.262975188,35.499055613],[140.263705447,35.498236721],[140.263376835,35.497860892],[140.262226278,35.497921171],[140.262664332,35.497182],[140.262370415,35.495767],[140.262817613,35.494305613],[140.261327056,35.49445064],[140.258092892,35.493588135],[140.256339559,35.494312027],[140.255187056,35.493932027],[140.2543262,35.492860108],[140.251199248,35.491851505],[140.252387834,35.490660667],[140.25362978,35.490574559],[140.253531725,35.490173171],[140.251673113,35.490275108],[140.252075032,35.489537333],[140.251481673,35.487405946],[140.247515006,35.486075973],[140.248320778,35.482465414],[140.248785227,35.482180414],[140.248490506,35.481753748],[140.249518249,35.480511802],[140.250224086,35.48057764],[140.250241855,35.480117081],[140.249589922,35.480080694],[140.249536304,35.479737081],[140.250206031,35.479315414],[140.249857393,35.478599586],[140.250223774,35.47743764],[140.24933847,35.476855171],[140.249159857,35.475547387],[140.25148703,35.471566],[140.253195616,35.470062667],[140.253660337,35.469076279],[140.253204773,35.468754892],[140.253419196,35.468162946],[140.252772802,35.466402946],[140.251915032,35.466585721],[140.251048612,35.466052667],[140.249949728,35.466183775],[140.249627782,35.465226865],[140.248663061,35.465073252],[140.248779689,35.464001865],[140.249843022,35.462993532],[140.24884939,35.461526865],[140.246737173,35.459992694],[140.245554669,35.460064946],[140.244448807,35.459397171],[140.245176861,35.458523838],[140.246897691,35.458134946],[140.248323217,35.456344387],[140.247793748,35.455408279],[140.248486252,35.454859108],[140.247987367,35.454360505],[140.247101803,35.454533559],[140.245797056,35.452130775],[140.245858444,35.451394135],[140.246737328,35.451373838],[140.247365084,35.450803838],[140.247215058,35.447679694],[140.247920895,35.447526081],[140.248349728,35.44337164],[140.249895253,35.441435532],[140.248789663,35.439136387],[140.250442724,35.438313892],[140.251702698,35.436721108],[140.253257419,35.436472505],[140.255047665,35.434429721],[140.257694864,35.432963892],[140.260825616,35.426326667],[140.259835305,35.425626973],[140.259753359,35.425050865],[140.261848612,35.423189468],[140.265011115,35.422926667],[140.264841673,35.422459198],[140.262974137,35.421516414],[140.261214942,35.419075892],[140.262262438,35.418073108],[140.260597419,35.415779775],[140.261405162,35.412329252],[140.260194306,35.411097027],[140.255146252,35.408759279],[140.253734553,35.407296225],[140.250656226,35.406283468],[140.249665383,35.405532081],[140.247852049,35.405339865],[140.247483139,35.403912387],[140.247776744,35.402806838],[140.248085058,35.402632387],[140.248914254,35.403281559],[140.24970703,35.403083198],[140.251502023,35.403460414],[140.252078418,35.404150973],[140.253491193,35.403778748],[140.255042309,35.404891802],[140.256496446,35.401522081],[140.25607808,35.400909027],[140.254255863,35.40050264],[140.254527523,35.399084333],[140.25504834,35.398699613],[140.257275279,35.398944892],[140.257605551,35.398272108],[140.259095551,35.397947387],[140.259391946,35.397324613],[140.260749689,35.396705721],[140.262911388,35.39887264],[140.266350558,35.398951532],[140.267231388,35.399522333],[140.269216667,35.399590946],[140.269187497,35.400257892],[140.271993606,35.401823973],[140.272801414,35.403713973],[140.273939196,35.404104802],[140.276431414,35.403252],[140.277715577,35.403396171],[140.27735,35.401510081],[140.279648029,35.399007306],[140.279839948,35.396473135],[140.276946861,35.394755946],[140.275902412,35.392935973],[140.276607108,35.390858198],[140.275953774,35.389674306],[140.276974034,35.387938468],[140.276834553,35.386141559],[140.277656783,35.386237667],[140.278186226,35.384995171],[140.277401219,35.384382387],[140.276952309,35.382893505],[140.279641997,35.380213532],[140.281587276,35.381001],[140.28360978,35.380887667],[140.28391061,35.381482667],[140.284776719,35.381609054],[140.287592283,35.381045135],[140.288986978,35.380119865],[140.292427523,35.38083264],[140.297730272,35.379426505],[140.299988366,35.380745387],[140.302285837,35.380547027],[140.303020026,35.38152064],[140.303779728,35.381250919],[140.307966667,35.382218667],[140.309921699,35.38374864],[140.309503359,35.384355586],[140.31006144,35.386083919],[140.311487562,35.386916694],[140.311252827,35.387878333],[140.311714812,35.389817775],[140.312206744,35.390196387],[140.312214254,35.391408027],[140.315153696,35.391335802],[140.315843696,35.390933027],[140.31679786,35.391570252],[140.318750363,35.391504135],[140.318056446,35.390354135],[140.319025616,35.390324414],[140.319649248,35.391562171],[140.320760078,35.392004387],[140.320260921,35.392911613],[140.32038511,35.395497441],[140.317755136,35.397766306],[140.316528223,35.400950198],[140.314529922,35.402667414],[140.313414358,35.402240748],[140.312236031,35.402360748],[140.313514384,35.405212135],[140.314463281,35.405834333],[140.31483022,35.405774333],[140.314683554,35.404986865],[140.315806861,35.403240198],[140.318366304,35.404738225],[140.319140752,35.405194613],[140.318627691,35.405852387],[140.320374643,35.406315135],[140.319914384,35.407123748],[140.322031336,35.407820973],[140.323035746,35.406925694],[140.325510195,35.407832892],[140.324757173,35.410164559],[140.32513856,35.410399],[140.325344423,35.41260064],[140.324235551,35.41545064],[140.324037276,35.418777838],[140.325123645,35.418519505],[140.325198392,35.419225892],[140.326145331,35.419303946],[140.32726808,35.419033387],[140.327268106,35.419574505],[140.329305305,35.419056171],[140.329606135,35.41978364],[140.334521946,35.418515586],[140.335073917,35.420078333],[140.336156978,35.420336667],[140.336808366,35.42224],[140.331563385,35.423548054],[140.331264254,35.425163613],[140.334327276,35.424129721],[140.334630052,35.424825279],[140.335163671,35.424704135],[140.336311193,35.426077198],[140.338363671,35.424284414],[140.338622283,35.42347664],[140.338961725,35.424179414],[140.339365888,35.42410664],[140.339654773,35.425531919],[140.338280895,35.425556081],[140.338426472,35.425951919],[140.339008145,35.425984135],[140.337561751,35.426525532],[140.337432581,35.426113586],[140.336753696,35.426234694],[140.336155357,35.426937198],[140.336276783,35.427559135],[140.337776472,35.427533865],[140.338075383,35.428527468],[140.338794838,35.42844664],[140.338770661,35.42897164],[140.339344553,35.428850532],[140.339861751,35.426387198],[140.341429248,35.425959135],[140.341915668,35.428604694],[140.342844838,35.428564135],[140.342901505,35.429000505],[140.346615383,35.428742721],[140.346922335,35.428169387],[140.348127691,35.433643559],[140.347549079,35.433624387],[140.347521051,35.434698279],[140.345357691,35.434564946],[140.340492438,35.436287171],[140.340513606,35.438298838],[140.339958612,35.438313],[140.340394163,35.438902721],[140.340444189,35.440809108],[140.339369494,35.442335505],[140.343773385,35.442328802],[140.34380144,35.442736027],[140.344925616,35.442742973],[140.345234501,35.443227414],[140.344672581,35.445150748],[140.342432023,35.445080468],[140.342425084,35.444153802],[140.341315084,35.444076586],[140.341455383,35.445731586],[140.341919001,35.446208802],[140.341757367,35.447296586],[140.3411393,35.447739081],[140.341351284,35.449617135],[140.342777108,35.44976464],[140.342339948,35.453208532],[140.346328003,35.453547387],[140.346436355,35.455749613],[140.35005358,35.455560171],[140.350441997,35.461674027],[140.35181144,35.461582919],[140.354877588,35.462819027],[140.356015084,35.462531532],[140.361055383,35.466404279],[140.360816304,35.471583441],[140.36151939,35.472719559],[140.360346355,35.474446505],[140.370096887,35.474193135],[140.370850195,35.473047306],[140.371355746,35.473076748],[140.37235489,35.470802054],[140.373203502,35.470873973],[140.372969027,35.469253441],[140.37230153,35.469100387],[140.376167639,35.469147027],[140.377610143,35.468612306],[140.378358755,35.469316198],[140.378473217,35.47070036],[140.379545746,35.47303564],[140.380291025,35.474219532],[140.380749922,35.474162027],[140.381359948,35.475489532]]]},"properties":{"N03_001":"千葉県","N03_002":null,"N03_003":null,"N03_004":"茂原市","N03_005":null,"N03_007":"12210"}},
{"type":"Feature","geometry":{"type":"Polygon","coordinates":[[[140.27788406,35.496278054],[140.278164332,35.496736946],[140.277502672,35.496262505],[140.276443217,35.496666667],[140.275563217,35.49580336],[140.276840441,35.495826667],[140.277315694,35.49501],[140.27788406,35.496278054]]]},"properties":{"N03_001":"千葉県","N03_002":null,"N03_003":null,"N03_004":"茂原市","N03_005":null,"N03_007":"12210"}},
{"type":"Feature","geometry":{"type":"Polygon","coordinates":[[[140.260437665,35.497204252],[140.2605293,35.496930919],[140.261387108,35.497031171],[140.262126278,35.498097838],[140.261642672,35.498225613],[140.260437665,35.497204252]]]},"properties":{"N03_001":"千葉県","N03_002":null,"N03_003":null,"N03_004":"茂原市","N03_005":null,"N03_007":"12210"}},
{"type":"Feature","geometry":{"type":"Polygon","coordinates":[[[140.440473865,35.867856],[140.440165227,35.866320721],[140.439242412,35.865405441],[140.439833256,35.865219892],[140.439401855,35.864225171],[140.438920467,35.864324613],[140.43843131,35.863406],[140.437667977,35.863571865],[140.437316278,35.863260198],[140.434525162,35.864016306],[140.432918781,35.863751027],[140.432673217,35.86429464],[140.430140169,35.863093559],[140.429808223,35.863571054],[140.427790726,35.863630505],[140.42497153,35.862018865],[140.424532049,35.861126081],[140.423065383,35.859972198],[140.422706783,35.860648586],[140.423083476,35.863894694],[140.422406524,35.864106919],[140.422877108,35.865153306],[140.422339339,35.865312468],[140.422558495,35.866240532],[140.419302387,35.866615838],[140.418147665,35.866330559],[140.412944812,35.861713081],[140.410904773,35.860475865],[140.411362827,35.859885586],[140.409090337,35.858639468],[140.409601971,35.857929748],[140.407903087,35.857776973],[140.408108911,35.856974748],[140.405967782,35.85634336],[140.405655837,35.856734468],[140.404408054,35.856217252],[140.40397,35.855434748],[140.403443333,35.855390027],[140.403084695,35.853460865],[140.39911856,35.852879505],[140.394356031,35.852792838],[140.394240506,35.854608667],[140.392295772,35.854570613],[140.392753281,35.855928667],[140.395003865,35.855797],[140.395219663,35.854605054],[140.395843839,35.854473387],[140.398041089,35.854508667],[140.398430246,35.855349505],[140.394169416,35.857576441],[140.395614721,35.859514225],[140.397023359,35.860120892],[140.397372802,35.860166721],[140.397292776,35.858582559],[140.396798612,35.857927],[140.398003061,35.858313667],[140.397546446,35.862743946],[140.399035058,35.863024225],[140.399565357,35.865482279],[140.400551505,35.867277559],[140.399913722,35.869501441],[140.398047056,35.869718973],[140.397989831,35.870010919],[140.399673476,35.870312838],[140.400068755,35.871297],[140.399455966,35.87160036],[140.401027665,35.872463108],[140.399277691,35.876190081],[140.397966031,35.877076748],[140.397084358,35.877179802],[140.394890778,35.880375081],[140.392076615,35.882874],[140.391984695,35.884228441],[140.392557471,35.884984],[140.391375253,35.886201225],[140.38822192,35.886195108],[140.385033281,35.885037333],[140.383738301,35.889533721],[140.381924423,35.890736775],[140.379759689,35.891223171],[140.375675253,35.894837613],[140.375170856,35.900397613],[140.375885331,35.902367892],[140.363715811,35.899385667],[140.359200195,35.897157613],[140.356958495,35.895634559],[140.353080389,35.891939559],[140.351511193,35.889296775],[140.349867808,35.885090387],[140.34838834,35.883209279],[140.341902438,35.878670946],[140.334967886,35.872387333],[140.332905642,35.871043721],[140.320250532,35.864939306],[140.317052996,35.864330694],[140.306927951,35.864720135],[140.299955966,35.866690387],[140.289363165,35.871425946],[140.287940389,35.870080108],[140.284455863,35.862495973],[140.280749974,35.861304306],[140.280740804,35.860080973],[140.281302477,35.859860414],[140.281146083,35.859510694],[140.282250532,35.859143198],[140.280235473,35.851934865],[140.277588223,35.85203236],[140.277560726,35.851686252],[140.27563655,35.851649306],[140.27564572,35.851161802],[140.274927665,35.85109736],[140.274881245,35.849794865],[140.2732793,35.849840694],[140.273224034,35.849500414],[140.274347367,35.84815764],[140.27569153,35.84861764],[140.276510973,35.847440414],[140.275461245,35.845916802],[140.275737328,35.845254613],[140.276649027,35.845227108],[140.277385136,35.845999586],[140.278204578,35.845880171],[140.278259857,35.846661802],[140.279640726,35.846634306],[140.279515694,35.842947108],[140.279874578,35.841273225],[140.281968716,35.838912387],[140.281323995,35.836787946],[140.2825262,35.833787946],[140.282616472,35.832152108],[140.283820363,35.831243505],[140.284721193,35.831377108],[140.284533969,35.829847946],[140.286121751,35.828573532],[140.285015888,35.827798532],[140.285435058,35.827391586],[140.283722555,35.82601936],[140.283156693,35.824911027],[140.281426693,35.823681027],[140.279498586,35.820297973],[140.27995358,35.820110748],[140.279746913,35.819730198],[140.278757173,35.818616586],[140.27815939,35.818741306],[140.277775772,35.817983802],[140.277419105,35.817966027],[140.276838003,35.819272414],[140.275027756,35.821197135],[140.270731582,35.822001865],[140.267987977,35.823243802],[140.266422361,35.819503973],[140.259187834,35.815003279],[140.258947004,35.815324081],[140.255607497,35.813510225],[140.25724,35.811411054],[140.251624306,35.800305532],[140.251482892,35.79712164],[140.249207782,35.788950532],[140.249323606,35.787359721],[140.250128054,35.785222505],[140.251582477,35.783664721],[140.254610532,35.781449441],[140.258155279,35.779555559],[140.259644695,35.777960559],[140.258948495,35.768316387],[140.257739857,35.764676694],[140.261497056,35.760224468],[140.26329869,35.754765306],[140.266352581,35.755334748],[140.270556783,35.755391387],[140.272153995,35.754913613],[140.272985966,35.755126108],[140.2738293,35.754623892],[140.275718197,35.755652775],[140.277519339,35.757465],[140.279404332,35.757429721],[140.283639339,35.753479694],[140.283875966,35.751443306],[140.289717108,35.75214664],[140.291224086,35.751594414],[140.289700195,35.752724135],[140.289841582,35.753373865],[140.290919922,35.75408664],[140.290036304,35.754094694],[140.288713281,35.757462748],[140.292040532,35.757453306],[140.294270778,35.754670532],[140.296627717,35.754678],[140.297251894,35.753600505],[140.298476329,35.752798559],[140.298870506,35.750834946],[140.300463528,35.747643559],[140.303152412,35.747763],[140.308908029,35.750685748],[140.314028106,35.755573252],[140.314091725,35.757368532],[140.312802555,35.75751436],[140.312251167,35.758097414],[140.31221869,35.759555748],[140.313047588,35.760639081],[140.312463696,35.761068532],[140.313355357,35.761222414],[140.313542049,35.761862414],[140.313031219,35.762364919],[140.313624838,35.763333252],[140.314532918,35.763843775],[140.315840441,35.765851559],[140.317721284,35.767560721],[140.317259339,35.767933225],[140.319521362,35.773405721],[140.319140246,35.774175171],[140.317996913,35.774701838],[140.322534189,35.777632667],[140.325044475,35.77722764],[140.325661699,35.775715135],[140.326399196,35.77527764],[140.328614449,35.772129865],[140.330017497,35.771104586],[140.329563839,35.768168468],[140.331051115,35.765980946],[140.333019728,35.764739505],[140.337390661,35.763265054],[140.337700389,35.763552505],[140.342757134,35.761592],[140.347884864,35.757717225],[140.347584137,35.757444027],[140.354306278,35.752608946],[140.355251556,35.751503108],[140.356251894,35.748529279],[140.356534838,35.745571135],[140.358212892,35.744547252],[140.360037328,35.745075865],[140.362024306,35.746381414],[140.363116835,35.748035865],[140.365474578,35.747773865],[140.365499339,35.748111775],[140.366245837,35.748075081],[140.366738392,35.748575306],[140.366997886,35.748359252],[140.36569083,35.747502775],[140.363210999,35.747878081],[140.362377639,35.746212505],[140.364213476,35.745728892],[140.362163748,35.74608864],[140.360266783,35.744652252],[140.358318716,35.744461135],[140.35809345,35.74407836],[140.360255668,35.743616946],[140.362440661,35.741928892],[140.365012049,35.741326946],[140.365372581,35.739481667],[140.362917302,35.739593892],[140.363266472,35.738243613],[140.362555058,35.736974441],[140.363602555,35.735162748],[140.362622802,35.733238586],[140.362668911,35.732103586],[140.367871971,35.731248586],[140.368047302,35.739409171],[140.376677588,35.737898586],[140.379455616,35.733021919],[140.379513671,35.732256613],[140.378469468,35.730420225],[140.379263061,35.728921333],[140.387024695,35.723269387],[140.389752218,35.725873559],[140.391707782,35.727001892],[140.39184083,35.727459667],[140.390779728,35.727979108],[140.393527497,35.727789946],[140.392405032,35.729525505],[140.388545032,35.729036054],[140.389090311,35.729989387],[140.386758664,35.731464387],[140.384261479,35.736336081],[140.385325668,35.738055802],[140.385199585,35.740540252],[140.383864306,35.741147468],[140.381532633,35.740792468],[140.383728755,35.741455252],[140.38384489,35.743253865],[140.384422361,35.741006919],[140.38527939,35.740917441],[140.38749642,35.741914171],[140.388326744,35.743032973],[140.388586667,35.742090694],[140.391527108,35.740295225],[140.39256847,35.740756721],[140.393526083,35.740372532],[140.394958975,35.740996027],[140.396371025,35.740629414],[140.39691275,35.741404721],[140.396429494,35.743376532],[140.397266498,35.741692],[140.398145447,35.741323054],[140.39887192,35.742067135],[140.39942847,35.742093333],[140.402504968,35.740895054],[140.403193671,35.741733081],[140.403083281,35.742800667],[140.401405227,35.743092748],[140.400531855,35.745321613],[140.400486615,35.748895775],[140.401966939,35.753312748],[140.397762802,35.755039694],[140.394382529,35.75575136],[140.393875863,35.756747468],[140.393095032,35.757165532],[140.389082529,35.757774694],[140.390604189,35.758066081],[140.393308911,35.757560252],[140.394650311,35.756228586],[140.395118911,35.756244135],[140.395937808,35.756814414],[140.396890895,35.759379694],[140.396982555,35.760143586],[140.396463113,35.760055802],[140.39673869,35.761560252],[140.399940389,35.763689135],[140.397598444,35.764695802],[140.396970117,35.76384136],[140.397333995,35.764873865],[140.395543191,35.765730252],[140.393831219,35.765639973],[140.392822607,35.764349973],[140.393579831,35.765683865],[140.395256524,35.76617164],[140.3936207,35.767516387],[140.391380143,35.767546946],[140.390472633,35.766762775],[140.389167912,35.766775559],[140.390577082,35.767464441],[140.3892407,35.768548333],[140.390832633,35.767974721],[140.391702088,35.768325838],[140.393416809,35.767866387],[140.395005162,35.768844414],[140.394967108,35.770199441],[140.396178521,35.7723],[140.402944137,35.774850532],[140.402522503,35.77777636],[140.401863606,35.778800532],[140.402348106,35.783752198],[140.403470052,35.783862198],[140.405012023,35.785555802],[140.40749428,35.786533865],[140.409399831,35.786312748],[140.410747886,35.785669135],[140.412671505,35.785851081],[140.414043722,35.785320252],[140.417783113,35.781369387],[140.417933645,35.779772171],[140.417005006,35.775846054],[140.418482477,35.775098838],[140.419981362,35.775153],[140.420566109,35.775728],[140.423847198,35.775282721],[140.436212827,35.78079464],[140.436055331,35.781913532],[140.433082892,35.786052414],[140.4363093,35.788327973],[140.437988755,35.787335198],[140.439134864,35.787600468],[140.43941511,35.786214919],[140.441908755,35.787831838],[140.442535966,35.787615441],[140.443102918,35.788568775],[140.44324131,35.793123775],[140.445113891,35.799492387],[140.444456719,35.803359613],[140.451915383,35.807117946],[140.450492361,35.809373225],[140.452039027,35.811186532],[140.460949637,35.814803721],[140.462412166,35.816189279],[140.465454968,35.817835667],[140.467933606,35.820528135],[140.465850584,35.822416198],[140.454967756,35.818135973],[140.455993113,35.826303198],[140.469499364,35.834686441],[140.468818275,35.837685108],[140.464150921,35.83795236],[140.463903022,35.840217865],[140.46245834,35.842141468],[140.463172503,35.84231064],[140.463918366,35.845284532],[140.465802283,35.845609775],[140.466765058,35.845102559],[140.467968949,35.846355613],[140.467752283,35.845287838],[140.469292802,35.844360054],[140.47019725,35.844169775],[140.471336719,35.845291171],[140.470902802,35.844192],[140.471390584,35.843502279],[140.472046693,35.843512838],[140.472491803,35.850901135],[140.470758171,35.850233081],[140.465232607,35.850622559],[140.465916524,35.852230333],[140.464069027,35.853440333],[140.463011556,35.855102559],[140.462373528,35.858005613],[140.4605438,35.859705081],[140.460380532,35.862770892],[140.458884968,35.864259532],[140.457617756,35.864539252],[140.456559974,35.865487027],[140.456031362,35.865199532],[140.453042503,35.868490108],[140.452393359,35.870367892],[140.450208612,35.869614279],[140.448225006,35.868212919],[140.447314968,35.866920414],[140.446441051,35.864019306],[140.444879948,35.864842081],[140.444396057,35.866400973],[140.442211362,35.868212108],[140.441131608,35.867445171],[140.440473865,35.867856]]]},"properties":{"N03_001":"千葉県","N03_002":null,"N03_003":null,"N03_004":"成田市","N03_005":null,"N03_007":"12211"}},
{"type":"Feature","geometry":{"type":"Polygon","coordinates":[[[140.25892297,35.739710613],[140.256478249,35.739569225],[140.253720169,35.740352],[140.22380847,35.757375081],[140.21207153,35.764997865],[140.209124838,35.76624564],[140.206449831,35.765538973],[140.203605058,35.763362306],[140.194884669,35.753236252],[140.191941829,35.747589054],[140.189232633,35.745656838],[140.180695668,35.748366838],[140.173218418,35.74847964],[140.168701997,35.749428802],[140.151881751,35.759793198],[140.145557782,35.754828505],[140.143169728,35.755035171],[140.141131673,35.754188225],[140.139855551,35.754230441],[140.139860532,35.753680441],[140.138403865,35.754076],[140.136250506,35.751771559],[140.13773856,35.750225468],[140.138235253,35.751109613],[140.139642438,35.750108802],[140.142788859,35.751925441],[140.145459144,35.750342973],[140.146892477,35.750767108],[140.146908586,35.750408532],[140.147680246,35.750496586],[140.148179974,35.750102135],[140.148228859,35.749337414],[140.147289416,35.74873464],[140.146256355,35.748961027],[140.145640804,35.748328802],[140.142434384,35.747008802],[140.140288249,35.744751865],[140.140180195,35.744171586],[140.14088131,35.743814387],[140.139499611,35.743158],[140.139808495,35.741287721],[140.139043476,35.739787721],[140.138503165,35.736590802],[140.140000636,35.732969414],[140.140157004,35.72959],[140.141253943,35.728169441],[140.142190311,35.72526],[140.139642776,35.72166336],[140.13759358,35.720987252],[140.136539974,35.720059198],[140.134032166,35.71889364],[140.132402166,35.719466135],[140.13159939,35.71925364],[140.131437977,35.718580027],[140.127632672,35.71749864],[140.12625406,35.716536135],[140.127377108,35.715361135],[140.132624916,35.715942532],[140.132880195,35.715600027],[140.133153502,35.714735027],[140.132580441,35.714450586],[140.131843748,35.712280333],[140.132130973,35.712067838],[140.131338755,35.711358387],[140.135777056,35.707066468],[140.136023995,35.705863414],[140.137451751,35.703607865],[140.139605383,35.702870946],[140.138052827,35.699604838],[140.137154228,35.699791225],[140.137144501,35.699095667],[140.137941997,35.698853441],[140.139131725,35.699489559],[140.139658392,35.699363721],[140.136794189,35.697545946],[140.140252244,35.694663748],[140.141408366,35.692761802],[140.143526978,35.691942108],[140.147478949,35.692089054],[140.149392283,35.691597694],[140.152643943,35.689292414],[140.15118144,35.690701586],[140.151533113,35.691398252],[140.150776161,35.691075748],[140.146847276,35.692889892],[140.14810786,35.695122108],[140.149961193,35.696406838],[140.148192581,35.696362387],[140.148859831,35.699700135],[140.148209831,35.699972919],[140.148795694,35.700844586],[140.158035966,35.696453225],[140.1588193,35.695396],[140.161195966,35.696061279],[140.162997393,35.695898225],[140.162754306,35.693812135],[140.16119594,35.692449081],[140.160980117,35.691151586],[140.162988197,35.693268532],[140.16372655,35.695444892],[140.165383528,35.697361279],[140.165491025,35.698804892],[140.169204643,35.696444333],[140.168418223,35.694478505],[140.168769611,35.694287387],[140.172776887,35.697206838],[140.174476641,35.699506532],[140.176519689,35.697133468],[140.176954384,35.694929613],[140.179036913,35.69503264],[140.182067497,35.696098198],[140.18306834,35.697437919],[140.183420311,35.698631225],[140.183112802,35.699009279],[140.18614725,35.700015108],[140.187655616,35.701002333],[140.188268392,35.700717333],[140.189685914,35.702004252],[140.189891479,35.702838694],[140.19228345,35.704247865],[140.192857613,35.704060892],[140.192813722,35.702719532],[140.193664254,35.701761468],[140.19462594,35.702502027],[140.195787886,35.702720892],[140.197192088,35.704457279],[140.199063774,35.705047838],[140.199420143,35.704375054],[140.202543502,35.70475336],[140.203520999,35.705120027],[140.203490467,35.70551364],[140.204254086,35.705599468],[140.20416131,35.70622836],[140.204903528,35.706407532],[140.205045188,35.707318919],[140.205896304,35.706315865],[140.206867717,35.706579721],[140.2070338,35.706240279],[140.206086861,35.706081135],[140.206976031,35.704649468],[140.206375447,35.702461414],[140.207674358,35.703125865],[140.208109922,35.702630865],[140.208090752,35.701889468],[140.206654332,35.70104864],[140.207767665,35.700306414],[140.208442633,35.697698081],[140.204606161,35.689451198],[140.205152827,35.689276198],[140.204645331,35.688310919],[140.203908392,35.688613414],[140.202451699,35.687126468],[140.20215808,35.685690946],[140.202475577,35.684382613],[140.203600026,35.684051505],[140.203410856,35.683599279],[140.202647224,35.683791505],[140.203471388,35.680851775],[140.2055,35.678015108],[140.20876917,35.676410919],[140.210325006,35.676605919],[140.209626109,35.675712865],[140.209098612,35.675716748],[140.207878003,35.671498171],[140.209143865,35.671776225],[140.209845811,35.671311468],[140.211657173,35.667031198],[140.214824384,35.663327586],[140.21473022,35.662132306],[140.212719079,35.660145108],[140.212440441,35.657518721],[140.213318197,35.654574838],[140.21564655,35.654623694],[140.218209339,35.653187586],[140.219640999,35.651972279],[140.221412088,35.647961721],[140.223571284,35.647736441],[140.221765422,35.645846721],[140.221723722,35.643748946],[140.223092049,35.641441171],[140.223085668,35.639263667],[140.221858418,35.637178973],[140.222612866,35.637201721],[140.224071751,35.636367838],[140.2248962,35.637012],[140.225907886,35.637075054],[140.226823995,35.636447838],[140.227248145,35.634862279],[140.228736472,35.633139468],[140.23133345,35.633206973],[140.234650661,35.632595559],[140.236478495,35.631250865],[140.2380738,35.631177441],[140.23876834,35.630674279],[140.241089053,35.631145108],[140.241760999,35.632626973],[140.242511997,35.632751613],[140.243013891,35.632195586],[140.242841336,35.630392081],[140.245317834,35.630120252],[140.248881803,35.628574414],[140.24857834,35.627328919],[140.249705279,35.627183027],[140.251330856,35.625375252],[140.252649948,35.624880252],[140.25319131,35.625836532],[140.253706744,35.625749252],[140.254973969,35.624603505],[140.257755447,35.625468505],[140.256466031,35.629415171],[140.257065772,35.633901559],[140.256505525,35.636302387],[140.254862996,35.635600441],[140.254156329,35.636971],[140.257327471,35.638136802],[140.256678586,35.63914736],[140.255816355,35.638925441],[140.255460804,35.639214054],[140.255567224,35.641519333],[140.258461971,35.64455264],[140.255689754,35.645255973],[140.254423061,35.643732667],[140.254938612,35.642964054],[140.254283061,35.643115171],[140.252185006,35.642333225],[140.253487224,35.643137108],[140.255720856,35.645880135],[140.254916135,35.646666252],[140.251751414,35.647177108],[140.24870917,35.645817973],[140.248566667,35.646626306],[140.249531414,35.648143225],[140.248788638,35.649880198],[140.249955616,35.652074333],[140.251784773,35.652305441],[140.253418418,35.653682081],[140.254698145,35.65308264],[140.254062581,35.653884306],[140.254773696,35.654923748],[140.256536226,35.655645667],[140.258693748,35.658275108],[140.258431556,35.661304559],[140.260513774,35.660938135],[140.262618781,35.659376748],[140.263058755,35.656729252],[140.262387912,35.655365919],[140.262819027,35.65461064],[140.262570143,35.655432306],[140.263187639,35.656242865],[140.263165447,35.65976536],[140.266459053,35.657597838],[140.267408223,35.657584505],[140.269079339,35.656542838],[140.27163297,35.655809748],[140.272417393,35.654399468],[140.272684086,35.655589748],[140.273515473,35.655376694],[140.27625131,35.653228892],[140.278233774,35.650392775],[140.281349611,35.64900664],[140.278422672,35.650783613],[140.278209364,35.651356667],[140.278626861,35.651600838],[140.278062698,35.651765],[140.276302412,35.654106387],[140.278539105,35.655117468],[140.278623839,35.656365802],[140.278056887,35.655110802],[140.275334358,35.654382505],[140.274247691,35.655868333],[140.271258521,35.656705586],[140.271044916,35.65779836],[140.270689364,35.656910027],[140.269140467,35.657247532],[140.267435746,35.658235892],[140.267493528,35.658675613],[140.26659572,35.658382559],[140.265082114,35.659153108],[140.264904358,35.659935054],[140.262035162,35.660887865],[140.262475447,35.66106536],[140.262581855,35.661909532],[140.259017108,35.662502613],[140.256843502,35.663877333],[140.257256861,35.665354],[140.258512412,35.666053694],[140.259530506,35.667350919],[140.261937173,35.66667564],[140.262530778,35.666746721],[140.262615227,35.667222],[140.264790804,35.667004505],[140.266666913,35.666329198],[140.269675863,35.671063081],[140.269700311,35.672922225],[140.271118366,35.672783054],[140.269501414,35.673311414],[140.268477808,35.674350865],[140.270157004,35.674482775],[140.270411167,35.675080559],[140.267736719,35.676992532],[140.271323696,35.679255],[140.27256345,35.682167505],[140.274833722,35.680366081],[140.278430117,35.675925505],[140.278618418,35.673919108],[140.277413385,35.671871919],[140.277068949,35.669719973],[140.276213917,35.669310252],[140.277089494,35.669381081],[140.278232802,35.668440505],[140.277281699,35.667072468],[140.278460584,35.668164667],[140.278308949,35.668741333],[140.277468664,35.669247198],[140.277388949,35.67047136],[140.278855914,35.673460505],[140.279224812,35.673616054],[140.280610078,35.672125775],[140.2811262,35.672559667],[140.280421479,35.672707171],[140.27906703,35.674015775],[140.278820117,35.676125505],[140.279557886,35.676166333],[140.279483995,35.676501892],[140.278803722,35.676477441],[140.275913165,35.679634414],[140.2787493,35.681837441],[140.28003847,35.679106613],[140.282835422,35.679202135],[140.284570415,35.675134054],[140.28431869,35.670042694],[140.285758418,35.668248532],[140.284620921,35.670393252],[140.285189831,35.672840171],[140.284915966,35.675659892],[140.282769857,35.679546306],[140.282785473,35.684572694],[140.283318249,35.684998802],[140.282809922,35.685793252],[140.282301855,35.685432694],[140.282014916,35.685686586],[140.282364358,35.686322973],[140.279766031,35.688427721],[140.280687977,35.688979946],[140.281532166,35.688627694],[140.282302724,35.688938802],[140.283818833,35.690068802],[140.287248586,35.690663225],[140.287166667,35.692899054],[140.287930558,35.694690441],[140.289070026,35.695009613],[140.288758638,35.695615721],[140.289052529,35.697177387],[140.286872244,35.698241865],[140.288317004,35.69984464],[140.290520895,35.699775721],[140.291275616,35.700336],[140.292135888,35.700196559],[140.293400337,35.699288468],[140.29353978,35.697724586],[140.295121725,35.696094838],[140.293859222,35.697724586],[140.293549248,35.70013736],[140.29712786,35.700605135],[140.298005084,35.700048171],[140.297931219,35.700572333],[140.298389831,35.700834559],[140.299963722,35.700490387],[140.300898171,35.69954064],[140.301307886,35.69965536],[140.300209559,35.700850946],[140.298439001,35.701072054],[140.293409248,35.700564027],[140.291917562,35.700899892],[140.294937328,35.703886],[140.291638664,35.701423775],[140.290864773,35.701609054],[140.288856744,35.70384464],[140.291466472,35.70610964],[140.289903411,35.705238252],[140.289223139,35.705287414],[140.287428106,35.703370748],[140.286272827,35.703510198],[140.284382529,35.702501613],[140.283890856,35.703009387],[140.282931971,35.702976613],[140.282857276,35.705020775],[140.281111414,35.704783306],[140.281095058,35.706044414],[140.279842827,35.70630664],[140.278092555,35.707760252],[140.277122802,35.706401919],[140.277663917,35.705435532],[140.276696693,35.705910532],[140.275238054,35.704542775],[140.275554449,35.70350664],[140.27320192,35.702122775],[140.272595253,35.702294721],[140.26995275,35.701389171],[140.267275499,35.699776135],[140.265281582,35.700150027],[140.263980752,35.701045333],[140.263619105,35.702262838],[140.264120532,35.706009775],[140.261410532,35.710128946],[140.260738301,35.710219225],[140.259678612,35.714486171],[140.257261115,35.715354252],[140.255404163,35.715186468],[140.255256641,35.714768973],[140.253117471,35.71401536],[140.251541634,35.716019802],[140.251656355,35.717223694],[140.252493891,35.718588694],[140.252083891,35.719751468],[140.249721855,35.72195664],[140.24931939,35.721831748],[140.246321946,35.723494667],[140.24503083,35.724844559],[140.249398521,35.722271171],[140.251130311,35.723234532],[140.253679222,35.723914532],[140.255100895,35.723008135],[140.255769222,35.723185919],[140.255952827,35.722524532],[140.257589222,35.722726441],[140.256677004,35.722954802],[140.257081193,35.725552838],[140.255461997,35.725534532],[140.255013969,35.726337306],[140.254026719,35.72687064],[140.25476869,35.728107027],[140.254333139,35.729492027],[140.257317886,35.729142559],[140.257869831,35.728290613],[140.259397328,35.728964775],[140.258717328,35.729665613],[140.259577886,35.729721171],[140.26027153,35.730580892],[140.261493191,35.730539225],[140.261298755,35.731010892],[140.262103748,35.731246721],[140.261270999,35.733659505],[140.26035489,35.733423667],[140.259709053,35.735152279],[140.260429883,35.735747559],[140.25892297,35.739710613]]]},"properties":{"N03_001":"千葉県","N03_002":null,"N03_003":null,"N03_004":"佐倉市","N03_005":null,"N03_007":"12212"}},
{"type":"Feature","geometry":{"type":"Polygon","coordinates":[[[140.276954475,35.707044135],[140.277781167,35.708189694],[140.276714773,35.709033054],[140.274315305,35.706369171],[140.275683645,35.705303613],[140.276954475,35.707044135]]]},"properties":{"N03_001":"千葉県","N03_002":null,"N03_003":null,"N03_004":"佐倉市","N03_005":null,"N03_007":"12212"}},
{"type":"Feature","geometry":{"type":"Polygon","coordinates":[[[140.435011777,35.56769764],[140.432387419,35.571419586],[140.43152939,35.574520135],[140.431322776,35.577781252],[140.430702244,35.57899236],[140.429410856,35.579823198],[140.428577004,35.581974306],[140.426997108,35.587792081],[140.42676856,35.592386532],[140.425343061,35.595862081],[140.424515006,35.595934586],[140.423534449,35.596671532],[140.422492503,35.596385694],[140.422663891,35.595936252],[140.419265551,35.594924027],[140.419846355,35.593585135],[140.419362477,35.593281532],[140.419734669,35.592461252],[140.418257977,35.590400973],[140.417938249,35.590182081],[140.417461608,35.590729027],[140.416566031,35.590074306],[140.414450999,35.58730264],[140.413297108,35.588165414],[140.409865746,35.588310973],[140.409565746,35.588978748],[140.411173554,35.590945135],[140.409878003,35.590778198],[140.408923281,35.591568468],[140.404076005,35.587085441],[140.400017445,35.589234892],[140.397096861,35.587020721],[140.39585406,35.585126279],[140.394476005,35.585855171],[140.393750726,35.585408775],[140.391844643,35.586592387],[140.386592477,35.590577387],[140.385056667,35.592256559],[140.384289754,35.594678775],[140.38511808,35.595760694],[140.384632283,35.596527081],[140.385740337,35.597287919],[140.38664144,35.597093468],[140.385522827,35.598243198],[140.385067276,35.597448748],[140.384725331,35.597550135],[140.385346744,35.599904586],[140.38684869,35.600361252],[140.38703511,35.600876802],[140.385772049,35.601853198],[140.385223165,35.601379586],[140.384052892,35.602216802],[140.384746783,35.602834027],[140.384135863,35.602521387],[140.383680117,35.602808468],[140.382889585,35.60442736],[140.381460415,35.604444027],[140.380269027,35.603784586],[140.378189857,35.603597919],[140.377672361,35.60310764],[140.374958755,35.60297236],[140.374005966,35.603352919],[140.372771284,35.605048198],[140.371862387,35.60472264],[140.372078495,35.60524264],[140.371413774,35.605434586],[140.370734916,35.60685736],[140.369577665,35.604497081],[140.368053748,35.603599306],[140.368033748,35.603160694],[140.367261803,35.603173748],[140.365990973,35.602263198],[140.362031803,35.601956838],[140.361133476,35.601571],[140.3556638,35.607082081],[140.354472698,35.606909306],[140.353773839,35.609774865],[140.350872438,35.610546252],[140.35014022,35.610486532],[140.350100506,35.61012736],[140.351384669,35.608914027],[140.351331855,35.608415414],[140.350985746,35.607850171],[140.349987691,35.608362919],[140.349787691,35.606769892],[140.348789637,35.606809892],[140.347339053,35.605446838],[140.346480441,35.606211279],[140.345469079,35.606437387],[140.345429079,35.607049333],[140.344331025,35.608073225],[140.343445746,35.608306],[140.34183572,35.605979054],[140.341922114,35.605383775],[140.341369611,35.605410441],[140.341389883,35.604352973],[140.340697951,35.603827973],[140.34092406,35.605111027],[140.339886005,35.604964919],[140.338641556,35.606347973],[140.337989339,35.606201586],[140.338495447,35.604432973],[140.338142672,35.604167135],[140.337430169,35.606038802],[140.333823502,35.60577936],[140.330569611,35.606497694],[140.330010441,35.606966306],[140.329517691,35.609762414],[140.330781894,35.610640198],[140.331121582,35.609330198],[140.331521025,35.609336865],[140.332625499,35.611082387],[140.333297445,35.611042108],[140.33404939,35.611720441],[140.333749974,35.612717946],[140.331979689,35.612558225],[140.331201336,35.611733775],[140.330828586,35.612644613],[140.333723022,35.613219892],[140.334867471,35.613931559],[140.335766083,35.613552387],[140.335526355,35.614436559],[140.336764423,35.613857946],[140.336823891,35.614586252],[140.337615837,35.614938468],[140.337582503,35.615763198],[140.33886,35.616221802],[140.338707224,35.615251252],[140.339738885,35.615330973],[140.340676939,35.615829306],[140.340034747,35.616897559],[140.340983061,35.616540973],[140.341262529,35.61711264],[140.340397523,35.617734586],[140.339758638,35.617289027],[140.339272802,35.617568198],[140.337455863,35.617295694],[140.335718638,35.619486802],[140.336890026,35.61981264],[140.337881414,35.619420135],[140.338008106,35.620058468],[140.335379222,35.620051802],[140.334021725,35.620819865],[140.33408144,35.62123236],[140.33277061,35.621219027],[140.332777276,35.621677919],[140.333309494,35.621558198],[140.333416161,35.622595135],[140.335272555,35.622520387],[140.335156744,35.623032892],[140.334417562,35.622592054],[140.334240921,35.623575946],[140.333422581,35.623476225],[140.332617302,35.623895108],[140.335272581,35.624503721],[140.334014553,35.627080108],[140.333415668,35.627219838],[140.331991245,35.629031775],[140.331984578,35.629773171],[140.329194617,35.631514559],[140.325641479,35.626128748],[140.323119001,35.628382919],[140.322193995,35.627970694],[140.320497056,35.628788198],[140.319073165,35.630194586],[140.316511245,35.630895694],[140.315999274,35.630204027],[140.310935642,35.627524333],[140.307748392,35.624695198],[140.308273917,35.624037135],[140.307788366,35.622963279],[140.310223917,35.621779919],[140.312759196,35.621623532],[140.313152218,35.619286306],[140.315807497,35.61751464],[140.315534695,35.617022414],[140.31335192,35.616686613],[140.312833307,35.615782441],[140.311861634,35.615789108],[140.311635253,35.615244108],[140.31090358,35.615290505],[140.309432996,35.614539135],[140.308774112,35.61351164],[140.308847717,35.612913306],[140.310751025,35.611347468],[140.310178521,35.61037664],[140.3092138,35.609921081],[140.310251855,35.610020802],[140.311882166,35.611985802],[140.312707134,35.610828865],[140.312587691,35.609562198],[140.313838781,35.608418586],[140.315409339,35.60799636],[140.315256278,35.607444414],[140.312880726,35.606317198],[140.31384572,35.606456919],[140.314717912,35.604179694],[140.324097134,35.608956054],[140.324698807,35.60927936],[140.326648249,35.608727414],[140.325810195,35.608229108],[140.325403774,35.607219387],[140.326999053,35.606439667],[140.32956655,35.606864081],[140.330153774,35.606205468],[140.329063502,35.605474946],[140.325884332,35.605096333],[140.322832088,35.604065225],[140.321254034,35.603063586],[140.321212049,35.601419135],[140.318659559,35.601916081],[140.316367328,35.600838054],[140.314393165,35.600640279],[140.311511219,35.60161],[140.312050389,35.600963333],[140.311852892,35.600406667],[140.308723113,35.596851414],[140.308277834,35.59579364],[140.305845577,35.594236721],[140.308692827,35.595627802],[140.308944501,35.596472252],[140.310569533,35.598041694],[140.311510363,35.597814198],[140.31140869,35.599182225],[140.312523995,35.600359171],[140.316189001,35.600317505],[140.318986783,35.601281081],[140.321272607,35.600803027],[140.32302428,35.600998306],[140.32214978,35.595946667],[140.32377978,35.594205838],[140.324350311,35.592628333],[140.323823087,35.592394721],[140.327054475,35.591781667],[140.326293606,35.589901946],[140.326952503,35.590273054],[140.327491699,35.591464441],[140.329070026,35.591554414],[140.32956725,35.590650279],[140.329219728,35.589518892],[140.331768054,35.588238613],[140.332139442,35.589160252],[140.336320026,35.590433586],[140.336625551,35.58911664],[140.338058301,35.586879973],[140.338645253,35.58673636],[140.338604137,35.586230252],[140.337111634,35.585404973],[140.335759144,35.585245],[140.332154137,35.585942225],[140.330202477,35.585694721],[140.322233022,35.586200027],[140.316706083,35.585692],[140.315997198,35.585398108],[140.31609022,35.584908108],[140.312319663,35.583517279],[140.312144112,35.583053108],[140.305413217,35.579015108],[140.298317367,35.575212919],[140.292493995,35.572674613],[140.287087056,35.572909054],[140.288728418,35.570034892],[140.28988786,35.569493505],[140.288544812,35.569758225],[140.288151751,35.568027667],[140.288558392,35.566466],[140.292284501,35.564267387],[140.293338366,35.562758225],[140.293205032,35.561620441],[140.294211971,35.560625441],[140.294528911,35.560426559],[140.294291946,35.559207946],[140.297395279,35.559098505],[140.297585006,35.557738505],[140.3008,35.555322667],[140.301585551,35.556010721],[140.302158885,35.555669892],[140.30333358,35.553807667],[140.304904968,35.554496279],[140.308314968,35.554432108],[140.30863358,35.555212946],[140.309889416,35.556203775],[140.311972192,35.557118748],[140.313176355,35.556964586],[140.314000804,35.557395414],[140.313532503,35.558454865],[140.31471083,35.559020973],[140.317006355,35.556225414],[140.321510558,35.557835108],[140.324573891,35.557912586],[140.324168054,35.556760919],[140.32510834,35.556542027],[140.32619,35.556895919],[140.326803865,35.556198135],[140.327056083,35.55427064],[140.325663022,35.552388414],[140.323763554,35.551899279],[140.324297717,35.549760108],[140.325122996,35.549017306],[140.325193839,35.548277306],[140.327518275,35.54921036],[140.328690195,35.547485919],[140.329666589,35.547779252],[140.330458249,35.547187586],[140.329673256,35.545124802],[140.330999922,35.543902559],[140.331746589,35.545022],[140.335835694,35.539709505],[140.336267056,35.537157559],[140.334843165,35.535417279],[140.335242309,35.534825613],[140.335995914,35.534349505],[140.33791786,35.536299775],[140.343288366,35.532975586],[140.34589061,35.536029468],[140.344660895,35.537219468],[140.347353411,35.540308919],[140.353986109,35.53653364],[140.353728885,35.536211973],[140.354411388,35.535813081],[140.353993061,35.535319748],[140.35434083,35.535120306],[140.352854137,35.533363919],[140.353362477,35.533025027],[140.352847471,35.532150027],[140.353575227,35.531744748],[140.35390358,35.532105027],[140.355844358,35.530430027],[140.357376329,35.531504468],[140.35780131,35.531272802],[140.358412724,35.531961135],[140.360980752,35.530501135],[140.356760636,35.520543919],[140.360244189,35.518796973],[140.358945863,35.516780027],[140.359725032,35.516882802],[140.361103606,35.516164198],[140.360646394,35.51521864],[140.361425525,35.514967802],[140.361728054,35.515771973],[140.362481388,35.515437532],[140.362172192,35.514787532],[140.362899974,35.515231414],[140.365369974,35.514624198],[140.366451362,35.515241694],[140.366960246,35.515151694],[140.367004112,35.514665865],[140.367801894,35.514970306],[140.367687717,35.514419748],[140.36970022,35.51421364],[140.370812724,35.514711135],[140.371179922,35.514003081],[140.372090195,35.513865865],[140.373136031,35.514455306],[140.373908521,35.513795865],[140.38088847,35.512374748],[140.382134306,35.511621414],[140.382871777,35.510541135],[140.382857588,35.508979198],[140.379856719,35.505125306],[140.37970808,35.50217836],[140.37918,35.501061135],[140.379816939,35.500575027],[140.379878885,35.50113364],[140.380643606,35.501090865],[140.381394449,35.501747532],[140.383061388,35.501282252],[140.382631673,35.500473081],[140.38503192,35.500118919],[140.390713139,35.509764721],[140.394330895,35.508079171],[140.394743917,35.507448333],[140.400607782,35.505726667],[140.404120856,35.509187225],[140.405505888,35.511108333],[140.404604228,35.511596667],[140.406114773,35.512588027],[140.406695357,35.514140802],[140.410381219,35.518639414],[140.40693572,35.520807198],[140.401748521,35.523056081],[140.401041855,35.521981919],[140.40031297,35.522094694],[140.392335837,35.526389973],[140.391418885,35.526667748],[140.390396667,35.525811387],[140.389814449,35.525993333],[140.390077497,35.526579171],[140.389438638,35.526842225],[140.389228054,35.526383892],[140.388228366,35.526684171],[140.388749196,35.528070532],[140.388290856,35.528228333],[140.388388392,35.528896919],[140.390447808,35.528070532],[140.391908911,35.529274135],[140.391420311,35.529687198],[140.391923943,35.530085252],[140.393322244,35.528913865],[140.393645305,35.52919136],[140.392933917,35.529605802],[140.393392244,35.52986136],[140.393069196,35.530154135],[140.394301725,35.531438586],[140.394685058,35.530867748],[140.393655305,35.52984636],[140.394512244,35.529943865],[140.393843917,35.528859414],[140.394212244,35.52867164],[140.394557808,35.528994694],[140.395121673,35.528356081],[140.39668642,35.530665802],[140.395563671,35.532504694],[140.395683969,35.53370636],[140.396835642,35.535768586],[140.398393411,35.534359973],[140.396295888,35.532493027],[140.400406394,35.528621081],[140.401657224,35.529325532],[140.401835006,35.53010664],[140.402683333,35.529199414],[140.403021673,35.529567468],[140.404086939,35.529062468],[140.404703333,35.529806081],[140.406950246,35.528656919],[140.407938586,35.529222468],[140.40838192,35.530153865],[140.409374137,35.529988559],[140.415086861,35.527108],[140.418539416,35.531641613],[140.420549442,35.536092721],[140.419782802,35.536460775],[140.421307834,35.538906054],[140.419180895,35.539491892],[140.419494254,35.541637694],[140.41857703,35.541652721],[140.419130921,35.542411865],[140.420716744,35.541886027],[140.420852023,35.542471865],[140.421333139,35.542254081],[140.421761479,35.542862414],[140.42002428,35.543371306],[140.421452361,35.54563964],[140.422030143,35.547666865],[140.421120726,35.549026306],[140.419986005,35.549191586],[140.418526304,35.550699919],[140.41906022,35.551571306],[140.420240195,35.550760198],[140.420285188,35.551533802],[140.421185499,35.55243464],[140.422959364,35.551743532],[140.422876589,35.551067414],[140.42470297,35.551713532],[140.427278807,35.551413252],[140.427706861,35.55223936],[140.427180752,35.552567694],[140.428663281,35.555599333],[140.427736057,35.554971559],[140.427041894,35.555279613],[140.426207445,35.554633532],[140.425816615,35.554776306],[140.428514721,35.557705171],[140.430310804,35.557081559],[140.430844695,35.557517387],[140.434050804,35.556742108],[140.433944695,35.558346279],[140.432705577,35.560627946],[140.43573594,35.566135721],[140.435011777,35.56769764]],[[140.321877691,35.616665748],[140.322006109,35.617434919],[140.323581115,35.617650441],[140.323401115,35.618353775],[140.324130311,35.618863225],[140.32427834,35.618182108],[140.324865006,35.618134613],[140.324638054,35.617471838],[140.32273,35.616706586],[140.322571388,35.61713936],[140.322196394,35.616975748],[140.322513606,35.616616865],[140.321794721,35.616168252],[140.321877691,35.616665748]],[[140.326445811,35.615127108],[140.327156109,35.615407946],[140.32662358,35.614410171],[140.327089689,35.614018252],[140.328354695,35.614395441],[140.328340246,35.612920748],[140.327200804,35.613046306],[140.325136887,35.61115436],[140.322374942,35.612582694],[140.322509948,35.613116586],[140.324684968,35.614498802],[140.326120246,35.613382694],[140.326653022,35.613752135],[140.325602477,35.614691027],[140.326445811,35.615127108]],[[140.328478833,35.611647414],[140.329085227,35.611798252],[140.328414384,35.611391306],[140.328713839,35.611002135],[140.329474669,35.611421306],[140.330343554,35.610840468],[140.329127445,35.610181865],[140.328072698,35.608789081],[140.329468807,35.607118802],[140.328696005,35.606974919],[140.327185746,35.60860936],[140.327527419,35.609106306],[140.3271738,35.609597414],[140.326118249,35.609935198],[140.32616022,35.610372414],[140.327154942,35.610348532],[140.327538275,35.611306586],[140.328478833,35.611647414]],[[140.383398755,35.534366081],[140.3844593,35.534696081],[140.38424153,35.53527164],[140.385390415,35.535754414],[140.387546783,35.533880802],[140.388010117,35.53419664],[140.390218418,35.532263586],[140.389839248,35.531905532],[140.390155357,35.531645802],[140.38782144,35.529734135],[140.387329805,35.53078664],[140.38636786,35.53108136],[140.38643786,35.531874414],[140.385714527,35.531684973],[140.384552892,35.533688306],[140.384004838,35.533526919],[140.383398755,35.534366081]],[[140.391875888,35.530585252],[140.392242827,35.530882468],[140.393185616,35.530534694],[140.392600584,35.529996081],[140.391875888,35.530585252]]]},"properties":{"N03_001":"千葉県","N03_002":null,"N03_003":null,"N03_004":"東金市","N03_005":null,"N03_007":"12213"}},
{"type":"Feature","geometry":{"type":"Polygon","coordinates":[[[140.329788249,35.547417306],[140.32911131,35.547494532],[140.328204916,35.546244532],[140.326583256,35.545938414],[140.326400195,35.545485919],[140.3259838,35.545842306],[140.325284112,35.54538536],[140.324941051,35.546011468],[140.324698807,35.544504802],[140.325389637,35.544089252],[140.326026304,35.544707586],[140.327628807,35.545097865],[140.329788249,35.547417306]]]},"properties":{"N03_001":"千葉県","N03_002":null,"N03_003":null,"N03_004":"東金市","N03_005":null,"N03_007":"12213"}},
{"type":"Feature","geometry":{"type":"Polygon","coordinates":[[[140.33514061,35.62092764],[140.33595144,35.621417919],[140.336100052,35.622315946],[140.334936719,35.622145108],[140.33455061,35.621170135],[140.33514061,35.62092764]]]},"properties":{"N03_001":"千葉県","N03_002":null,"N03_003":null,"N03_004":"東金市","N03_005":null,"N03_007":"12213"}},
{"type":"Feature","geometry":{"type":"Polygon","coordinates":[[[140.324727717,35.612338802],[140.323403307,35.61315936],[140.322944669,35.613004081],[140.324343281,35.612050748],[140.324727717,35.612338802]]]},"properties":{"N03_001":"千葉県","N03_002":null,"N03_003":null,"N03_004":"東金市","N03_005":null,"N03_007":"12213"}},
{"type":"Feature","geometry":{"type":"Polygon","coordinates":[[[140.325504695,35.613048252],[140.32431358,35.61380964],[140.323973022,35.613491865],[140.325171894,35.612715748],[140.325504695,35.613048252]]]},"properties":{"N03_001":"千葉県","N03_002":null,"N03_003":null,"N03_004":"東金市","N03_005":null,"N03_007":"12213"}},
{"type":"Feature","geometry":{"type":"Polygon","coordinates":[[[140.338473645,35.61838236],[140.336929468,35.618966532],[140.337552802,35.618249865],[140.338175863,35.618084586],[140.338473645,35.61838236]]]},"properties":{"N03_001":"千葉県","N03_002":null,"N03_003":null,"N03_004":"東金市","N03_005":null,"N03_007":"12213"}},
{"type":"Feature","geometry":{"type":"Polygon","coordinates":[[[140.699587276,35.774244946],[140.697335888,35.774563838],[140.696846161,35.775020225],[140.697976472,35.776192721],[140.691756809,35.781309694],[140.689476135,35.780821586],[140.687341025,35.782858],[140.68548345,35.780887225],[140.682973671,35.779198613],[140.681442866,35.781025],[140.681158145,35.780923333],[140.682735058,35.778940279],[140.682423671,35.778556108],[140.683340337,35.777664721],[140.675925227,35.772825306],[140.673922996,35.772607838],[140.672024332,35.768778387],[140.670892023,35.765061441],[140.662552724,35.775228694],[140.661907717,35.774902027],[140.654795668,35.788239],[140.654020415,35.791365919],[140.652602918,35.791167054],[140.651882049,35.789754279],[140.651638418,35.788591775],[140.652875357,35.786979559],[140.65256144,35.785352054],[140.651457834,35.785512892],[140.651655331,35.786359838],[140.650984254,35.787403441],[140.648108392,35.787398721],[140.646413671,35.787943748],[140.644025863,35.787641252],[140.641902218,35.786568198],[140.639167198,35.786155414],[140.638818586,35.785786279],[140.638148859,35.786276838],[140.637544423,35.786101838],[140.637498029,35.787166559],[140.635609974,35.787762387],[140.636213061,35.788522387],[140.634499144,35.788295171],[140.633683891,35.791001559],[140.63273083,35.790925721],[140.632966667,35.791697108],[140.630968885,35.792333505],[140.630757808,35.793479613],[140.631247808,35.794120721],[140.629611141,35.794655171],[140.627587497,35.793684892],[140.624566083,35.793665171],[140.626653022,35.791247387],[140.626963891,35.788316946],[140.626557613,35.788342468],[140.626261673,35.787175892],[140.624465551,35.78639736],[140.623913476,35.785692414],[140.622809585,35.785742135],[140.621688444,35.784775198],[140.618893696,35.783494108],[140.617880895,35.782358838],[140.617841699,35.781238559],[140.616911971,35.781041054],[140.615326978,35.781478279],[140.615335032,35.781147441],[140.614706109,35.781099387],[140.613619196,35.781862171],[140.611205006,35.781713586],[140.610988885,35.782124414],[140.609259974,35.78168664],[140.609705253,35.780875802],[140.608890804,35.780654135],[140.607941051,35.779672468],[140.607532698,35.778212468],[140.606720752,35.77827664],[140.604673774,35.777329171],[140.602273995,35.774593613],[140.602938716,35.773866946],[140.602357886,35.773583054],[140.601382049,35.774303333],[140.599659533,35.774207225],[140.597526524,35.780070838],[140.596470999,35.781695559],[140.5956393,35.781012505],[140.595453191,35.779937802],[140.593383722,35.77931864],[140.593655914,35.778664468],[140.592850363,35.77841364],[140.589904189,35.775131171],[140.590323606,35.774007559],[140.589851673,35.773409775],[140.584514942,35.771824225],[140.58231655,35.769798414],[140.578461777,35.768264252],[140.577378444,35.766974559],[140.576428975,35.767187892],[140.576374812,35.765292054],[140.574940921,35.766385667],[140.574427302,35.767455946],[140.573824527,35.766842333],[140.571862555,35.766155667],[140.571076693,35.764560694],[140.571641141,35.764189279],[140.571660558,35.763007081],[140.568631051,35.760586252],[140.566867419,35.757919865],[140.56692655,35.756628748],[140.565641245,35.755155721],[140.568909611,35.753150694],[140.568129857,35.75267736],[140.569337367,35.751994306],[140.568926783,35.749397919],[140.569512049,35.748878748],[140.570169001,35.749227081],[140.571894838,35.746959586],[140.569290324,35.745564694],[140.570827354,35.74409136],[140.566338106,35.740943036],[140.571098794,35.736341198],[140.571778444,35.736405072],[140.571898988,35.735522045],[140.573884254,35.733616928],[140.575205551,35.733808144],[140.580091518,35.736636423],[140.583543489,35.736289685],[140.584074565,35.738514694],[140.583526226,35.738834559],[140.584339559,35.739591225],[140.585637613,35.738084279],[140.586583722,35.737813441],[140.587654306,35.73962536],[140.590424306,35.738335919],[140.59033428,35.73677564],[140.591019001,35.736575919],[140.5926207,35.737647586],[140.592746304,35.740875081],[140.593370467,35.741363973],[140.5994038,35.738862],[140.60430856,35.737509748],[140.604663217,35.73415336],[140.599519027,35.733673667],[140.598750947,35.730835333],[140.598374747,35.723774505],[140.598855279,35.722198387],[140.598256939,35.721933108],[140.599355525,35.718579225],[140.599087445,35.716841468],[140.590493256,35.718062333],[140.585041803,35.716620946],[140.58239511,35.714969306],[140.582663165,35.714383441],[140.578580078,35.712800694],[140.58003061,35.710402081],[140.580676161,35.710630414],[140.581845616,35.708644586],[140.59148847,35.711346225],[140.59269428,35.708198414],[140.594119559,35.708555919],[140.594958444,35.70748564],[140.59687572,35.707936333],[140.596246809,35.709498135],[140.598122633,35.709815919],[140.597720726,35.710997306],[140.599498781,35.711354802],[140.600778197,35.70778036],[140.604364617,35.708703667],[140.606669533,35.702576441],[140.606596472,35.701099505],[140.605451725,35.699679505],[140.604355331,35.699689225],[140.604123943,35.699093667],[140.602305577,35.69791564],[140.603086394,35.694404532],[140.602647782,35.693858414],[140.602965253,35.692272865],[140.606702438,35.690462559],[140.610632166,35.689370333],[140.609926615,35.689086171],[140.610294942,35.688301171],[140.610791336,35.688386441],[140.61073022,35.687420613],[140.609388755,35.681760054],[140.612073113,35.675357279],[140.616044527,35.676755613],[140.616232581,35.676427838],[140.61673786,35.676655054],[140.617286472,35.675916441],[140.62084428,35.677446135],[140.620565383,35.677815306],[140.621629001,35.678291414],[140.62498192,35.672658514],[140.629013307,35.675075946],[140.630254864,35.674676468],[140.630654423,35.67412636],[140.630115305,35.673988946],[140.630636057,35.673944225],[140.631794423,35.674799387],[140.631757588,35.675104748],[140.631463256,35.674678468],[140.630791971,35.675192081],[140.631555668,35.676736613],[140.642624163,35.682476775],[140.64363655,35.681895721],[140.643118249,35.682741613],[140.644198612,35.683323279],[140.654008911,35.687344441],[140.655163891,35.686312532],[140.654917665,35.685896441],[140.655521025,35.686147225],[140.654832023,35.687207027],[140.655001634,35.687627613],[140.660732387,35.690290279],[140.665961284,35.691840135],[140.666774501,35.690781279],[140.666647056,35.691201667],[140.668454721,35.692108387],[140.670071284,35.692340505],[140.671205499,35.693179081],[140.67278144,35.693445252],[140.674178029,35.694651865],[140.681045227,35.696705027],[140.681364916,35.695861559],[140.681692996,35.695969108],[140.68124847,35.696762171],[140.691574034,35.699089135],[140.693124358,35.699998081],[140.69530808,35.699549505],[140.703107523,35.700400919],[140.705831362,35.700563838],[140.707287639,35.700199559],[140.711106031,35.700650468],[140.717395058,35.699941468],[140.718225746,35.69921664],[140.720050389,35.698879721],[140.721795499,35.69716736],[140.722203217,35.695397559],[140.723944747,35.693784802],[140.723835447,35.693324775],[140.726465084,35.693550919],[140.727305577,35.693243721],[140.727912827,35.690091838],[140.728723528,35.689722081],[140.728660169,35.689213252],[140.728787834,35.689694027],[140.729425227,35.689515775],[140.727990169,35.690170027],[140.727856641,35.69110264],[140.729513359,35.691020441],[140.729589105,35.692073973],[140.731116641,35.691732252],[140.731203217,35.692898748],[140.732915305,35.692815667],[140.732827134,35.691645667],[140.733763671,35.691600441],[140.73385153,35.692769468],[140.736332477,35.692644748],[140.736248716,35.693399532],[140.735387471,35.693586613],[140.734270143,35.694994586],[140.735196355,35.695482559],[140.736167912,35.693915775],[140.736993645,35.693993135],[140.737016978,35.691885027],[140.734931193,35.690432586],[140.730754838,35.690412613],[140.729912581,35.689170721],[140.728423333,35.684161532],[140.729496654,35.687273829],[140.730846446,35.687682468],[140.730464695,35.687825631],[140.730859637,35.688380748],[140.738950856,35.692304667],[140.746114475,35.693350532],[140.750430532,35.69325764],[140.757835383,35.696075333],[140.7592393,35.696254081],[140.761004565,35.69782055],[140.760982503,35.697925784],[140.76097013,35.698002766],[140.758211673,35.701331135],[140.757775837,35.701553919],[140.756701089,35.701046694],[140.756131634,35.701345306],[140.755631946,35.702970586],[140.753999974,35.703294468],[140.75307022,35.702697279],[140.752692438,35.703213946],[140.751948833,35.703185613],[140.75132131,35.702465054],[140.751574086,35.701878667],[140.750527951,35.701314775],[140.750220169,35.701684505],[140.749107393,35.701771171],[140.748998495,35.702100892],[140.750073528,35.702712279],[140.749079637,35.703185892],[140.7483238,35.704406721],[140.747254643,35.704657838],[140.746939922,35.704323387],[140.747677665,35.703404225],[140.74754406,35.702906441],[140.74721297,35.703849505],[140.746536278,35.703625054],[140.746279922,35.704242027],[140.745550726,35.703602865],[140.746538197,35.702099802],[140.747108781,35.702304505],[140.747376252,35.701671171],[140.746550143,35.701441468],[140.746130143,35.702364532],[140.745249585,35.702153135],[140.745054578,35.702502865],[140.744461219,35.701998414],[140.743816498,35.702229532],[140.741401751,35.701892586],[140.73988594,35.703639252],[140.739668171,35.704550919],[140.738447056,35.704800387],[140.737888145,35.703966505],[140.737132023,35.703780667],[140.737541219,35.704849838],[140.735494254,35.704369559],[140.735141479,35.704605946],[140.735393865,35.705038721],[140.733883022,35.705344081],[140.734750026,35.708805387],[140.734132944,35.708930279],[140.734195863,35.709329468],[140.735360752,35.709357892],[140.735559922,35.709711775],[140.7347638,35.710438441],[140.735185772,35.711509],[140.736062438,35.711551225],[140.735960804,35.712634279],[140.736720246,35.712224],[140.736866083,35.713155108],[140.738214721,35.71303564],[140.738297224,35.71429036],[140.739935357,35.717476748],[140.740580921,35.717787027],[140.740017912,35.720272694],[140.741475966,35.721463586],[140.74164655,35.721056802],[140.742719611,35.721162865],[140.743279883,35.720353694],[140.744109053,35.720389802],[140.743981556,35.720988135],[140.74317489,35.721074252],[140.743019637,35.722133694],[140.743502698,35.722529802],[140.742710752,35.722657865],[140.742368521,35.723237027],[140.743227691,35.72285536],[140.746278275,35.722978108],[140.748956887,35.723801171],[140.748852218,35.724546171],[140.747794449,35.725198108],[140.748288638,35.726255054],[140.748317834,35.728379505],[140.747548418,35.730055892],[140.746248145,35.730733108],[140.746019831,35.731614775],[140.745218716,35.731848108],[140.745846226,35.732440613],[140.745323191,35.733859225],[140.743961505,35.733064505],[140.744325422,35.734456171],[140.74481489,35.734770613],[140.744856861,35.737738387],[140.743974358,35.737591441],[140.742313191,35.735714775],[140.740348444,35.734713414],[140.740707367,35.735768414],[140.742307108,35.736300613],[140.742337951,35.736992],[140.743074916,35.737104225],[140.743397977,35.738129225],[140.744466887,35.738212279],[140.744885525,35.739720613],[140.745409144,35.739611441],[140.745359416,35.740440054],[140.745785811,35.740387559],[140.745825551,35.740723108],[140.745364695,35.740793108],[140.746401673,35.741877838],[140.744960311,35.742650613],[140.745861725,35.744423387],[140.744056161,35.744959225],[140.744735032,35.743676721],[140.740915188,35.738846198],[140.7419838,35.738213667],[140.739973476,35.735154252],[140.739088716,35.734857865],[140.738519248,35.733405919],[140.738095357,35.733277586],[140.736799248,35.734482306],[140.735454228,35.733603441],[140.735817834,35.733257865],[140.732116667,35.731582333],[140.731135551,35.730535387],[140.730614449,35.731197054],[140.729499689,35.730811775],[140.729305837,35.731285946],[140.730541673,35.731542613],[140.731505863,35.732518171],[140.732115863,35.732109279],[140.732400311,35.732354559],[140.731723087,35.732810946],[140.73220144,35.733359838],[140.731837834,35.733596775],[140.730505279,35.732056225],[140.729577224,35.731697054],[140.728233891,35.731769306],[140.725509728,35.73301764],[140.724837224,35.733583468],[140.724474189,35.73539264],[140.725895058,35.736517919],[140.724003969,35.738502081],[140.723990661,35.740075694],[140.72480847,35.741535135],[140.725063256,35.743720414],[140.726754112,35.745059306],[140.725921608,35.745636532],[140.724545772,35.745864027],[140.724153839,35.746461532],[140.724542477,35.747004027],[140.723986083,35.747009306],[140.724864423,35.747951532],[140.725990558,35.748410414],[140.725950026,35.750191532],[140.727232023,35.752374279],[140.726725642,35.752718441],[140.725728145,35.752501252],[140.726620636,35.753093171],[140.726370636,35.753584306],[140.727432023,35.753399279],[140.727802607,35.753707892],[140.72802153,35.755641225],[140.727652918,35.755962054],[140.726079857,35.755961775],[140.72565489,35.757419306],[140.723074617,35.759613748],[140.722304332,35.75941764],[140.722296278,35.758764027],[140.721180973,35.758045414],[140.720041556,35.75884236],[140.719447912,35.758306532],[140.718304578,35.758267108],[140.717582361,35.759025171],[140.717622387,35.760174892],[140.716242088,35.758985721],[140.713213774,35.761295441],[140.707792633,35.761603802],[140.707421025,35.764791027],[140.706368003,35.765906306],[140.70713022,35.766566306],[140.707372477,35.767707694],[140.706963061,35.769125468],[140.707139754,35.771391027],[140.705195577,35.772401865],[140.704465577,35.771728532],[140.701932776,35.771552171],[140.700166161,35.774090775],[140.699587276,35.774244946]]]},"properties":{"N03_001":"千葉県","N03_002":null,"N03_003":null,"N03_004":"旭市","N03_005":null,"N03_007":"12215"}},
{"type":"Feature","geometry":{"type":"Polygon","coordinates":[[[140.655251997,35.805640081],[140.654267276,35.805629532],[140.654215006,35.803137027],[140.651643891,35.802243973],[140.652041362,35.80188036],[140.653462218,35.801801198],[140.653397198,35.800248694],[140.652309416,35.799832027],[140.651164942,35.799951198],[140.649958833,35.799386748],[140.650137445,35.798699532],[140.649585473,35.797450108],[140.647089637,35.798572054],[140.646473217,35.797783721],[140.648481582,35.797780667],[140.648757951,35.796785667],[140.650844358,35.796429],[140.652243281,35.798600919],[140.653290506,35.798620919],[140.654039416,35.800640919],[140.656263606,35.801024252],[140.656073061,35.802133135],[140.656649196,35.802256468],[140.65619642,35.803825613],[140.655639754,35.803746468],[140.655251997,35.805640081]]]},"properties":{"N03_001":"千葉県","N03_002":null,"N03_003":null,"N03_004":"旭市","N03_005":null,"N03_007":"12215"}},
{"type":"Feature","geometry":{"type":"Polygon","coordinates":[[[140.646146589,35.798378441],[140.646632412,35.798866775],[140.645879922,35.798758171],[140.646146589,35.798378441]]]},"properties":{"N03_001":"千葉県","N03_002":null,"N03_003":null,"N03_004":"旭市","N03_005":null,"N03_007":"12215"}},
{"type":"Feature","geometry":{"type":"Polygon","coordinates":[[[140.728625006,35.688211468],[140.728726329,35.689241054],[140.728542192,35.687535559],[140.728625006,35.688211468]]]},"properties":{"N03_001":"千葉県","N03_002":null,"N03_003":null,"N03_004":"旭市","N03_005":null,"N03_007":"12215"}},
{"type":"Feature","geometry":{"type":"Polygon","coordinates":[[[140.081556978,35.694535505],[140.078315032,35.695554081],[140.077428638,35.696751865],[140.076993113,35.698644919],[140.077162866,35.700962694],[140.079620363,35.700976333],[140.082919001,35.701783],[140.085099027,35.703840225],[140.068333748,35.708443252],[140.068489274,35.706933802],[140.063510117,35.706583252],[140.063695914,35.705026306],[140.061883411,35.704872973],[140.062436109,35.69963964],[140.059812776,35.699225748],[140.060754721,35.698055721],[140.063021673,35.698189333],[140.06318192,35.696497667],[140.06486192,35.696039892],[140.063607198,35.695642108],[140.063532724,35.694597667],[140.063941894,35.694312667],[140.063271894,35.693312387],[140.064014358,35.691992946],[140.06366131,35.690917387],[140.062309079,35.691122108],[140.060832672,35.690027108],[140.061472698,35.690917387],[140.059505473,35.691647387],[140.060104643,35.692255171],[140.059469105,35.693741559],[140.058469663,35.694499333],[140.053034112,35.696537108],[140.05073655,35.691912946],[140.049335422,35.691302108],[140.048195422,35.691936559],[140.043550143,35.692853225],[140.042899922,35.696087135],[140.041668521,35.695717135],[140.041806589,35.696149081],[140.0413238,35.696311306],[140.039189611,35.694932135],[140.035490441,35.696257694],[140.034042088,35.694420468],[140.031542672,35.695536892],[140.031027082,35.69300464],[140.02858594,35.690768252],[140.025589831,35.691537721],[140.019372049,35.691552198],[140.017420947,35.69288636],[140.017906226,35.693519135],[140.017650389,35.693749414],[140.01384511,35.692012225],[140.008806524,35.695423919],[140.006032023,35.690905027],[140.00100808,35.684304748],[139.998421388,35.679140865],[139.997807497,35.678935027],[140.000670506,35.672948333],[140.001343554,35.672968613],[140.002447134,35.671071667],[140.004930999,35.668807198],[140.001943463,35.665596135],[140.002441051,35.665404027],[140.002949144,35.659778441],[139.996977393,35.659102775],[139.994818029,35.660510135],[139.994725772,35.661040108],[139.986498366,35.660108748],[139.987461193,35.654467532],[140.004759144,35.656418721],[140.007998911,35.658870387],[140.013679027,35.657521667],[140.019651907,35.652477829],[140.034947665,35.669632613],[140.041759974,35.677848198],[140.044209416,35.676635946],[140.045133022,35.677606775],[140.045646641,35.676850667],[140.048027198,35.676450946],[140.049028054,35.678917613],[140.050094449,35.679203441],[140.05014083,35.677955667],[140.051263865,35.677031225],[140.052431115,35.677834559],[140.053586939,35.677105946],[140.053416641,35.675785108],[140.054476641,35.675444838],[140.055303606,35.677194559],[140.057304189,35.678434279],[140.057582802,35.67973764],[140.060933645,35.678637919],[140.059980026,35.677099838],[140.061474163,35.676436225],[140.062574189,35.677682081],[140.062245577,35.678650973],[140.062914228,35.679440973],[140.066150311,35.676349865],[140.067408949,35.677820135],[140.068303113,35.67777736],[140.069425668,35.680899054],[140.070968197,35.682854892],[140.077005499,35.688007973],[140.081556978,35.694535505]]]},"properties":{"N03_001":"千葉県","N03_002":null,"N03_003":null,"N03_004":"習志野市","N03_005":null,"N03_007":"12216"}},
{"type":"Feature","geometry":{"type":"Polygon","coordinates":[[[140.031106641,35.900612306],[140.026939144,35.903353721],[140.021758029,35.908703441],[140.016924968,35.910579306],[140.013215525,35.91109736],[140.011195253,35.910964865],[139.998689079,35.909145441],[139.996744358,35.909224892],[139.993099611,35.910275748],[139.984906304,35.915511865],[139.977459079,35.922708279],[139.972816031,35.924748838],[139.96477131,35.927022748],[139.951899922,35.935846946],[139.948986835,35.931177505],[139.946745136,35.931347775],[139.945582918,35.930345279],[139.945470415,35.929274441],[139.942694578,35.928824171],[139.943374553,35.928371946],[139.942072049,35.927680559],[139.942530661,35.927318892],[139.943555383,35.927569721],[139.94376594,35.927233613],[139.942842049,35.926910279],[139.941186783,35.927483054],[139.94213428,35.928626108],[139.940144553,35.927487505],[139.940112335,35.927105279],[139.93696786,35.925713919],[139.93667703,35.926126135],[139.935270636,35.925545865],[139.934550363,35.924396973],[139.934233113,35.922585027],[139.932286161,35.921833081],[139.928849468,35.918150306],[139.924119728,35.916476973],[139.92016834,35.916888946],[139.921885279,35.915764505],[139.921060804,35.914627279],[139.919888003,35.910196441],[139.919864086,35.907703946],[139.920561582,35.906432],[139.918849339,35.902221171],[139.918810143,35.900482],[139.919432633,35.899727],[139.913995136,35.899042559],[139.913372049,35.898304225],[139.914872581,35.893969532],[139.915172866,35.893692279],[139.916445668,35.894323387],[139.918043995,35.893569225],[139.918718145,35.892678946],[139.918723139,35.891085613],[139.920113969,35.890448946],[139.921631193,35.891430333],[139.920834254,35.889842],[139.921121751,35.888389505],[139.922018418,35.888077838],[139.921502555,35.886714505],[139.922916719,35.886830613],[139.923031997,35.885636441],[139.924485616,35.884987559],[139.926165058,35.883449225],[139.928078106,35.883349225],[139.928708145,35.885507838],[139.928185642,35.886039505],[139.929194812,35.885996441],[139.930074527,35.886491721],[139.929570078,35.887973946],[139.928862581,35.888596441],[139.929191777,35.889913108],[139.927410947,35.890708667],[139.921257367,35.896578108],[139.921779585,35.897812],[139.919272633,35.898983667],[139.919549857,35.899490892],[139.922570999,35.900491441],[139.929799079,35.900768667],[139.930368781,35.899523667],[139.930153502,35.898601171],[139.931817951,35.898081694],[139.934644864,35.892588946],[139.933868716,35.890085054],[139.935070947,35.889904505],[139.934580117,35.888243946],[139.935986783,35.888020892],[139.93563594,35.887302559],[139.932050636,35.887302279],[139.93196869,35.886649505],[139.933550636,35.885451721],[139.936350117,35.885720333],[139.94134428,35.884776973],[139.940775357,35.88353336],[139.940060856,35.875803667],[139.941215577,35.874710054],[139.941866978,35.872644505],[139.941171946,35.871885054],[139.941954721,35.871584505],[139.943064747,35.871903667],[139.944272802,35.872642559],[139.944738638,35.873456721],[139.946802283,35.874102559],[139.950373943,35.873035586],[139.950019494,35.872636694],[139.946273087,35.873634505],[139.945223359,35.873197],[139.944250856,35.872131441],[139.944240558,35.871320613],[139.941605279,35.870505054],[139.941682503,35.869057279],[139.941050246,35.867579505],[139.940711634,35.868753108],[139.939663307,35.869683108],[139.937706083,35.868431171],[139.936035525,35.868473108],[139.934938833,35.86788064],[139.93347022,35.868073135],[139.93291358,35.869897865],[139.931186615,35.86858536],[139.927543839,35.867791748],[139.92665406,35.864527306],[139.92512572,35.864092865],[139.925862387,35.863098135],[139.926792944,35.863702865],[139.926259611,35.86230536],[139.927739339,35.861947027],[139.927968781,35.861238414],[139.928833502,35.860656198],[139.92942406,35.860930919],[139.928984332,35.862508414],[139.929247691,35.863823694],[139.930198807,35.863844252],[139.92997214,35.864281468],[139.930457134,35.864769532],[139.936164384,35.865253973],[139.942768833,35.864394775],[139.943524942,35.862932838],[139.944776615,35.863058667],[139.948159948,35.859369775],[139.948336031,35.858652279],[139.948947134,35.858438108],[139.949004643,35.857962],[139.944098495,35.857332306],[139.942661582,35.858178973],[139.940443502,35.856500081],[139.938146278,35.856696748],[139.938043476,35.856042027],[139.938806252,35.855755919],[139.938402918,35.854664802],[139.9371307,35.855287865],[139.934199559,35.853386468],[139.934523696,35.851084532],[139.935483411,35.850537865],[139.937318444,35.850919802],[139.937897613,35.851787306],[139.940262088,35.852999532],[139.940868197,35.852939532],[139.941125668,35.85171564],[139.942887367,35.852461198],[139.943622088,35.852199802],[139.946399339,35.855952865],[139.94775489,35.855430333],[139.947870169,35.854885613],[139.947207665,35.854573694],[139.949911284,35.852138973],[139.95046572,35.851682279],[139.952521829,35.851437],[139.952029248,35.841822586],[139.954356446,35.838812865],[139.954841725,35.837099802],[139.955868949,35.837085081],[139.956439494,35.836645919],[139.956430052,35.836108694],[139.957547808,35.834984252],[139.956318911,35.834086198],[139.952855837,35.834043135],[139.952025577,35.835113414],[139.95380978,35.837357586],[139.952264747,35.83579036],[139.951589196,35.835747586],[139.951623333,35.834299279],[139.95054917,35.834363721],[139.950790856,35.835212892],[139.948866978,35.835819279],[139.949109754,35.836383721],[139.947781141,35.836805667],[139.946585279,35.836242613],[139.944811673,35.836998721],[139.943981946,35.836554838],[139.944341946,35.834839],[139.941485811,35.834871505],[139.940864695,35.834257613],[139.942328029,35.832364],[139.943885525,35.832844],[139.945251362,35.831445946],[139.94674275,35.831832892],[139.948259144,35.830907333],[139.947154968,35.830220108],[139.949961894,35.828735946],[139.950560506,35.826861225],[139.949874112,35.826188171],[139.94907214,35.826081775],[139.949694086,35.824859],[139.949458521,35.824398171],[139.950035188,35.824432892],[139.951647691,35.822960667],[139.95177406,35.81928236],[139.952462361,35.817246802],[139.954395694,35.815911802],[139.9584862,35.809272081],[139.967373165,35.807994865],[139.967382023,35.804508748],[139.966557834,35.80427736],[139.967040337,35.80430236],[139.967341725,35.802707919],[139.978792283,35.798295694],[139.979639805,35.800574838],[139.981480921,35.800181225],[139.984982555,35.804029802],[139.985238612,35.804935054],[139.985945577,35.805058694],[139.985475694,35.805517054],[139.985950895,35.80611864],[139.985624254,35.806537333],[139.986854384,35.807024108],[139.98778489,35.805927586],[139.989041829,35.806807865],[139.991212944,35.805469252],[139.991821829,35.805908973],[139.990453774,35.803931748],[139.989622944,35.804364532],[139.988797639,35.803465108],[139.989455966,35.803129838],[139.989915966,35.802085387],[139.991444034,35.801611505],[139.993219611,35.803417865],[139.995159611,35.801924802],[139.99568489,35.80224564],[139.995297665,35.802571198],[139.997884916,35.804392865],[139.998636589,35.803676748],[139.996822672,35.801654252],[139.998011829,35.800603973],[139.998867951,35.801408973],[139.999772672,35.801612586],[140.000042412,35.802750919],[140.001930195,35.803928946],[140.007699663,35.803159775],[140.013224112,35.800778946],[140.015033554,35.799453387],[140.018974112,35.797702252],[140.019898275,35.796667532],[140.019995772,35.795854198],[140.01649214,35.795731721],[140.016996031,35.795392279],[140.022540506,35.796082532],[140.027281167,35.798837694],[140.028360726,35.798958333],[140.028203839,35.797132802],[140.024635188,35.792173081],[140.020947639,35.788830892],[140.019731245,35.788912279],[140.02029847,35.788063694],[140.019537886,35.785762865],[140.017045616,35.781215081],[140.018890078,35.783492027],[140.020574034,35.787590081],[140.024756939,35.791611054],[140.024464968,35.791883333],[140.029907756,35.798948946],[140.030598781,35.802440027],[140.031583022,35.803828613],[140.031778197,35.805260505],[140.031229442,35.807111505],[140.032299585,35.811821892],[140.033854617,35.814152414],[140.034468781,35.816432414],[140.037118521,35.817651279],[140.042043865,35.824768198],[140.050360856,35.832643973],[140.055302529,35.834321198],[140.056170052,35.835734532],[140.067201414,35.834401973],[140.069655032,35.833777252],[140.076643061,35.830655],[140.079552192,35.830794171],[140.079604695,35.831280279],[140.083707471,35.830790838],[140.08517358,35.832034973],[140.086240246,35.832303865],[140.086864695,35.830593586],[140.089155227,35.830179973],[140.091349105,35.828170252],[140.090655227,35.827202748],[140.092571855,35.825899973],[140.092901582,35.826058027],[140.0932838,35.82617664],[140.094067691,35.825012748],[140.096194916,35.825859414],[140.095703528,35.826599135],[140.099553528,35.828148],[140.0992238,35.828664387],[140.100107419,35.829006613],[140.099146615,35.831288279],[140.10269022,35.833326054],[140.105404669,35.83437964],[140.109256031,35.834123532],[140.111943865,35.843398225],[140.109316913,35.843764054],[140.11135834,35.847894306],[140.099650052,35.851742667],[140.088738145,35.852959946],[140.088683411,35.852581892],[140.065098781,35.855398333],[140.066290143,35.853769441],[140.060077639,35.850859748],[140.057185422,35.851248108],[140.054315162,35.852204225],[140.049962114,35.854388667],[140.045884358,35.857819252],[140.04252214,35.859419802],[140.041155499,35.859597586],[140.038674358,35.859206775],[140.03228572,35.856455694],[140.031383774,35.85672236],[140.026022412,35.860832919],[140.012667108,35.861835198],[140.008312672,35.861802135],[139.996745162,35.866858838],[139.993532944,35.867553559],[139.992051556,35.869879667],[139.992184617,35.870669108],[139.991690999,35.871298279],[139.991100441,35.871186892],[139.990680752,35.872809667],[139.992359079,35.873172171],[139.992539079,35.874734108],[139.994232438,35.876703559],[139.993594669,35.876991892],[139.993119663,35.876381054],[139.992705772,35.876485775],[139.992212996,35.876808838],[139.992801608,35.877545775],[139.991872438,35.878253559],[139.990596615,35.878615505],[139.99088022,35.877767721],[139.988679948,35.879234108],[139.989959144,35.880934946],[139.990709689,35.881414387],[139.992155253,35.881530505],[139.992929416,35.880583838],[139.992054423,35.879905225],[139.992814137,35.879290775],[139.993746083,35.880794667],[139.994822477,35.879330198],[139.995812192,35.879046027],[139.99645275,35.87973464],[139.995567198,35.879721027],[139.99481083,35.881483532],[139.995448054,35.881920198],[139.99594,35.881049081],[139.996618885,35.881178802],[139.996745279,35.880829919],[139.997432503,35.881401306],[139.997645006,35.881069081],[139.998462218,35.881919919],[139.998159442,35.882787973],[139.998616978,35.883742135],[140.000419754,35.884415198],[140.001743917,35.884361865],[140.00256144,35.885492108],[140.004675888,35.885607108],[140.005868949,35.886524333],[140.007274773,35.886245171],[140.007449494,35.885696],[140.00825061,35.885523225],[140.008642827,35.884526279],[140.009787004,35.884739054],[140.010152866,35.886404333],[140.009744254,35.886936],[140.011936226,35.889516252],[140.01232428,35.889304586],[140.01315345,35.890607081],[140.01426511,35.891314865],[140.016602633,35.890955973],[140.015694034,35.892293198],[140.014827639,35.891681252],[140.014257912,35.892015135],[140.012707886,35.890735973],[140.012137886,35.891329027],[140.011537613,35.89040236],[140.01195428,35.891850694],[140.01129345,35.89246236],[140.013607082,35.893487919],[140.014736809,35.893086252],[140.015332361,35.893819865],[140.014683748,35.894211802],[140.016270441,35.895993748],[140.017526252,35.893456532],[140.018050415,35.893512081],[140.019077056,35.889584027],[140.020125668,35.888360414],[140.019578716,35.889139306],[140.020261245,35.890003748],[140.020924034,35.890740667],[140.021786252,35.890224],[140.031106641,35.900612306]],[[139.995418054,35.882338532],[139.996294721,35.883931586],[139.997225837,35.883575468],[139.995418054,35.882338532]]]},"properties":{"N03_001":"千葉県","N03_002":null,"N03_003":null,"N03_004":"柏市","N03_005":null,"N03_007":"12217"}},
{"type":"Feature","geometry":{"type":"Polygon","coordinates":[[[140.317908197,35.214563081],[140.318046809,35.215484748],[140.315416252,35.217801721],[140.313710143,35.217784775],[140.313247912,35.218112559],[140.313085694,35.219576171],[140.311039857,35.219949505],[140.309909027,35.221562865],[140.307167328,35.222986198],[140.306698171,35.225599252],[140.305391777,35.226337892],[140.304576783,35.226177613],[140.303449001,35.226625946],[140.301337613,35.226269838],[140.300020117,35.227770667],[140.299577886,35.229377919],[140.297529274,35.230167919],[140.295283969,35.229800414],[140.29417703,35.23027764],[140.293980921,35.230840973],[140.295874812,35.232102919],[140.29712345,35.23376764],[140.296484553,35.235776802],[140.297013722,35.237573198],[140.296258171,35.237899054],[140.296214553,35.238343225],[140.295355383,35.238314333],[140.294447056,35.238915721],[140.293032335,35.238514613],[140.291387613,35.239778225],[140.291003139,35.238062946],[140.290252023,35.237325171],[140.288573969,35.239346865],[140.287857302,35.241686586],[140.288101479,35.242894919],[140.286806472,35.244498838],[140.285540078,35.243983],[140.284649805,35.244076333],[140.285548975,35.243001892],[140.284683139,35.242278559],[140.282830921,35.242714667],[140.282435642,35.242367171],[140.281020895,35.242424387],[140.280462283,35.241536054],[140.278564501,35.240658559],[140.27783978,35.239433279],[140.275172802,35.239217468],[140.274063645,35.239525532],[140.273145577,35.237343838],[140.271765032,35.235555225],[140.270743359,35.234996333],[140.27058642,35.234380225],[140.268467782,35.234107171],[140.267210272,35.233397721],[140.264193891,35.234552468],[140.262802503,35.233621081],[140.261117198,35.233470532],[140.259804137,35.234438586],[140.258171362,35.234209135],[140.256247198,35.235069973],[140.254779974,35.234589973],[140.254316083,35.233660252],[140.253599974,35.234089973],[140.251731336,35.233065802],[140.252456887,35.231543586],[140.254084112,35.231104694],[140.255606057,35.229318306],[140.255694112,35.227941333],[140.256479948,35.227733559],[140.257754669,35.228234667],[140.259012192,35.227740775],[140.258855227,35.225895225],[140.260052166,35.224396054],[140.258125227,35.222507171],[140.256905227,35.222828838],[140.255734112,35.222354387],[140.254453281,35.222683279],[140.252628521,35.221109108],[140.250571855,35.221273559],[140.250667977,35.219124919],[140.251489922,35.218274919],[140.250405162,35.216337973],[140.248085447,35.214338802],[140.246340441,35.214932414],[140.245622114,35.214075468],[140.245860973,35.210942946],[140.244358755,35.209317108],[140.244215694,35.206786],[140.244912918,35.205873505],[140.244007912,35.204833225],[140.244573476,35.203626838],[140.245271245,35.203285441],[140.245178716,35.201992081],[140.244400661,35.200906532],[140.244820117,35.199165973],[140.245754838,35.198119027],[140.245827886,35.196808468],[140.244781505,35.196419306],[140.245426226,35.195049586],[140.24586428,35.191888748],[140.245362581,35.190559865],[140.244085084,35.191677919],[140.243403411,35.191238748],[140.24286786,35.190216775],[140.243074812,35.189587892],[140.242320636,35.188739279],[140.242941193,35.187527613],[140.242269805,35.186297333],[140.241430078,35.185758171],[140.240455058,35.183636225],[140.23925061,35.183117054],[140.239056161,35.181026505],[140.238337004,35.180095667],[140.237351141,35.179486505],[140.236242529,35.180645387],[140.23482642,35.179637054],[140.233621971,35.180465919],[140.231001971,35.181116468],[140.231208911,35.182447865],[140.23001642,35.183086748],[140.229831971,35.183818973],[140.227482529,35.186297865],[140.224984475,35.187448973],[140.22364808,35.187212865],[140.223146978,35.186427027],[140.221761388,35.186729252],[140.220063891,35.18255036],[140.219104721,35.183034252],[140.217969689,35.182671748],[140.217158859,35.183372865],[140.216227756,35.183129532],[140.215105772,35.181493135],[140.212715227,35.179700108],[140.21171297,35.179724279],[140.21162214,35.180236775],[140.209687691,35.181859],[140.207373528,35.182645108],[140.205897419,35.183989559],[140.203681556,35.183444586],[140.202296005,35.18380736],[140.200895422,35.183553468],[140.1997993,35.181563468],[140.199788197,35.180330135],[140.198828444,35.17804736],[140.197560389,35.176999054],[140.194624812,35.176188225],[140.193809805,35.175523505],[140.193278975,35.175837946],[140.192026446,35.175426838],[140.188713113,35.17567964],[140.187915032,35.170178532],[140.191155888,35.170260468],[140.193742283,35.171265171],[140.196649805,35.171674613],[140.199631505,35.170190171],[140.202133722,35.170242108],[140.203027613,35.168350171],[140.204209274,35.167518225],[140.20457428,35.166332946],[140.205210661,35.165963225],[140.205078716,35.164205441],[140.206056498,35.164027108],[140.206577613,35.163277946],[140.206127328,35.162608775],[140.207741777,35.161844054],[140.208183995,35.160398505],[140.206841505,35.15961464],[140.207415668,35.157960198],[140.206469533,35.156407694],[140.20749428,35.156139919],[140.207533139,35.154733802],[140.208433411,35.153981586],[140.209974838,35.154515748],[140.211565668,35.154088532],[140.212040661,35.151337694],[140.21323594,35.150439081],[140.212420661,35.149076613],[140.212792866,35.146606613],[140.215305383,35.144572171],[140.215098444,35.143570225],[140.216357588,35.141261054],[140.215632023,35.139467198],[140.214244254,35.138788027],[140.212160895,35.136315532],[140.21067978,35.135567748],[140.210552827,35.134968613],[140.211093385,35.134220559],[140.212652283,35.135211919],[140.213585331,35.13523636],[140.214259222,35.134463865],[140.216040363,35.133994694],[140.216810363,35.133374414],[140.215223943,35.132859441],[140.214964773,35.132318333],[140.215676446,35.130673054],[140.215313671,35.129438892],[140.214022283,35.129095279],[140.212865331,35.127163333],[140.211762244,35.126324198],[140.212310311,35.125261973],[140.211791971,35.124270586],[140.211903087,35.122692252],[140.213631414,35.12108336],[140.213254189,35.119934198],[140.210857523,35.117263946],[140.211598366,35.116203667],[140.211805214,35.114466477],[140.213730636,35.114362198],[140.219210117,35.116239613],[140.220160052,35.115978441],[140.219245253,35.116232613],[140.220062944,35.116610721],[140.222005447,35.11649064],[140.2219407,35.116058559],[140.220457756,35.116289946],[140.220476641,35.116032919],[140.222073606,35.115925135],[140.222162633,35.116466054],[140.223974695,35.116175414],[140.22533808,35.115490802],[140.225734643,35.114759892],[140.226057108,35.115374865],[140.227606861,35.116071],[140.232513022,35.115134802],[140.234503748,35.116578225],[140.236376809,35.116709586],[140.237652529,35.11832336],[140.234301414,35.120143865],[140.234266641,35.121127468],[140.235189974,35.121175613],[140.234392166,35.121167081],[140.234348223,35.121849018],[140.235547056,35.122076225],[140.2357562,35.121562081],[140.235694254,35.121929081],[140.236675162,35.122023865],[140.236746641,35.121548081],[140.235697419,35.121435532],[140.235541997,35.121041081],[140.236856278,35.121430667],[140.236647717,35.122646441],[140.238757173,35.123440838],[140.239183022,35.124532027],[140.240215058,35.125326468],[140.24239655,35.125492721],[140.242645525,35.124502414],[140.24310297,35.124304387],[140.243106978,35.124789135],[140.244203411,35.125235252],[140.24503144,35.124934135],[140.245834034,35.125541414],[140.246014086,35.126859081],[140.247128911,35.127950721],[140.249334137,35.128671919],[140.250264254,35.128417892],[140.250821219,35.12960964],[140.250113165,35.129272694],[140.250514669,35.12913436],[140.250208145,35.128499468],[140.249348392,35.128722468],[140.24977594,35.130287667],[140.24923594,35.129413252],[140.248409364,35.129522441],[140.247185331,35.130412054],[140.24709869,35.130875586],[140.247596226,35.130902387],[140.247778521,35.130356387],[140.247638314,35.133086586],[140.248625279,35.132739802],[140.249064501,35.132966198],[140.247742698,35.133185468],[140.247947717,35.133983721],[140.249039611,35.134947838],[140.250619754,35.135278532],[140.251634423,35.135027225],[140.251275058,35.134047694],[140.251939818,35.135240495],[140.251804721,35.133853721],[140.252135227,35.135237225],[140.252521777,35.134057919],[140.251615914,35.133085532],[140.252372023,35.133770081],[140.253035772,35.133617],[140.252490467,35.133861054],[140.253104137,35.133857775],[140.254531051,35.135016414],[140.256792049,35.134470027],[140.256512166,35.134598586],[140.257241479,35.135017775],[140.256930195,35.135214559],[140.257625331,35.135401973],[140.257424669,35.135841171],[140.256427004,35.135840838],[140.256611946,35.136223441],[140.256214475,35.136306027],[140.257100636,35.136946667],[140.257146278,35.136337694],[140.257485642,35.136876054],[140.25691192,35.137318865],[140.257775058,35.137923279],[140.260500441,35.138252414],[140.262917523,35.137121838],[140.26364214,35.135779171],[140.262504721,35.135378081],[140.261891089,35.134628],[140.262666641,35.133812387],[140.263827445,35.134968306],[140.264378911,35.134133108],[140.265795577,35.134408468],[140.2664393,35.135807586],[140.267085253,35.136065027],[140.268233554,35.135247802],[140.267578833,35.134965441],[140.267809222,35.134279865],[140.268573969,35.134164559],[140.269155032,35.136035802],[140.268596615,35.136829027],[140.269687756,35.137380802],[140.270071167,35.136957333],[140.27079939,35.137941505],[140.271368949,35.137220108],[140.271508003,35.137734919],[140.27415594,35.137267279],[140.276100052,35.135736865],[140.276788911,35.134395],[140.275756446,35.132983027],[140.275404617,35.133225027],[140.274783061,35.132559171],[140.275371089,35.133237559],[140.274934034,35.133080279],[140.274547756,35.132039468],[140.273868716,35.132150694],[140.273995966,35.131333892],[140.275199053,35.130558027],[140.276101829,35.131558414],[140.277056394,35.131025135],[140.277181855,35.131710135],[140.278260169,35.131511279],[140.279015253,35.131960279],[140.279279105,35.132444532],[140.278371336,35.132477838],[140.278540389,35.132770505],[140.277845966,35.133195694],[140.278010467,35.133554586],[140.278675863,35.13321736],[140.27863358,35.134498667],[140.279232438,35.134517225],[140.279114228,35.133201946],[140.280068197,35.133313892],[140.279999027,35.134490721],[140.280833502,35.134534505],[140.280619948,35.133198279],[140.28124428,35.133465252],[140.28186978,35.133067225],[140.282440117,35.13331264],[140.281953645,35.134299027],[140.282631141,35.133545081],[140.283088612,35.134103892],[140.282845811,35.133358775],[140.28338594,35.133256081],[140.283947224,35.133595081],[140.284439364,35.135040279],[140.285166693,35.134812973],[140.28534,35.134088135],[140.286181115,35.134302387],[140.287087328,35.135854108],[140.286528444,35.136792171],[140.287091051,35.137136838],[140.287844669,35.137487279],[140.288080726,35.136626838],[140.28844022,35.137289],[140.290250636,35.136542532],[140.290886939,35.137447414],[140.29309786,35.138066721],[140.292458911,35.138398946],[140.290469689,35.138261387],[140.290252827,35.139423532],[140.291053606,35.140120748],[140.289643722,35.139753694],[140.290083774,35.140801027],[140.291593554,35.140751081],[140.291388833,35.141468748],[140.292017471,35.141894081],[140.291193696,35.141394279],[140.290707082,35.141536694],[140.290428911,35.142225613],[140.290887912,35.142549892],[140.290002529,35.14288109],[140.290578249,35.144382748],[140.29119153,35.144183919],[140.291396744,35.142120613],[140.291436329,35.144260198],[140.290100532,35.144639559],[140.289915383,35.145080946],[140.292076252,35.145860252],[140.2927907,35.145728252],[140.292577276,35.145993198],[140.293471751,35.146711081],[140.293819922,35.145652171],[140.294592244,35.145890667],[140.295099728,35.145536946],[140.295051167,35.146624505],[140.295772802,35.147166387],[140.295478859,35.147027135],[140.295505668,35.147470586],[140.295842698,35.14789664],[140.296421855,35.147790919],[140.295883606,35.148897135],[140.296630117,35.148725279],[140.29718572,35.149094279],[140.296627082,35.148763973],[140.295870272,35.148943],[140.296657173,35.149896892],[140.297457808,35.149226387],[140.297529611,35.149708414],[140.296793917,35.149868414],[140.298093385,35.150965586],[140.299090921,35.151124441],[140.299870246,35.150775748],[140.299885577,35.151074694],[140.301819053,35.151217108],[140.302860726,35.150215838],[140.304393087,35.151212225],[140.30993952,35.14894482],[140.309628145,35.148611892],[140.310334137,35.144310108],[140.310103165,35.147464414],[140.310518911,35.147601225],[140.310084527,35.147550613],[140.309913917,35.148252027],[140.311200921,35.148405973],[140.312477004,35.147152721],[140.312694449,35.143993081],[140.313360532,35.143558559],[140.312577445,35.142722721],[140.311754553,35.143718333],[140.309527393,35.143574532],[140.311648392,35.143422973],[140.312654034,35.141862414],[140.311428755,35.140096414],[140.3115738,35.139811441],[140.312229222,35.140168468],[140.312513113,35.138582973],[140.31167144,35.138254559],[140.311087782,35.138820414],[140.311477808,35.138282],[140.31113275,35.137962135],[140.31041917,35.138302667],[140.3109593,35.139277919],[140.310304384,35.13827136],[140.311222698,35.137478468],[140.310686472,35.137067441],[140.311059053,35.136429108],[140.310381803,35.136066973],[140.310201725,35.134714198],[140.311819222,35.134643505],[140.311486939,35.134925027],[140.311975642,35.135445108],[140.312419196,35.134985414],[140.311999105,35.135910252],[140.31282978,35.136776252],[140.313868949,35.13709336],[140.313810337,35.137676279],[140.315279728,35.138655414],[140.31723856,35.13826064],[140.318805227,35.137267586],[140.320301803,35.13850764],[140.32095808,35.138448532],[140.321835058,35.139827613],[140.323017393,35.139052414],[140.32294297,35.138570532],[140.323398275,35.138735667],[140.324071971,35.138266054],[140.323186861,35.139199802],[140.323313476,35.139911279],[140.324073839,35.139907387],[140.324194721,35.139418108],[140.324937613,35.139779946],[140.325262412,35.139486721],[140.324882477,35.139129838],[140.325425914,35.139359505],[140.32606358,35.138970748],[140.325966615,35.139341505],[140.326858781,35.139393279],[140.326676304,35.140094198],[140.325892529,35.140321838],[140.326812412,35.141268306],[140.325648003,35.141066198],[140.325493139,35.141413387],[140.326075136,35.141884306],[140.32679022,35.141698892],[140.32720192,35.142940919],[140.326994163,35.144160441],[140.327786835,35.14578064],[140.327190195,35.145278586],[140.326920389,35.145468081],[140.327225577,35.145241252],[140.326863969,35.144137306],[140.326949001,35.142696],[140.325995525,35.142914171],[140.326223528,35.143618919],[140.326543087,35.143551694],[140.326255525,35.143724387],[140.326766809,35.145089333],[140.326188054,35.145353946],[140.326411336,35.147327919],[140.326870947,35.147632892],[140.327689274,35.146841973],[140.327732581,35.146207865],[140.327971167,35.146470946],[140.327832529,35.146908694],[140.327354747,35.147239279],[140.327787134,35.147348775],[140.326800558,35.147786135],[140.326738949,35.148908694],[140.327203671,35.149018081],[140.326529831,35.149370279],[140.326994475,35.149852306],[140.327682776,35.149131892],[140.3271207,35.149866225],[140.327400726,35.151320586],[140.32812856,35.151326559],[140.328672944,35.152003919],[140.329035136,35.152005252],[140.328529533,35.151429865],[140.32941834,35.151852135],[140.330787224,35.153933838],[140.331984942,35.154711387],[140.331084137,35.154813198],[140.331386913,35.154644559],[140.329641388,35.153218559],[140.328832438,35.153635387],[140.330875331,35.154878225],[140.329971971,35.155553505],[140.33050642,35.155904532],[140.331398755,35.155489748],[140.332047588,35.156436333],[140.332463995,35.156166135],[140.331950999,35.155364892],[140.331557224,35.155441387],[140.331912309,35.155088532],[140.332755642,35.156323387],[140.332347393,35.156754946],[140.332767756,35.157628892],[140.332436109,35.158797802],[140.333179364,35.158616613],[140.333528029,35.15930264],[140.333104721,35.158870505],[140.332299559,35.158889],[140.332330441,35.159790667],[140.333275136,35.159418171],[140.332154254,35.159975748],[140.331976083,35.16157264],[140.333088444,35.16365236],[140.332830584,35.16383227],[140.335141777,35.166762505],[140.339214864,35.16990164],[140.34239489,35.171086054],[140.344591414,35.172724892],[140.344661089,35.17315864],[140.345504968,35.173538721],[140.345859364,35.174974225],[140.346771803,35.176143757],[140.343360169,35.175569667],[140.341510999,35.176165505],[140.339278223,35.175406081],[140.338990169,35.176214135],[140.338079339,35.176237198],[140.337399585,35.177007468],[140.335946252,35.176915802],[140.335439857,35.177600252],[140.3335693,35.176893306],[140.332095422,35.177514441],[140.330474553,35.175382225],[140.329087328,35.175439721],[140.326793696,35.174576667],[140.325025084,35.174546973],[140.321217834,35.173419468],[140.321841751,35.174224198],[140.323182023,35.174336135],[140.324464254,35.17508364],[140.322640078,35.17481364],[140.320395331,35.175602252],[140.319440895,35.175260306],[140.318873385,35.174139198],[140.317014773,35.174190054],[140.317035331,35.175354505],[140.315836446,35.176697559],[140.314714773,35.179100613],[140.31481978,35.179945613],[140.31376061,35.180627],[140.313424228,35.181788108],[140.313277004,35.182860333],[140.315002283,35.184329225],[140.314544228,35.185204505],[140.313367004,35.185860054],[140.31349978,35.186669225],[140.311137004,35.188660333],[140.311001725,35.189428108],[140.30846978,35.190583667],[140.30774144,35.189738414],[140.305350311,35.190285919],[140.304698638,35.191596468],[140.305455863,35.192668694],[140.303905305,35.193867865],[140.30410808,35.195527306],[140.303456693,35.196303135],[140.304459222,35.20041564],[140.306039494,35.20075536],[140.310063969,35.199893387],[140.309804527,35.200910892],[140.3082962,35.201880081],[140.308372866,35.202878135],[140.307812309,35.203498694],[140.308593139,35.20942564],[140.310498716,35.209419775],[140.31136428,35.211603667],[140.312835383,35.211264225],[140.313798171,35.212115613],[140.316026252,35.212144505],[140.316166252,35.214794225],[140.317009857,35.214944198],[140.317908197,35.214563081]],[[140.256690636,35.221150613],[140.257706835,35.220587441],[140.256581167,35.220842865],[140.256690636,35.221150613]],[[140.261599728,35.221129838],[140.26231358,35.220448225],[140.261262438,35.220846027],[140.261599728,35.221129838]]]},"properties":{"N03_001":"千葉県","N03_002":null,"N03_003":null,"N03_004":"勝浦市","N03_005":null,"N03_007":"12218"}},
{"type":"Feature","geometry":{"type":"Polygon","coordinates":[[[140.320361362,35.137173667],[140.319179689,35.136912027],[140.319410804,35.136177865],[140.320089144,35.136321441],[140.320361362,35.137173667]]]},"properties":{"N03_001":"千葉県","N03_002":null,"N03_003":null,"N03_004":"勝浦市","N03_005":null,"N03_007":"12218"}},
{"type":"Feature","geometry":{"type":"Polygon","coordinates":[[[140.322191634,35.138168667],[140.321585525,35.138087279],[140.32154358,35.137537838],[140.322170804,35.137677279],[140.322191634,35.138168667]]]},"properties":{"N03_001":"千葉県","N03_002":null,"N03_003":null,"N03_004":"勝浦市","N03_005":null,"N03_007":"12218"}},
{"type":"Feature","geometry":{"type":"Polygon","coordinates":[[[140.278616719,35.128242135],[140.278266446,35.128215748],[140.278512555,35.127815748],[140.278616719,35.128242135]]]},"properties":{"N03_001":"千葉県","N03_002":null,"N03_003":null,"N03_004":"勝浦市","N03_005":null,"N03_007":"12218"}},
{"type":"Feature","geometry":null,"properties":{"N03_001":"千葉県","N03_002":null,"N03_003":null,"N03_004":"勝浦市","N03_005":null,"N03_007":"12218"}},
{"type":"Feature","geometry":null,"properties":{"N03_001":"千葉県","N03_002":null,"N03_003":null,"N03_004":"勝浦市","N03_005":null,"N03_007":"12218"}},
{"type":"Feature","geometry":null,"properties":{"N03_001":"千葉県","N03_002":null,"N03_003":null,"N03_004":"勝浦市","N03_005":null,"N03_007":"12218"}},
{"type":"Feature","geometry":null,"properties":{"N03_001":"千葉県","N03_002":null,"N03_003":null,"N03_004":"勝浦市","N03_005":null,"N03_007":"12218"}},
{"type":"Feature","geometry":null,"properties":{"N03_001":"千葉県","N03_002":null,"N03_003":null,"N03_004":"勝浦市","N03_005":null,"N03_007":"12218"}},
{"type":"Feature","geometry":null,"properties":{"N03_001":"千葉県","N03_002":null,"N03_003":null,"N03_004":"勝浦市","N03_005":null,"N03_007":"12218"}},
{"type":"Feature","geometry":null,"properties":{"N03_001":"千葉県","N03_002":null,"N03_003":null,"N03_004":"勝浦市","N03_005":null,"N03_007":"12218"}},
{"type":"Feature","geometry":null,"properties":{"N03_001":"千葉県","N03_002":null,"N03_003":null,"N03_004":"勝浦市","N03_005":null,"N03_007":"12218"}},
{"type":"Feature","geometry":null,"properties":{"N03_001":"千葉県","N03_002":null,"N03_003":null,"N03_004":"勝浦市","N03_005":null,"N03_007":"12218"}},
{"type":"Feature","geometry":null,"properties":{"N03_001":"千葉県","N03_002":null,"N03_003":null,"N03_004":"勝浦市","N03_005":null,"N03_007":"12218"}},
{"type":"Feature","geometry":null,"properties":{"N03_001":"千葉県","N03_002":null,"N03_003":null,"N03_004":"勝浦市","N03_005":null,"N03_007":"12218"}},
{"type":"Feature","geometry":null,"properties":{"N03_001":"千葉県","N03_002":null,"N03_003":null,"N03_004":"勝浦市","N03_005":null,"N03_007":"12218"}},
{"type":"Feature","geometry":null,"properties":{"N03_001":"千葉県","N03_002":null,"N03_003":null,"N03_004":"勝浦市","N03_005":null,"N03_007":"12218"}},
{"type":"Feature","geometry":null,"properties":{"N03_001":"千葉県","N03_002":null,"N03_003":null,"N03_004":"勝浦市","N03_005":null,"N03_007":"12218"}},
{"type":"Feature","geometry":null,"properties":{"N03_001":"千葉県","N03_002":null,"N03_003":null,"N03_004":"勝浦市","N03_005":null,"N03_007":"12218"}},
{"type":"Feature","geometry":null,"properties":{"N03_001":"千葉県","N03_002":null,"N03_003":null,"N03_004":"勝浦市","N03_005":null,"N03_007":"12218"}},
{"type":"Feature","geometry":null,"properties":{"N03_001":"千葉県","N03_002":null,"N03_003":null,"N03_004":"勝浦市","N03_005":null,"N03_007":"12218"}},
{"type":"Feature","geometry":null,"properties":{"N03_001":"千葉県","N03_002":null,"N03_003":null,"N03_004":"勝浦市","N03_005":null,"N03_007":"12218"}},
{"type":"Feature","geometry":null,"properties":{"N03_001":"千葉県","N03_002":null,"N03_003":null,"N03_004":"勝浦市","N03_005":null,"N03_007":"12218"}},
{"type":"Feature","geometry":null,"properties":{"N03_001":"千葉県","N03_002":null,"N03_003":null,"N03_004":"勝浦市","N03_005":null,"N03_007":"12218"}},
{"type":"Feature","geometry":null,"properties":{"N03_001":"千葉県","N03_002":null,"N03_003":null,"N03_004":"勝浦市","N03_005":null,"N03_007":"12218"}},
{"type":"Feature","geometry":null,"properties":{"N03_001":"千葉県","N03_002":null,"N03_003":null,"N03_004":"勝浦市","N03_005":null,"N03_007":"12218"}},
{"type":"Feature","geometry":null,"properties":{"N03_001":"千葉県","N03_002":null,"N03_003":null,"N03_004":"勝浦市","N03_005":null,"N03_007":"12218"}},
{"type":"Feature","geometry":null,"properties":{"N03_001":"千葉県","N03_002":null,"N03_003":null,"N03_004":"勝浦市","N03_005":null,"N03_007":"12218"}},
{"type":"Feature","geometry":null,"properties":{"N03_001":"千葉県","N03_002":null,"N03_003":null,"N03_004":"勝浦市","N03_005":null,"N03_007":"12218"}},
{"type":"Feature","geometry":null,"properties":{"N03_001":"千葉県","N03_002":null,"N03_003":null,"N03_004":"勝浦市","N03_005":null,"N03_007":"12218"}},
{"type":"Feature","geometry":null,"properties":{"N03_001":"千葉県","N03_002":null,"N03_003":null,"N03_004":"勝浦市","N03_005":null,"N03_007":"12218"}},
{"type":"Feature","geometry":null,"properties":{"N03_001":"千葉県","N03_002":null,"N03_003":null,"N03_004":"勝浦市","N03_005":null,"N03_007":"12218"}},
{"type":"Feature","geometry":null,"properties":{"N03_001":"千葉県","N03_002":null,"N03_003":null,"N03_004":"勝浦市","N03_005":null,"N03_007":"12218"}},
{"type":"Feature","geometry":null,"properties":{"N03_001":"千葉県","N03_002":null,"N03_003":null,"N03_004":"勝浦市","N03_005":null,"N03_007":"12218"}},
{"type":"Feature","geometry":{"type":"Polygon","coordinates":[[[140.115489092,35.55060136],[140.113722023,35.548126027],[140.112791362,35.548577694],[140.112342724,35.549894387],[140.106515811,35.551969027],[140.106672244,35.552273081],[140.098043061,35.555011333],[140.092330804,35.554484613],[140.088246083,35.551953838],[140.089105811,35.550929387],[140.085772088,35.548838081],[140.085982438,35.548531171],[140.086403476,35.548789973],[140.086978495,35.548175279],[140.086921582,35.547123027],[140.088011219,35.545952279],[140.091554358,35.548433468],[140.093101336,35.546850027],[140.09283297,35.546641505],[140.093118366,35.546831775],[140.093428521,35.546055667],[140.09368847,35.546217441],[140.094315966,35.545551207],[140.090080532,35.542851],[140.090541115,35.542343171],[140.091509442,35.541754468],[140.091354112,35.54150936],[140.091562529,35.541730919],[140.094466135,35.540308225],[140.095952361,35.540153306],[140.098198807,35.541543108],[140.099345837,35.540295865],[140.099092023,35.540050054],[140.099582802,35.540045027],[140.101058833,35.538462054],[140.09608869,35.535401586],[140.089042438,35.538915946],[140.088642114,35.538743721],[140.084662438,35.541873414],[140.084529222,35.542470306],[140.084601725,35.541922108],[140.083543722,35.543187441],[140.083821505,35.542540667],[140.083025058,35.543019225],[140.082630143,35.543918252],[140.082960921,35.543067468],[140.082145227,35.543708613],[140.081758301,35.544596],[140.082085032,35.543753333],[140.078362088,35.546604505],[140.078319922,35.547453586],[140.078307756,35.546648054],[140.077647523,35.547156613],[140.0776,35.548208],[140.07759428,35.547197721],[140.07391917,35.550028892],[140.072280272,35.550144198],[140.070462724,35.548607009],[140.066349715,35.553397036],[140.070151115,35.548459721],[140.064485188,35.542806613],[140.061753087,35.542752027],[140.061308301,35.543726838],[140.061659364,35.544189279],[140.053943554,35.535085135],[140.056142049,35.533816973],[140.054417276,35.533476919],[140.056315694,35.533521559],[140.055472802,35.533507252],[140.056185668,35.533792306],[140.057793359,35.532881694],[140.055908911,35.532620441],[140.056885746,35.532709775],[140.056276109,35.532414802],[140.057832438,35.532859532],[140.058616394,35.532192946],[140.057454189,35.531757108],[140.058620636,35.532173468],[140.058700558,35.531805468],[140.05802061,35.531495667],[140.05870869,35.531767775],[140.059187886,35.530772721],[140.060677639,35.530064586],[140.057721725,35.526577252],[140.057253748,35.526857721],[140.057596978,35.52720536],[140.056456887,35.528183333],[140.057358949,35.527172919],[140.05714917,35.526922027],[140.052157108,35.529755468],[140.052619857,35.530021919],[140.052226498,35.530254468],[140.05212144,35.529775748],[140.050075525,35.530936838],[140.038267198,35.517027414],[140.037176109,35.517841414],[140.036919883,35.517539613],[140.038210143,35.516960171],[140.037728949,35.516283225],[140.040773696,35.514554198],[140.038780272,35.513776279],[140.04085703,35.514506838],[140.045908586,35.511398667],[140.042233917,35.507327306],[140.039212114,35.509039748],[140.040325914,35.509942108],[140.040124643,35.51016764],[140.039177886,35.509059171],[140.033891634,35.511865468],[140.025218612,35.501636171],[140.030775006,35.498375586],[140.030589274,35.498156225],[140.030863165,35.498325694],[140.036225966,35.495293027],[140.033041479,35.491674027],[140.027934034,35.494563054],[140.029911245,35.496897171],[140.029643774,35.497050027],[140.0276638,35.494715198],[140.026588638,35.495387919],[140.025936887,35.494544468],[140.02192489,35.496793],[140.015944034,35.489712505],[140.020175084,35.487150468],[140.020127082,35.486743027],[140.015546719,35.489177135],[140.012365136,35.485516838],[140.009763165,35.486242667],[140.012341051,35.485488279],[140.012112049,35.485193414],[140.013188975,35.484581946],[140.012442114,35.483699667],[140.011291894,35.484232739],[140.017851647,35.480516613],[140.016370636,35.478751027],[140.019833411,35.474295108],[140.018351971,35.472575973],[140.020644086,35.469781279],[140.023556005,35.468105324],[140.023083502,35.467756171],[140.021669637,35.468576505],[140.020991673,35.468207054],[140.021611582,35.468498333],[140.022994306,35.467696108],[140.022741401,35.467551054],[140.024584747,35.466376919],[140.02440642,35.465158306],[140.024883917,35.464146081],[140.025649468,35.463465252],[140.026764475,35.463209973],[140.03023083,35.456972748],[140.030513307,35.454633892],[140.034494695,35.451796081],[140.035216913,35.450407198],[140.03821192,35.447898306],[140.039788003,35.445545532],[140.041724358,35.440814171],[140.041325473,35.439425279],[140.043167691,35.437372225],[140.042926835,35.4359],[140.040748223,35.435069441],[140.040084306,35.433975],[140.040912049,35.429021946],[140.038357302,35.426913081],[140.033054228,35.424705586],[140.032622555,35.423570027],[140.043762581,35.42362],[140.049866226,35.425128613],[140.051572361,35.425963865],[140.053042633,35.425720252],[140.055323476,35.426203586],[140.060111556,35.425787198],[140.076598859,35.429992973],[140.080706667,35.432318802],[140.081887471,35.431246306],[140.083081634,35.428700468],[140.084074695,35.429063252],[140.087714695,35.427461865],[140.087708003,35.425514081],[140.086503554,35.424525748],[140.088483839,35.422879081],[140.089024916,35.421346586],[140.089938249,35.421014081],[140.089402412,35.419356306],[140.090720999,35.417410468],[140.09022406,35.416651586],[140.088818495,35.416846586],[140.089385422,35.412428559],[140.090524864,35.411469387],[140.092772607,35.406698279],[140.091614527,35.404967441],[140.091701167,35.402693838],[140.088942827,35.401001892],[140.090030311,35.399542721],[140.087510311,35.397752441],[140.092528612,35.395821333],[140.092142438,35.388099108],[140.09333939,35.387903838],[140.092583281,35.386736054],[140.091999922,35.384229694],[140.0905038,35.38348164],[140.089909637,35.38255164],[140.089904332,35.380861919],[140.091714332,35.379369973],[140.093152114,35.378908865],[140.094712944,35.377643865],[140.099656252,35.37504636],[140.104150441,35.37589636],[140.103481556,35.377789973],[140.104388223,35.377860532],[140.105684358,35.379153306],[140.103783528,35.380694414],[140.104404643,35.38126164],[140.10429131,35.382050252],[140.103341051,35.383845532],[140.102265499,35.384479946],[140.102243839,35.385160505],[140.104357445,35.38415136],[140.105382996,35.384469694],[140.105928833,35.384078865],[140.107236304,35.381317748],[140.109506031,35.379329414],[140.110391582,35.377779414],[140.110370169,35.375654973],[140.109614332,35.375319135],[140.110613774,35.37375664],[140.11164572,35.373384694],[140.111872633,35.372330532],[140.113245694,35.370799694],[140.114692361,35.370605252],[140.116157056,35.367873865],[140.117037056,35.366661081],[140.117771777,35.366536108],[140.11844703,35.365262505],[140.119699248,35.365085838],[140.120628145,35.364251667],[140.118138975,35.361898054],[140.118929222,35.360533613],[140.122899494,35.358643613],[140.122085863,35.355237505],[140.124086109,35.351203613],[140.129692166,35.346831694],[140.128495473,35.34305864],[140.126290195,35.341957252],[140.125940195,35.340578892],[140.124769883,35.338901946],[140.122592944,35.338824721],[140.121506278,35.337389973],[140.12163655,35.33545136],[140.120425136,35.334305532],[140.121404864,35.333404694],[140.120048197,35.332618027],[140.119564034,35.331359694],[140.116488171,35.328777721],[140.114717056,35.328688252],[140.113088755,35.329107135],[140.11126511,35.327061027],[140.111001193,35.324374892],[140.110023411,35.324862946],[140.108466744,35.324513225],[140.108911997,35.321602108],[140.10989061,35.320473505],[140.109146719,35.319192108],[140.10790808,35.318962387],[140.106195305,35.319883225],[140.104571971,35.319831838],[140.102670584,35.320582108],[140.101471699,35.320620171],[140.101459728,35.317365721],[140.10436917,35.317221559],[140.105260558,35.316259892],[140.105141362,35.314077667],[140.107701608,35.312570441],[140.108787756,35.312963505],[140.109903606,35.314246559],[140.11336083,35.313815721],[140.118123917,35.316177135],[140.118825837,35.314823802],[140.122141362,35.313710775],[140.122578249,35.310277171],[140.122045162,35.307168586],[140.120558197,35.305638559],[140.11769847,35.305343838],[140.117029831,35.304458],[140.117281193,35.303337171],[140.116639248,35.302315775],[140.117042283,35.301183279],[140.115511388,35.297849694],[140.116274137,35.296696919],[140.114881608,35.294200532],[140.115215473,35.292003027],[140.116292387,35.291088613],[140.11640572,35.290250559],[140.114956252,35.290013054],[140.114307639,35.289156667],[140.114749001,35.288323892],[140.117237328,35.286798613],[140.117488975,35.285793054],[140.120293359,35.282576414],[140.119550311,35.281357802],[140.118257977,35.276156973],[140.11861572,35.27385364],[140.117286524,35.272767532],[140.119090661,35.269252],[140.118869805,35.267997279],[140.119296719,35.266989225],[140.120050895,35.266257],[140.118450272,35.263392279],[140.118709416,35.261549775],[140.119792477,35.260373973],[140.120599339,35.255486198],[140.122828223,35.253642586],[140.123053411,35.249486198],[140.122212555,35.24769564],[140.124361725,35.246863171],[140.123911725,35.246157613],[140.125173645,35.243944838],[140.127547004,35.244462613],[140.129251725,35.243418171],[140.130165746,35.243382414],[140.131412244,35.241212333],[140.132694189,35.240367892],[140.132185551,35.237971775],[140.133792503,35.236860667],[140.135007224,35.236686532],[140.135859754,35.237445135],[140.136641141,35.237380414],[140.137405577,35.236045414],[140.137555006,35.23417764],[140.139048054,35.23328236],[140.139962776,35.231425694],[140.141236939,35.231205135],[140.142687523,35.23385236],[140.142900337,35.236243468],[140.143516161,35.23576236],[140.144176161,35.235978748],[140.144764773,35.234906252],[140.145798664,35.234707919],[140.145980078,35.237465973],[140.147033165,35.238161252],[140.147662049,35.239533198],[140.148732361,35.240127919],[140.150796861,35.244333468],[140.150886304,35.245536532],[140.152222322,35.246706009],[140.151269455,35.24827364],[140.151820817,35.24974309],[140.153890454,35.250217541],[140.154878923,35.248864153],[140.155893696,35.248392288],[140.156344125,35.248587559],[140.156291842,35.249426901],[140.15419834,35.251877324],[140.154067458,35.252608288],[140.155582387,35.252061829],[140.157308106,35.250555342],[140.158052802,35.250468],[140.159068366,35.251261559],[140.158186135,35.252299333],[140.157213087,35.252290441],[140.157426693,35.253299613],[140.159625577,35.253696559],[140.160726719,35.254521],[140.162702283,35.255158225],[140.163218392,35.254621],[140.16653869,35.254598802],[140.166719805,35.255956306],[140.167763139,35.255124919],[140.171247613,35.255259081],[140.171610363,35.254242694],[140.172762581,35.25329964],[140.172835084,35.252187414],[140.173835084,35.252210748],[140.174558975,35.251351306],[140.175625357,35.252898532],[140.174791777,35.253810198],[140.174923722,35.254936306],[140.174006783,35.25664936],[140.174782361,35.257857171],[140.174545136,35.258469108],[140.175883217,35.259637441],[140.175570726,35.260936613],[140.176333502,35.261533559],[140.176108495,35.262212171],[140.176608807,35.262837441],[140.176246031,35.263823279],[140.174894643,35.264926613],[140.176334112,35.268624667],[140.177679689,35.269400225],[140.177980584,35.27473636],[140.179470311,35.276004135],[140.180622244,35.276148027],[140.181968638,35.275850252],[140.183326978,35.274582748],[140.184140026,35.274951919],[140.184528911,35.276595252],[140.184228949,35.277343586],[140.185116719,35.277878333],[140.187006719,35.277304721],[140.187796719,35.278001946],[140.189093385,35.27695],[140.190306161,35.277411387],[140.190933385,35.277914441],[140.191335084,35.279598919],[140.193112309,35.280482532],[140.194051219,35.28240836],[140.196599559,35.283759198],[140.197063995,35.284601973],[140.200737367,35.285987559],[140.202815136,35.287712279],[140.20423131,35.293803135],[140.203080752,35.294994505],[140.201142166,35.295240613],[140.200239948,35.295755892],[140.198761634,35.298970054],[140.19961192,35.300560613],[140.198761388,35.303519225],[140.198236109,35.303734505],[140.198873891,35.304279505],[140.198598911,35.305475892],[140.199086693,35.305670613],[140.199086719,35.308068387],[140.200663359,35.306406171],[140.202980584,35.305625892],[140.204243359,35.305943667],[140.205465305,35.305353946],[140.206703087,35.305784532],[140.207323891,35.304676198],[140.209126394,35.30327036],[140.21249358,35.301827613],[140.212908586,35.300985667],[140.214591388,35.303802892],[140.215468054,35.303792333],[140.217420532,35.300629838],[140.21899275,35.302236225],[140.219167782,35.303653171],[140.221634449,35.304962613],[140.222824163,35.305034306],[140.223174449,35.305929027],[140.225535032,35.306800973],[140.228406939,35.304055973],[140.230961115,35.303968775],[140.230535837,35.305167946],[140.23098725,35.307078748],[140.229466693,35.309466252],[140.227377276,35.310867054],[140.226857004,35.312065387],[140.227494773,35.313389838],[140.226131479,35.314611225],[140.225252049,35.316730919],[140.224617886,35.317307306],[140.225080661,35.318237027],[140.223967886,35.31973036],[140.223817082,35.321913667],[140.222351556,35.323003108],[140.221952672,35.323990054],[140.220429339,35.324602838],[140.220435746,35.326278387],[140.2209738,35.327110306],[140.220754916,35.328121973],[140.21984214,35.327824748],[140.217362166,35.328911973],[140.21460192,35.331343054],[140.214526913,35.332111387],[140.213551634,35.332367775],[140.212649416,35.333189171],[140.21371083,35.335697775],[140.212651971,35.337561919],[140.213839494,35.340214694],[140.212698106,35.341212468],[140.212721193,35.344330225],[140.209108171,35.346367441],[140.209360947,35.347252171],[140.208748197,35.350764919],[140.208164617,35.353753532],[140.207765746,35.354011306],[140.208479105,35.357602667],[140.207214669,35.358195171],[140.205848859,35.359699333],[140.206274968,35.361852919],[140.207988029,35.362185973],[140.208999442,35.363051252],[140.209356135,35.365618198],[140.208688638,35.36601764],[140.207706693,35.367854279],[140.205825032,35.366315387],[140.203393645,35.365776532],[140.200025032,35.366715387],[140.198347004,35.368714838],[140.19791786,35.370108721],[140.198432309,35.371616225],[140.199329831,35.372576468],[140.198392607,35.374814532],[140.199863191,35.376009532],[140.199791803,35.377813108],[140.201650441,35.378418667],[140.202645694,35.377868946],[140.205284578,35.378628387],[140.206105966,35.378410333],[140.206870143,35.378721171],[140.206956835,35.379285054],[140.206168495,35.381273387],[140.20437297,35.382741721],[140.203971894,35.384194748],[140.203098003,35.384602252],[140.202645772,35.38573336],[140.201893281,35.386083919],[140.201276083,35.387576973],[140.201867471,35.388568081],[140.201117224,35.390481946],[140.200138885,35.390937505],[140.196695837,35.391011387],[140.195428366,35.391884721],[140.195270856,35.392937225],[140.194444189,35.393276108],[140.19373061,35.394546667],[140.193867276,35.396045252],[140.192398418,35.396897468],[140.191915642,35.397544414],[140.19210786,35.398267468],[140.19060345,35.399539694],[140.189973722,35.401596919],[140.190153191,35.402813838],[140.189475422,35.402978838],[140.188581245,35.404180225],[140.189202114,35.404738838],[140.18953406,35.406619387],[140.190233256,35.407388],[140.189096861,35.408719946],[140.188108807,35.408906054],[140.187412724,35.409868532],[140.186144942,35.410154919],[140.183702996,35.41198436],[140.182915525,35.414817973],[140.180850558,35.415435198],[140.181134721,35.416724613],[140.180376135,35.419076],[140.180974189,35.419942946],[140.182245058,35.420599613],[140.182193943,35.421298505],[140.180997834,35.422000171],[140.180064812,35.423468468],[140.177880921,35.42435736],[140.177862581,35.425433198],[140.175777886,35.428159306],[140.174786524,35.428778468],[140.174748755,35.430175414],[140.173366252,35.430362054],[140.173027082,35.431277333],[140.173063217,35.431867054],[140.174325162,35.432957892],[140.17573406,35.432995946],[140.176346835,35.432406505],[140.176797665,35.432494838],[140.179048807,35.435160108],[140.180650752,35.434804279],[140.181599364,35.435486775],[140.182548249,35.435458171],[140.18310856,35.436726225],[140.184565227,35.437296505],[140.184194384,35.438563973],[140.183164669,35.438792306],[140.18240358,35.439719802],[140.182353865,35.440752865],[140.183671089,35.441109802],[140.183594163,35.442334252],[140.186627224,35.442170919],[140.186880558,35.44346064],[140.185704475,35.445959225],[140.186527004,35.447933108],[140.186330337,35.448382279],[140.185213943,35.448897838],[140.184252555,35.448760892],[140.181649533,35.450881441],[140.178025642,35.452696721],[140.176664553,35.454589505],[140.170595422,35.456541414],[140.174542944,35.460536135],[140.173863281,35.465585865],[140.173976355,35.468862802],[140.17631358,35.468252532],[140.182369442,35.469008892],[140.183243022,35.468318919],[140.183941946,35.469128054],[140.18589834,35.468267532],[140.186265551,35.470281667],[140.185896693,35.470830279],[140.186354189,35.470823333],[140.186553645,35.471466946],[140.186087834,35.473847505],[140.189814475,35.472419441],[140.19285725,35.470577505],[140.194013645,35.470896387],[140.194390584,35.469841108],[140.196908911,35.470851108],[140.197988106,35.472179171],[140.197856161,35.473926387],[140.201253139,35.474015838],[140.201604527,35.474632505],[140.201147328,35.477117198],[140.20147153,35.478603306],[140.202761245,35.478978027],[140.203282335,35.47824136],[140.204520661,35.477745532],[140.206033748,35.478195919],[140.207777639,35.480080252],[140.206398249,35.48297664],[140.206183528,35.484585252],[140.209523554,35.485601892],[140.209868833,35.486226892],[140.211531608,35.486742721],[140.213893281,35.485787441],[140.21802856,35.485378838],[140.220016615,35.484691333],[140.224038275,35.485278532],[140.227383281,35.484356027],[140.229664916,35.482147973],[140.236505746,35.480264919],[140.237397134,35.480397667],[140.238264358,35.481732387],[140.239726615,35.482596],[140.244524358,35.481148225],[140.245560467,35.481342667],[140.246108833,35.481881252],[140.248490506,35.481753748],[140.248785227,35.482180414],[140.248320778,35.482465414],[140.247515006,35.486075973],[140.251481673,35.487405946],[140.252075032,35.489537333],[140.251673113,35.490275108],[140.253531725,35.490173171],[140.25362978,35.490574559],[140.252387834,35.490660667],[140.251199248,35.491851505],[140.2543262,35.492860108],[140.255187056,35.493932027],[140.256339559,35.494312027],[140.255043995,35.494508973],[140.255070661,35.495268973],[140.254283748,35.496333973],[140.255570143,35.496494802],[140.256133191,35.497093973],[140.254435694,35.496874802],[140.2536493,35.497444802],[140.25484655,35.498343414],[140.253935162,35.498964532],[140.255382166,35.502781198],[140.254265473,35.501743414],[140.251808521,35.502328135],[140.250526304,35.501852054],[140.248748249,35.501895946],[140.248176861,35.503429559],[140.247087173,35.504050108],[140.243695746,35.503342892],[140.24241297,35.503773441],[140.242869663,35.505467892],[140.237117134,35.505139306],[140.232376031,35.503788198],[140.231218521,35.505890171],[140.228642166,35.507928775],[140.230366355,35.509923748],[140.227956355,35.511622946],[140.227845279,35.512490171],[140.228601115,35.513737108],[140.22730083,35.513547667],[140.226482503,35.514026838],[140.221679196,35.518003505],[140.224262555,35.519509333],[140.223130337,35.520717667],[140.221225058,35.520866],[140.221144501,35.521146],[140.224844527,35.521757946],[140.221588418,35.521667387],[140.222142581,35.522540441],[140.220983411,35.521988505],[140.220638418,35.523680171],[140.222332049,35.523729333],[140.224248444,35.524836279],[140.225266783,35.524827919],[140.226387639,35.527173198],[140.225954306,35.527865135],[140.227627912,35.527848468],[140.227587393,35.528277081],[140.228194332,35.528550414],[140.229111829,35.528286802],[140.228718495,35.529168468],[140.229657393,35.530168198],[140.229556589,35.531049306],[140.230908807,35.53266764],[140.232130506,35.533404],[140.23120275,35.536490108],[140.229255811,35.539238198],[140.227379728,35.540979306],[140.224626109,35.542554586],[140.217921219,35.544022667],[140.217907198,35.545152027],[140.216302477,35.545737667],[140.214786083,35.542528054],[140.215190246,35.541297667],[140.214261051,35.539523505],[140.213514942,35.539960171],[140.212768029,35.542317946],[140.211316355,35.542622414],[140.210739144,35.543398252],[140.21076917,35.545064919],[140.209337782,35.545452135],[140.206783865,35.543581865],[140.206176641,35.544191306],[140.202976057,35.542335748],[140.201885772,35.541033559],[140.202050467,35.540103],[140.201308521,35.539571892],[140.194404384,35.543257721],[140.192064086,35.541099973],[140.1921738,35.539969973],[140.192870195,35.539345505],[140.192062944,35.536855802],[140.188481245,35.536414135],[140.185058716,35.534778865],[140.182334812,35.53438164],[140.180528145,35.533099973],[140.178363385,35.532739973],[140.175960337,35.533443027],[140.174925058,35.533293306],[140.173906719,35.535084414],[140.171577276,35.53615636],[140.167571971,35.536178865],[140.166305577,35.536994694],[140.165270272,35.536021919],[140.162123333,35.538022748],[140.160380246,35.536112198],[140.158969416,35.535506081],[140.158161089,35.535752748],[140.152850532,35.540681081],[140.147582477,35.543889108],[140.142364423,35.547973559],[140.137987173,35.551080775],[140.136511608,35.549411333],[140.135387977,35.548864108],[140.138827445,35.546343559],[140.135330441,35.542526333],[140.134114332,35.542581054],[140.13310406,35.543091054],[140.132160441,35.544343838],[140.132818495,35.545076613],[140.132989339,35.544362171],[140.133829053,35.544557171],[140.133897108,35.545345225],[140.130843502,35.545391613],[140.130898781,35.546499387],[140.130410726,35.547130225],[140.128844034,35.546072721],[140.127662088,35.546184108],[140.128377108,35.547631054],[140.126911556,35.548236333],[140.126843502,35.548848559],[140.123765136,35.547838],[140.122627639,35.548905775],[140.123240415,35.549768279],[140.123092361,35.55062464],[140.122717639,35.550671027],[140.122343476,35.549530225],[140.12119847,35.550553802],[140.121691803,35.551441586],[140.121434578,35.55189964],[140.120962918,35.551321586],[140.118982088,35.551530468],[140.11804345,35.550905198],[140.115489092,35.55060136]]]},"properties":{"N03_001":"千葉県","N03_002":null,"N03_003":null,"N03_004":"市原市","N03_005":null,"N03_007":"12219"}},
{"type":"Feature","geometry":{"type":"Polygon","coordinates":[[[140.034239339,35.512251225],[140.034422283,35.511787081],[140.036390078,35.510759694],[140.034239339,35.512251225]]]},"properties":{"N03_001":"千葉県","N03_002":null,"N03_003":null,"N03_004":"市原市","N03_005":null,"N03_007":"12219"}},
{"type":"Feature","geometry":{"type":"Polygon","coordinates":[[[140.259572088,35.496532306],[140.259274864,35.495688414],[140.260247367,35.496356748],[140.259909585,35.496734802],[140.259572088,35.496532306]]]},"properties":{"N03_001":"千葉県","N03_002":null,"N03_003":null,"N03_004":"市原市","N03_005":null,"N03_007":"12219"}},
{"type":"Feature","geometry":{"type":"Polygon","coordinates":[[[140.075,35.560049676],[140.077896732,35.561815117],[140.07073585,35.557584261],[140.068781297,35.55682236],[140.070767406,35.557548865],[140.075,35.560049676]]]},"properties":{"N03_001":"千葉県","N03_002":null,"N03_003":null,"N03_004":"市原市","N03_005":null,"N03_007":"12219"}},
{"type":"Feature","geometry":{"type":"Polygon","coordinates":[[[140.041826005,35.513614865],[140.040713528,35.513034838],[140.041871608,35.513478586],[140.04540131,35.511475838],[140.041826005,35.513614865]]]},"properties":{"N03_001":"千葉県","N03_002":null,"N03_003":null,"N03_004":"市原市","N03_005":null,"N03_007":"12219"}},
{"type":"Feature","geometry":{"type":"Polygon","coordinates":[[[140.059510363,35.543127919],[140.060616057,35.544640135],[140.059052477,35.542782721],[140.059447613,35.543053468],[140.059876835,35.542811559],[140.059510363,35.543127919]]]},"properties":{"N03_001":"千葉県","N03_002":null,"N03_003":null,"N03_004":"市原市","N03_005":null,"N03_007":"12219"}},
{"type":"Feature","geometry":{"type":"Polygon","coordinates":[[[140.029459663,35.507838306],[140.029565668,35.507536775],[140.029815616,35.507828613],[140.029459663,35.507838306]]]},"properties":{"N03_001":"千葉県","N03_002":null,"N03_003":null,"N03_004":"市原市","N03_005":null,"N03_007":"12219"}},
{"type":"Feature","geometry":{"type":"Polygon","coordinates":[[[139.92016834,35.916888946],[139.91739,35.919102838],[139.916466109,35.919111171],[139.915592776,35.919709225],[139.915195279,35.919427838],[139.913003061,35.919759505],[139.91300834,35.919259775],[139.914102503,35.918923108],[139.911768029,35.918137],[139.912407717,35.915098108],[139.910461894,35.915283108],[139.908006057,35.916111171],[139.90666939,35.916010333],[139.906453281,35.917074225],[139.904996057,35.916988667],[139.902743839,35.918357559],[139.90195939,35.918078387],[139.901172996,35.916965613],[139.900688807,35.914789775],[139.890608495,35.915382586],[139.878519027,35.913083414],[139.874755668,35.912940081],[139.876502049,35.91103536],[139.880230363,35.904605108],[139.885285058,35.899230667],[139.889919728,35.892560946],[139.89305192,35.885424838],[139.894462698,35.877545108],[139.89700406,35.872795667],[139.90033869,35.864174865],[139.899968418,35.862418198],[139.897516978,35.858149865],[139.896140558,35.85293264],[139.893203865,35.849708775],[139.890036304,35.844002387],[139.889471284,35.841094613],[139.889842892,35.836371865],[139.888640078,35.83289436],[139.888514501,35.830197973],[139.894459805,35.830120468],[139.894721725,35.82807464],[139.900332581,35.827511865],[139.900626744,35.828360171],[139.898586744,35.829293802],[139.898711479,35.830036838],[139.897454254,35.830070468],[139.897494553,35.831125171],[139.898394812,35.830671279],[139.899049831,35.830933775],[139.899239001,35.830592108],[139.899389831,35.831101],[139.901418171,35.830707946],[139.901950117,35.832830171],[139.903167328,35.832553505],[139.903541803,35.833638775],[139.906020973,35.833233225],[139.906573217,35.836597667],[139.912329637,35.836597919],[139.915037691,35.837699306],[139.917162996,35.839840135],[139.91817358,35.841607081],[139.918316355,35.843065973],[139.917705837,35.844696252],[139.918276394,35.846063748],[139.922587523,35.849017892],[139.928316446,35.849768721],[139.929545058,35.848708721],[139.931770584,35.844401775],[139.935796667,35.839753171],[139.937410532,35.834677613],[139.937898859,35.834800387],[139.93821192,35.833830946],[139.939084695,35.834086775],[139.939275253,35.834594838],[139.941485811,35.834871505],[139.944341946,35.834839],[139.943981946,35.836554838],[139.944811673,35.836998721],[139.946585279,35.836242613],[139.947781141,35.836805667],[139.949109754,35.836383721],[139.948866978,35.835819279],[139.950790856,35.835212892],[139.95054917,35.834363721],[139.951623333,35.834299279],[139.951589196,35.835747586],[139.952264747,35.83579036],[139.95380978,35.837357586],[139.952025577,35.835113414],[139.952855837,35.834043135],[139.956318911,35.834086198],[139.957547808,35.834984252],[139.956430052,35.836108694],[139.956439494,35.836645919],[139.955868949,35.837085081],[139.954841725,35.837099802],[139.954356446,35.838812865],[139.952029248,35.841822586],[139.952521829,35.851437],[139.95046572,35.851682279],[139.949911284,35.852138973],[139.947207665,35.854573694],[139.947870169,35.854885613],[139.94775489,35.855430333],[139.946399339,35.855952865],[139.943622088,35.852199802],[139.942887367,35.852461198],[139.941125668,35.85171564],[139.940868197,35.852939532],[139.940262088,35.852999532],[139.937897613,35.851787306],[139.937318444,35.850919802],[139.935483411,35.850537865],[139.934523696,35.851084532],[139.934199559,35.853386468],[139.9371307,35.855287865],[139.938402918,35.854664802],[139.938806252,35.855755919],[139.938043476,35.856042027],[139.938146278,35.856696748],[139.940443502,35.856500081],[139.942661582,35.858178973],[139.944098495,35.857332306],[139.949004643,35.857962],[139.948947134,35.858438108],[139.948336031,35.858652279],[139.948159948,35.859369775],[139.944776615,35.863058667],[139.943524942,35.862932838],[139.942768833,35.864394775],[139.936164384,35.865253973],[139.930457134,35.864769532],[139.92997214,35.864281468],[139.930198807,35.863844252],[139.929247691,35.863823694],[139.928984332,35.862508414],[139.92942406,35.860930919],[139.928833502,35.860656198],[139.927968781,35.861238414],[139.927739339,35.861947027],[139.926259611,35.86230536],[139.926792944,35.863702865],[139.925862387,35.863098135],[139.92512572,35.864092865],[139.92665406,35.864527306],[139.927543839,35.867791748],[139.931186615,35.86858536],[139.93291358,35.869897865],[139.93347022,35.868073135],[139.934938833,35.86788064],[139.936035525,35.868473108],[139.937706083,35.868431171],[139.939663307,35.869683108],[139.940711634,35.868753108],[139.941050246,35.867579505],[139.941682503,35.869057279],[139.941605279,35.870505054],[139.944240558,35.871320613],[139.944250856,35.872131441],[139.945223359,35.873197],[139.946273087,35.873634505],[139.950019494,35.872636694],[139.950373943,35.873035586],[139.946802283,35.874102559],[139.944738638,35.873456721],[139.944272802,35.872642559],[139.943064747,35.871903667],[139.941954721,35.871584505],[139.941171946,35.871885054],[139.941866978,35.872644505],[139.941215577,35.874710054],[139.940060856,35.875803667],[139.940775357,35.88353336],[139.94134428,35.884776973],[139.936350117,35.885720333],[139.933550636,35.885451721],[139.93196869,35.886649505],[139.932050636,35.887302279],[139.93563594,35.887302559],[139.935986783,35.888020892],[139.934580117,35.888243946],[139.935070947,35.889904505],[139.933868716,35.890085054],[139.934644864,35.892588946],[139.931817951,35.898081694],[139.930153502,35.898601171],[139.930368781,35.899523667],[139.929799079,35.900768667],[139.922570999,35.900491441],[139.919549857,35.899490892],[139.919272633,35.898983667],[139.921779585,35.897812],[139.921257367,35.896578108],[139.927410947,35.890708667],[139.929191777,35.889913108],[139.928862581,35.888596441],[139.929570078,35.887973946],[139.930074527,35.886491721],[139.929194812,35.885996441],[139.928185642,35.886039505],[139.928708145,35.885507838],[139.928078106,35.883349225],[139.926165058,35.883449225],[139.924485616,35.884987559],[139.923031997,35.885636441],[139.922916719,35.886830613],[139.921502555,35.886714505],[139.922018418,35.888077838],[139.921121751,35.888389505],[139.920834254,35.889842],[139.921631193,35.891430333],[139.920113969,35.890448946],[139.918723139,35.891085613],[139.918718145,35.892678946],[139.918043995,35.893569225],[139.916445668,35.894323387],[139.915172866,35.893692279],[139.914872581,35.893969532],[139.913372049,35.898304225],[139.913995136,35.899042559],[139.919432633,35.899727],[139.918810143,35.900482],[139.918849339,35.902221171],[139.920561582,35.906432],[139.919864086,35.907703946],[139.919888003,35.910196441],[139.921060804,35.914627279],[139.921885279,35.915764505],[139.92016834,35.916888946]]]},"properties":{"N03_001":"千葉県","N03_002":null,"N03_003":null,"N03_004":"流山市","N03_005":null,"N03_007":"12220"}},
{"type":"Feature","geometry":{"type":"Polygon","coordinates":[[[140.151881751,35.759793198],[140.148325084,35.763716532],[140.144759248,35.763738748],[140.146509144,35.765327919],[140.138865357,35.766565946],[140.132752049,35.773329802],[140.128638755,35.774595198],[140.128938197,35.775303135],[140.128606615,35.774970721],[140.119389416,35.777636775],[140.119445162,35.778498586],[140.11841153,35.778925919],[140.117925499,35.77840564],[140.11621,35.778957802],[140.116345422,35.779722306],[140.111509053,35.780951748],[140.109069585,35.780428973],[140.107319883,35.78069036],[140.105504578,35.779822027],[140.1043107,35.779801198],[140.096909339,35.782904532],[140.095006861,35.783562027],[140.089557419,35.784002027],[140.087954916,35.783237586],[140.085810169,35.779901505],[140.085846524,35.777636225],[140.087905383,35.775173721],[140.087397588,35.773138441],[140.085355914,35.771504586],[140.084038145,35.771828468],[140.083714501,35.770731532],[140.085685616,35.769724586],[140.08551978,35.769319586],[140.084112283,35.769271532],[140.085299754,35.767332081],[140.085852802,35.767325135],[140.08601725,35.765771532],[140.084900272,35.765456252],[140.085099442,35.76435736],[140.086981362,35.762803198],[140.089417471,35.762495694],[140.089649974,35.762054306],[140.087449144,35.762045135],[140.086709974,35.760657108],[140.08601358,35.760601838],[140.086638586,35.76209264],[140.084549442,35.763524865],[140.081551089,35.761105721],[140.074036913,35.761841559],[140.074295499,35.759705441],[140.076119079,35.758114613],[140.077618807,35.757489054],[140.077861582,35.756477108],[140.078876278,35.755736279],[140.078762387,35.754672387],[140.075754578,35.753564054],[140.075036226,35.751579081],[140.074307886,35.751467135],[140.074341219,35.749512973],[140.065990636,35.748452973],[140.06447642,35.745645468],[140.064684163,35.743539108],[140.063911946,35.742384108],[140.06441834,35.742234946],[140.06438192,35.741759946],[140.06602192,35.741014108],[140.065947198,35.740567441],[140.068405525,35.740158802],[140.068413865,35.739448252],[140.069053281,35.739004081],[140.068762438,35.738158802],[140.066171894,35.738246892],[140.065682166,35.737484946],[140.065920752,35.736004387],[140.067566031,35.734828838],[140.067643502,35.734220225],[140.064468664,35.726368838],[140.062924449,35.720725775],[140.071715811,35.717121613],[140.070019663,35.714047414],[140.068157691,35.712683802],[140.064258495,35.710986586],[140.064385136,35.70944436],[140.068333748,35.708443252],[140.085099027,35.703840225],[140.082919001,35.701783],[140.079620363,35.700976333],[140.077162866,35.700962694],[140.076993113,35.698644919],[140.077428638,35.696751865],[140.078315032,35.695554081],[140.081556978,35.694535505],[140.081641362,35.694878135],[140.083588223,35.694456865],[140.083865162,35.694752171],[140.090045888,35.69383136],[140.093393385,35.692412198],[140.095365383,35.697162198],[140.099137691,35.701426919],[140.101889948,35.703626946],[140.103283022,35.706511387],[140.105300558,35.709119721],[140.106677523,35.709819171],[140.107704747,35.709394441],[140.108940856,35.709567775],[140.110333385,35.712052775],[140.112691479,35.713654306],[140.112662114,35.714776252],[140.112926498,35.714138081],[140.115203411,35.713095],[140.11768061,35.709172252],[140.120655888,35.708082802],[140.122581167,35.706898387],[140.122485279,35.701603946],[140.123625006,35.699029532],[140.129250856,35.698951748],[140.133980337,35.699615108],[140.136794189,35.697545946],[140.139658392,35.699363721],[140.139131725,35.699489559],[140.137941997,35.698853441],[140.137144501,35.699095667],[140.137154228,35.699791225],[140.138052827,35.699604838],[140.139605383,35.702870946],[140.137451751,35.703607865],[140.136023995,35.705863414],[140.135777056,35.707066468],[140.131338755,35.711358387],[140.132130973,35.712067838],[140.131843748,35.712280333],[140.132580441,35.714450586],[140.133153502,35.714735027],[140.132880195,35.715600027],[140.132624916,35.715942532],[140.127377108,35.715361135],[140.12625406,35.716536135],[140.127632672,35.71749864],[140.131437977,35.718580027],[140.13159939,35.71925364],[140.132402166,35.719466135],[140.134032166,35.71889364],[140.136539974,35.720059198],[140.13759358,35.720987252],[140.139642776,35.72166336],[140.142190311,35.72526],[140.141253943,35.728169441],[140.140157004,35.72959],[140.140000636,35.732969414],[140.138503165,35.736590802],[140.139043476,35.739787721],[140.139808495,35.741287721],[140.139499611,35.743158],[140.14088131,35.743814387],[140.140180195,35.744171586],[140.140288249,35.744751865],[140.142434384,35.747008802],[140.145640804,35.748328802],[140.146256355,35.748961027],[140.147289416,35.74873464],[140.148228859,35.749337414],[140.148179974,35.750102135],[140.147680246,35.750496586],[140.146908586,35.750408532],[140.146892477,35.750767108],[140.145459144,35.750342973],[140.142788859,35.751925441],[140.139642438,35.750108802],[140.138235253,35.751109613],[140.13773856,35.750225468],[140.136250506,35.751771559],[140.138403865,35.754076],[140.139860532,35.753680441],[140.139855551,35.754230441],[140.141131673,35.754188225],[140.143169728,35.755035171],[140.145557782,35.754828505],[140.151881751,35.759793198]]]},"properties":{"N03_001":"千葉県","N03_002":null,"N03_003":null,"N03_004":"八千代市","N03_005":null,"N03_007":"12221"}},
{"type":"Feature","geometry":{"type":"Polygon","coordinates":[[[140.146469663,35.845718135],[140.141204942,35.852117],[140.133359689,35.859927559],[140.130419728,35.864412279],[140.127582827,35.870383667],[140.12459703,35.872508946],[140.121731751,35.873663108],[140.111730726,35.876042333],[140.100888859,35.881510694],[140.092823359,35.883864613],[140.087485863,35.883884919],[140.08168725,35.880799081],[140.078299196,35.877820505],[140.073673359,35.876718027],[140.06659869,35.880871919],[140.061116835,35.888056387],[140.060269611,35.88856],[140.05560131,35.890699721],[140.047539364,35.891961414],[140.044932412,35.892782838],[140.038912724,35.896820054],[140.031106641,35.900612306],[140.021786252,35.890224],[140.020924034,35.890740667],[140.020261245,35.890003748],[140.019578716,35.889139306],[140.020125668,35.888360414],[140.019077056,35.889584027],[140.018050415,35.893512081],[140.017526252,35.893456532],[140.016270441,35.895993748],[140.014683748,35.894211802],[140.015332361,35.893819865],[140.014736809,35.893086252],[140.013607082,35.893487919],[140.01129345,35.89246236],[140.01195428,35.891850694],[140.011537613,35.89040236],[140.012137886,35.891329027],[140.012707886,35.890735973],[140.014257912,35.892015135],[140.014827639,35.891681252],[140.015694034,35.892293198],[140.016602633,35.890955973],[140.01426511,35.891314865],[140.01315345,35.890607081],[140.01232428,35.889304586],[140.011936226,35.889516252],[140.009744254,35.886936],[140.010152866,35.886404333],[140.009787004,35.884739054],[140.008642827,35.884526279],[140.00825061,35.885523225],[140.007449494,35.885696],[140.007274773,35.886245171],[140.005868949,35.886524333],[140.004675888,35.885607108],[140.00256144,35.885492108],[140.001743917,35.884361865],[140.000419754,35.884415198],[139.998616978,35.883742135],[139.998159442,35.882787973],[139.998462218,35.881919919],[139.997645006,35.881069081],[139.997432503,35.881401306],[139.996745279,35.880829919],[139.996618885,35.881178802],[139.99594,35.881049081],[139.995448054,35.881920198],[139.99481083,35.881483532],[139.995567198,35.879721027],[139.99645275,35.87973464],[139.995812192,35.879046027],[139.994822477,35.879330198],[139.993746083,35.880794667],[139.992814137,35.879290775],[139.992054423,35.879905225],[139.992929416,35.880583838],[139.992155253,35.881530505],[139.990709689,35.881414387],[139.989959144,35.880934946],[139.988679948,35.879234108],[139.99088022,35.877767721],[139.990596615,35.878615505],[139.991872438,35.878253559],[139.992801608,35.877545775],[139.992212996,35.876808838],[139.992705772,35.876485775],[139.993119663,35.876381054],[139.993594669,35.876991892],[139.994232438,35.876703559],[139.992539079,35.874734108],[139.992359079,35.873172171],[139.990680752,35.872809667],[139.991100441,35.871186892],[139.991690999,35.871298279],[139.992184617,35.870669108],[139.992051556,35.869879667],[139.993532944,35.867553559],[139.996745162,35.866858838],[140.008312672,35.861802135],[140.012667108,35.861835198],[140.026022412,35.860832919],[140.031383774,35.85672236],[140.03228572,35.856455694],[140.038674358,35.859206775],[140.041155499,35.859597586],[140.04252214,35.859419802],[140.045884358,35.857819252],[140.049962114,35.854388667],[140.054315162,35.852204225],[140.057185422,35.851248108],[140.060077639,35.850859748],[140.066290143,35.853769441],[140.065098781,35.855398333],[140.088683411,35.852581892],[140.088738145,35.852959946],[140.099650052,35.851742667],[140.11135834,35.847894306],[140.115079144,35.847520414],[140.117976913,35.851081505],[140.118636083,35.850870946],[140.116884137,35.847603468],[140.118834112,35.84357736],[140.120356887,35.843226532],[140.122679105,35.845726505],[140.12845297,35.842442892],[140.128328807,35.842133441],[140.13238297,35.840752892],[140.133977419,35.841088721],[140.136269922,35.843100387],[140.13769131,35.843643694],[140.141412698,35.843763973],[140.146469663,35.845718135]]]},"properties":{"N03_001":"千葉県","N03_002":null,"N03_003":null,"N03_004":"我孫子市","N03_005":null,"N03_007":"12222"}},
{"type":"Feature","geometry":{"type":"Polygon","coordinates":[[[139.995418054,35.882338532],[139.997225837,35.883575468],[139.996294721,35.883931586],[139.995418054,35.882338532]]]},"properties":{"N03_001":"千葉県","N03_002":null,"N03_003":null,"N03_004":"我孫子市","N03_005":null,"N03_007":"12222"}},
{"type":"Feature","geometry":{"type":"Polygon","coordinates":[[[140.16126847,35.181243],[140.159234306,35.181212441],[140.157246498,35.182274946],[140.155382049,35.181122198],[140.154159805,35.18128664],[140.152698418,35.182789135],[140.150398418,35.184035252],[140.150799805,35.185307171],[140.15050786,35.185995505],[140.148059222,35.186476054],[140.145742802,35.185413865],[140.14486725,35.187224387],[140.142302244,35.189987721],[140.138986939,35.191081054],[140.137678054,35.190116054],[140.135511634,35.190198279],[140.134747198,35.190821892],[140.133755227,35.189900775],[140.132193281,35.190176613],[140.132694669,35.18988164],[140.129768521,35.188459135],[140.127708223,35.189139135],[140.12664572,35.188992198],[140.12513489,35.189825802],[140.123286252,35.189533306],[140.121110947,35.190889135],[140.12013511,35.190484135],[140.119839274,35.189090532],[140.118513411,35.187687468],[140.118359533,35.184941108],[140.117253411,35.184769721],[140.116222866,35.181970838],[140.115642581,35.181988919],[140.114809222,35.180612802],[140.113668392,35.180019748],[140.112190337,35.180378919],[140.110149754,35.179481135],[140.109053359,35.180711973],[140.106742802,35.179976171],[140.104958054,35.180209505],[140.104470558,35.181118838],[140.103486667,35.181656135],[140.101631284,35.180719802],[140.100800467,35.180993225],[140.098980246,35.179965838],[140.098895525,35.178758387],[140.097730143,35.178582171],[140.096644643,35.17764164],[140.095988664,35.175226802],[140.0964638,35.173960333],[140.095576809,35.172648279],[140.096021115,35.172090946],[140.095948054,35.170598198],[140.092150272,35.169368414],[140.090931582,35.168351532],[140.089317471,35.169551838],[140.087725253,35.170033225],[140.086872088,35.170897108],[140.085371362,35.171003225],[140.084338275,35.172009198],[140.082762166,35.171642387],[140.081426615,35.171983775],[140.081052996,35.172497667],[140.080216744,35.172234748],[140.078289948,35.172894081],[140.078090506,35.174107387],[140.075342438,35.175392108],[140.07474022,35.174547694],[140.073128833,35.174482694],[140.071661608,35.173494919],[140.070268003,35.174042171],[140.069609948,35.172890775],[140.067989105,35.171649973],[140.06810856,35.17104636],[140.067353307,35.170902748],[140.066253865,35.16987164],[140.065597756,35.16987164],[140.065094423,35.168021108],[140.063148029,35.167491108],[140.062059416,35.165724468],[140.056830246,35.166076721],[140.054344721,35.165363135],[140.054169728,35.163252306],[140.053476109,35.162087586],[140.051879728,35.161414],[140.051004721,35.161566505],[140.050293606,35.160704559],[140.048893891,35.160354027],[140.046701388,35.160660694],[140.046493606,35.161459865],[140.043246667,35.161923468],[140.040765006,35.159829892],[140.038402802,35.159371865],[140.037855863,35.158814919],[140.036958911,35.15912936],[140.034706135,35.158985505],[140.033349196,35.159421892],[140.032924189,35.160761586],[140.031564475,35.161813532],[140.031058911,35.162738532],[140.031047523,35.164267135],[140.029415888,35.164342694],[140.027823671,35.162518],[140.026103943,35.162133838],[140.022112283,35.159985532],[140.020135616,35.156801946],[140.018387276,35.15536336],[140.01668061,35.154730586],[140.015963385,35.15488864],[140.015325331,35.153864225],[140.010050078,35.155345613],[140.008800506,35.156543802],[140.007618418,35.155477279],[140.006031751,35.155534252],[140.004788444,35.153998135],[140.001717328,35.15481536],[140.000793995,35.155862027],[139.998359001,35.155244],[139.992965422,35.155542613],[139.98880655,35.154471252],[139.986921556,35.154471252],[139.985499883,35.153804613],[139.983121582,35.154026838],[139.981545188,35.153573505],[139.980217419,35.153661],[139.978906589,35.153035171],[139.977558521,35.153317694],[139.972466329,35.15250964],[139.971864669,35.151642414],[139.966853307,35.153379387],[139.964571089,35.153367721],[139.964161362,35.154202171],[139.963020532,35.154827721],[139.958246641,35.153763838],[139.956851362,35.153801613],[139.955868029,35.152018279],[139.954071089,35.152268306],[139.952298586,35.153736892],[139.951511634,35.153763838],[139.949100532,35.15203136],[139.946122192,35.152927198],[139.943768029,35.15178664],[139.942298859,35.15028164],[139.941930246,35.149023054],[139.942452192,35.148708054],[139.942340804,35.147754721],[139.93922358,35.147161667],[139.939174423,35.146542505],[139.938040532,35.145956108],[139.935914968,35.146488333],[139.933816913,35.147659171],[139.931724423,35.147624721],[139.930749144,35.146575],[139.931372438,35.143905027],[139.930872438,35.142259198],[139.931798833,35.140950306],[139.931586329,35.139298081],[139.932389105,35.138948081],[139.932036615,35.137579468],[139.93033939,35.135435613],[139.931199922,35.133103946],[139.930289364,35.132476441],[139.930866861,35.128652027],[139.932776031,35.128174252],[139.933697951,35.124847586],[139.936282672,35.121848973],[139.938536278,35.121721198],[139.939662944,35.122436468],[139.941391829,35.122820081],[139.942981829,35.122396198],[139.947882387,35.123992027],[139.948882387,35.123897586],[139.949546278,35.123386468],[139.95157406,35.11944036],[139.952786809,35.11874036],[139.955346809,35.118374802],[139.957313748,35.117015081],[139.958241803,35.115663441],[139.958711777,35.112489559],[139.961039559,35.112435946],[139.963591505,35.111661225],[139.965487056,35.112638171],[139.967175383,35.112712333],[139.968719001,35.111608441],[139.969866226,35.112402613],[139.970677588,35.112368721],[139.972097886,35.11409536],[139.971925914,35.111668721],[139.973106472,35.110002613],[139.974854527,35.109029838],[139.978644501,35.108350387],[139.983100026,35.105257892],[139.984682529,35.105554838],[139.983393113,35.108281775],[139.982919222,35.110592027],[139.98359144,35.113209532],[139.98337144,35.11560536],[139.987228392,35.116203387],[139.990159494,35.115226171],[139.991460052,35.115792279],[139.994411699,35.115143667],[139.996759196,35.115443108],[139.997811971,35.114811721],[139.998012529,35.114108108],[139.997413606,35.112393387],[139.995763061,35.11027564],[139.994482802,35.109529532],[139.994101971,35.108542306],[139.995114163,35.106732586],[139.994136667,35.105524802],[139.994681673,35.103787613],[139.99749834,35.102881775],[139.999688859,35.101362892],[139.998536667,35.099774],[139.998858586,35.097658171],[139.996103606,35.095809865],[139.996297471,35.093149586],[139.997226355,35.093575973],[140.000162477,35.093465973],[140.001063022,35.094574027],[140.00620192,35.095590667],[140.007934695,35.096386505],[140.012118275,35.093626775],[140.012946615,35.092663441],[140.014666615,35.092235108],[140.016682166,35.090023721],[140.018126057,35.089871225],[140.018851608,35.089093441],[140.020199974,35.088631505],[140.020412477,35.087940946],[140.019878859,35.087729279],[140.020008301,35.086657613],[140.01937358,35.085125946],[140.019426083,35.082949306],[140.020056083,35.082142919],[140.022054423,35.081198198],[140.025364137,35.081305667],[140.025864968,35.07753764],[140.027266083,35.076801505],[140.02947358,35.073735387],[140.030288586,35.068929027],[140.029247198,35.067704306],[140.03082358,35.063572919],[140.032759416,35.063508198],[140.03394083,35.064516252],[140.035465837,35.063365135],[140.035895006,35.062080973],[140.034642503,35.059911252],[140.033145253,35.059817667],[140.032304695,35.059125721],[140.032321634,35.056076559],[140.033923865,35.055363505],[140.036597224,35.054886279],[140.037676563,35.052018856],[140.03948847,35.052765919],[140.039407393,35.05304336],[140.039548586,35.052781946],[140.040791894,35.053103108],[140.040722944,35.053458225],[140.04092297,35.053134694],[140.042428392,35.053459081],[140.043433839,35.054123414],[140.043249079,35.054499027],[140.04346655,35.054272279],[140.044230778,35.054839387],[140.045599105,35.054999],[140.045453528,35.055252946],[140.046537108,35.055253748],[140.046717588,35.055644306],[140.048384423,35.055740613],[140.049099585,35.056051505],[140.04897808,35.056454414],[140.049364578,35.056144171],[140.055137834,35.059099586],[140.058203256,35.058039946],[140.057933217,35.058316306],[140.058562866,35.059478838],[140.060618171,35.059404919],[140.060523502,35.058990171],[140.061529754,35.05794464],[140.06095703,35.058884505],[140.062704086,35.059027081],[140.062347328,35.057929946],[140.061364916,35.057493252],[140.061946304,35.05733764],[140.062426693,35.057608333],[140.0628,35.058793054],[140.063934384,35.058757198],[140.064272244,35.059291027],[140.064886109,35.059300306],[140.065088833,35.058532414],[140.065034112,35.058994171],[140.065362581,35.058728505],[140.065692218,35.059176865],[140.065541946,35.058372973],[140.066256394,35.059204279],[140.066126161,35.058339748],[140.06695022,35.058652225],[140.066667302,35.058209532],[140.067155188,35.058718559],[140.066657198,35.058041973],[140.067233696,35.058371865],[140.067090389,35.058061054],[140.067433528,35.058175333],[140.067486978,35.057696559],[140.067586278,35.058066414],[140.06797406,35.05796164],[140.067963943,35.057606559],[140.069097665,35.058605171],[140.069799831,35.058674838],[140.069917523,35.057740694],[140.070829222,35.058277081],[140.070227808,35.057718441],[140.070571245,35.057474559],[140.071394916,35.057604135],[140.071243061,35.057175865],[140.071750467,35.057354414],[140.071793748,35.056991306],[140.072085279,35.057496865],[140.0720838,35.056993171],[140.072576472,35.057106532],[140.072835422,35.056757252],[140.072073359,35.055915252],[140.073014968,35.055786333],[140.074124864,35.056591505],[140.073866252,35.057540306],[140.074397912,35.056761892],[140.075291673,35.057544838],[140.074514968,35.057371027],[140.075218054,35.057727802],[140.074673113,35.058036586],[140.07481834,35.058491108],[140.073637328,35.058275027],[140.073160195,35.058892],[140.07455153,35.059013333],[140.074887886,35.059376802],[140.075403943,35.059068081],[140.075090078,35.059297613],[140.075395383,35.059236054],[140.075448638,35.059873559],[140.075789754,35.059698973],[140.075891777,35.060758468],[140.075139079,35.060584667],[140.0749693,35.061027468],[140.076431245,35.061225171],[140.074981725,35.061057865],[140.075208612,35.061523667],[140.076058885,35.06124736],[140.075423333,35.062349252],[140.075866252,35.062681054],[140.076627471,35.061829225],[140.076032503,35.062730198],[140.079285058,35.063004919],[140.079095966,35.061990414],[140.077865188,35.061887532],[140.077372698,35.061492838],[140.07685297,35.061565198],[140.077366913,35.061450108],[140.077322698,35.06073064],[140.077450026,35.061482054],[140.077878833,35.061820667],[140.079140311,35.061928775],[140.079851167,35.062400054],[140.080103748,35.061805054],[140.080203917,35.062377802],[140.080710506,35.062073892],[140.081311855,35.062861387],[140.08306572,35.063138414],[140.082905058,35.062843],[140.083242477,35.062888919],[140.083316498,35.063672865],[140.083021141,35.063276613],[140.082536939,35.06444364],[140.081050389,35.06463],[140.082259611,35.065297027],[140.081776615,35.06606564],[140.082083891,35.066652135],[140.081294643,35.066489919],[140.080527562,35.066924441],[140.079826329,35.066465775],[140.078300999,35.067400919],[140.079014086,35.068445135],[140.081398197,35.069237532],[140.081607173,35.068982505],[140.083025551,35.068915946],[140.082323502,35.069041441],[140.082339805,35.069391505],[140.083058885,35.069559198],[140.083058171,35.068627559],[140.083685331,35.06950836],[140.084393917,35.069154802],[140.084471089,35.070116838],[140.085699274,35.069696613],[140.085635227,35.070652027],[140.08460428,35.071298919],[140.084730973,35.072035],[140.085227328,35.072038],[140.084634137,35.073035865],[140.085251505,35.073243414],[140.084733917,35.073204838],[140.08490834,35.073624468],[140.085464306,35.073595973],[140.085360311,35.073951414],[140.087176161,35.073209225],[140.088382672,35.073226306],[140.088802581,35.072711081],[140.088817082,35.073184306],[140.090170558,35.073064748],[140.090290052,35.073477171],[140.091109442,35.072967225],[140.090772866,35.073700919],[140.091481699,35.073662198],[140.091159468,35.073941505],[140.091601855,35.074268721],[140.092695279,35.073941838],[140.092705383,35.07464464],[140.093211855,35.074545225],[140.092848197,35.074730865],[140.094443281,35.074487279],[140.094285422,35.074956946],[140.094710532,35.074803892],[140.094217782,35.075621081],[140.094609442,35.075966387],[140.096078911,35.075527081],[140.096775227,35.075732892],[140.096917834,35.075120135],[140.097385357,35.075222081],[140.098150921,35.074588865],[140.098166524,35.074914559],[140.098703281,35.074356919],[140.098833385,35.075145586],[140.098150636,35.075870865],[140.099077717,35.076500135],[140.099638029,35.07640764],[140.099016783,35.076740279],[140.099251556,35.076912387],[140.100360078,35.076355838],[140.102286835,35.076532468],[140.102433022,35.077315667],[140.102016498,35.076629252],[140.100663917,35.076582775],[140.101114643,35.07714064],[140.10233856,35.077518775],[140.101973217,35.078036559],[140.102393333,35.077869613],[140.102693891,35.078487694],[140.09950297,35.079758865],[140.099156667,35.081804198],[140.099500117,35.082486775],[140.098571051,35.082994838],[140.098216109,35.084108532],[140.098789754,35.085957054],[140.101654086,35.086993027],[140.101550143,35.087890748],[140.1000938,35.08866764],[140.099835279,35.089446613],[140.101176978,35.090982892],[140.102033839,35.091212441],[140.102905914,35.090969694],[140.10284144,35.090596532],[140.1044707,35.090837892],[140.106960558,35.090451252],[140.108784695,35.091417333],[140.10913131,35.09285764],[140.11018834,35.092877027],[140.109131505,35.093007559],[140.110028495,35.094123225],[140.109185668,35.09365836],[140.108833995,35.09286764],[140.108184086,35.092931387],[140.108180895,35.091761225],[140.106505525,35.090932054],[140.104812049,35.091100838],[140.105019079,35.09224964],[140.105614578,35.091961694],[140.105342724,35.092257225],[140.106886939,35.09341436],[140.107321051,35.093017108],[140.107977886,35.093259054],[140.107163969,35.094389414],[140.106171582,35.094884387],[140.106388392,35.09538864],[140.105805279,35.095622054],[140.105642918,35.096710559],[140.106915551,35.096623279],[140.106891582,35.095693135],[140.107616783,35.094286775],[140.108393748,35.093958135],[140.107765058,35.094260081],[140.106983696,35.095778775],[140.107062361,35.096744559],[140.105617639,35.096859],[140.105490285,35.097385532],[140.1084507,35.097887559],[140.108996304,35.098779694],[140.108652244,35.098990694],[140.108286226,35.097983279],[140.107079728,35.097685694],[140.106850169,35.09837764],[140.107575668,35.098583505],[140.10581834,35.098200838],[140.105621725,35.098771532],[140.107712581,35.099009108],[140.107985188,35.098551694],[140.107821025,35.099107973],[140.105235006,35.098811667],[140.105172088,35.101941108],[140.106249222,35.103881559],[140.10806428,35.105121865],[140.108648003,35.106888586],[140.109316304,35.107036081],[140.112736472,35.110153333],[140.119582892,35.114873532],[140.126754695,35.118537586],[140.133747134,35.121503802],[140.136483061,35.121532225],[140.138931115,35.120078054],[140.142215123,35.119288937],[140.142574086,35.118313018],[140.142294306,35.119177477],[140.143155279,35.119448369],[140.14350655,35.118523054],[140.144189144,35.118592532],[140.145627665,35.117612108],[140.145278521,35.116971],[140.144390363,35.117294802],[140.144339857,35.11795436],[140.143237004,35.118089333],[140.143422555,35.118365252],[140.142976744,35.117827414],[140.144027471,35.117679586],[140.144265668,35.117195973],[140.145306252,35.116813973],[140.145954254,35.117687532],[140.149406939,35.117085667],[140.14927786,35.116646721],[140.150053943,35.116644694],[140.151191414,35.11724],[140.151110973,35.116809775],[140.151650973,35.117001081],[140.152547912,35.11797364],[140.152060506,35.119140505],[140.152256329,35.120262919],[140.153608171,35.121421865],[140.155363671,35.121625892],[140.157808521,35.120838252],[140.157893748,35.121411721],[140.160437056,35.119787586],[140.159544137,35.12084],[140.158663256,35.121171946],[140.159087173,35.121527748],[140.158471725,35.121269171],[140.157996252,35.121561171],[140.158892866,35.122465414],[140.159237808,35.122157441],[140.158954034,35.121869586],[140.159605136,35.122356414],[140.159245058,35.122689279],[140.159898664,35.123134198],[140.16019022,35.123253387],[140.16023869,35.122804892],[140.163887613,35.123300081],[140.163978418,35.122451559],[140.16161406,35.12265136],[140.161681051,35.121935865],[140.160069883,35.121414946],[140.16065345,35.121385613],[140.16072131,35.120906946],[140.160977691,35.121393306],[140.162082244,35.121513613],[140.162745914,35.122082532],[140.164427367,35.122203613],[140.164578171,35.121916613],[140.164842776,35.122771027],[140.166141089,35.123128919],[140.166016355,35.123400694],[140.166900895,35.123798667],[140.170034812,35.122896387],[140.171257523,35.121763027],[140.171378197,35.120961387],[140.171703113,35.121151865],[140.171577108,35.120581135],[140.172155616,35.120682387],[140.172054163,35.120398],[140.17292572,35.120028667],[140.17521917,35.120681081],[140.176619805,35.120525505],[140.176362166,35.120936135],[140.178158638,35.121502973],[140.178418638,35.120689108],[140.177936109,35.120530387],[140.179398249,35.118812171],[140.17914214,35.118417505],[140.180799196,35.119802865],[140.180833281,35.119170865],[140.181599533,35.118865135],[140.180894475,35.118935946],[140.180706641,35.118599775],[140.181363671,35.118641973],[140.181174254,35.118063081],[140.181662802,35.11821564],[140.182046329,35.117645559],[140.183540117,35.118610748],[140.183696135,35.119558802],[140.1842662,35.119653252],[140.18437428,35.119072586],[140.185007665,35.119505135],[140.185217497,35.119038865],[140.185648975,35.119644919],[140.184584189,35.120153081],[140.184449637,35.120700559],[140.185262607,35.121133865],[140.184817419,35.122804],[140.186186861,35.122558775],[140.186985447,35.123257532],[140.186894228,35.12353136],[140.186169001,35.122744441],[140.185094112,35.122826081],[140.185661894,35.124552892],[140.186976109,35.124326468],[140.18717511,35.124897135],[140.186103113,35.125197586],[140.188059831,35.126479946],[140.191790584,35.127214802],[140.194157782,35.126029505],[140.19352703,35.125140108],[140.193984617,35.125573613],[140.194225084,35.124991441],[140.193165668,35.124803225],[140.195314669,35.122871694],[140.195246861,35.122178892],[140.195521479,35.12298736],[140.197091479,35.123217667],[140.198104527,35.122733333],[140.198233943,35.122304387],[140.197452023,35.121723135],[140.195489248,35.121517748],[140.19526716,35.12199109],[140.195523307,35.121253613],[140.194269922,35.121374108],[140.195209728,35.121148198],[140.195157613,35.120354333],[140.195332555,35.120963838],[140.196860726,35.120873171],[140.19691297,35.119542027],[140.196417951,35.119404694],[140.197047834,35.11932536],[140.197078859,35.118712559],[140.19574144,35.118261135],[140.194869805,35.119033865],[140.195358664,35.119971171],[140.194608521,35.118996054],[140.193584034,35.120241586],[140.19335345,35.120075387],[140.195758521,35.117809748],[140.196097471,35.115657414],[140.200182698,35.112756505],[140.200559689,35.109843775],[140.201673191,35.110080613],[140.203382387,35.109466865],[140.202967471,35.110107775],[140.204116809,35.110554306],[140.205526057,35.112433225],[140.207186226,35.113659027],[140.211805214,35.114466477],[140.211598366,35.116203667],[140.210857523,35.117263946],[140.213254189,35.119934198],[140.213631414,35.12108336],[140.211903087,35.122692252],[140.211791971,35.124270586],[140.212310311,35.125261973],[140.211762244,35.126324198],[140.212865331,35.127163333],[140.214022283,35.129095279],[140.215313671,35.129438892],[140.215676446,35.130673054],[140.214964773,35.132318333],[140.215223943,35.132859441],[140.216810363,35.133374414],[140.216040363,35.133994694],[140.214259222,35.134463865],[140.213585331,35.13523636],[140.212652283,35.135211919],[140.211093385,35.134220559],[140.210552827,35.134968613],[140.21067978,35.135567748],[140.212160895,35.136315532],[140.214244254,35.138788027],[140.215632023,35.139467198],[140.216357588,35.141261054],[140.215098444,35.143570225],[140.215305383,35.144572171],[140.212792866,35.146606613],[140.212420661,35.149076613],[140.21323594,35.150439081],[140.212040661,35.151337694],[140.211565668,35.154088532],[140.209974838,35.154515748],[140.208433411,35.153981586],[140.207533139,35.154733802],[140.20749428,35.156139919],[140.206469533,35.156407694],[140.207415668,35.157960198],[140.206841505,35.15961464],[140.208183995,35.160398505],[140.207741777,35.161844054],[140.206127328,35.162608775],[140.206577613,35.163277946],[140.206056498,35.164027108],[140.205078716,35.164205441],[140.205210661,35.165963225],[140.20457428,35.166332946],[140.204209274,35.167518225],[140.203027613,35.168350171],[140.202133722,35.170242108],[140.199631505,35.170190171],[140.196649805,35.171674613],[140.193742283,35.171265171],[140.191155888,35.170260468],[140.187915032,35.170178532],[140.187385577,35.169201865],[140.186635279,35.168962973],[140.185841388,35.170599081],[140.184668885,35.170631027],[140.183637497,35.169766054],[140.182391634,35.169781333],[140.181787756,35.168804108],[140.180495525,35.168872721],[140.179469416,35.167823838],[140.178772166,35.167694108],[140.178995499,35.166777721],[140.177951051,35.165845225],[140.176500778,35.166982441],[140.174976304,35.166692748],[140.174753528,35.165654414],[140.173684358,35.165623865],[140.173077419,35.16759664],[140.171150467,35.170171081],[140.168630441,35.170338306],[140.16683655,35.169270532],[140.165326835,35.171219973],[140.162075694,35.173284414],[140.1615393,35.174206081],[140.161690973,35.175033027],[140.163756005,35.177045505],[140.162044306,35.178580505],[140.161985188,35.179916721],[140.16126847,35.181243]]]},"properties":{"N03_001":"千葉県","N03_002":null,"N03_003":null,"N03_004":"鴨川市","N03_005":null,"N03_007":"12223"}},
{"type":"Feature","geometry":{"type":"Polygon","coordinates":[[[140.103630856,35.07825436],[140.102705162,35.077716225],[140.103022114,35.076974081],[140.103774864,35.076854054],[140.104172607,35.076307775],[140.102905499,35.076750108],[140.102749339,35.075941108],[140.104444643,35.075514252],[140.105379339,35.075749973],[140.105967056,35.075121973],[140.106546252,35.075159225],[140.106017756,35.075948613],[140.10535,35.075872946],[140.105692996,35.076172468],[140.105445058,35.077046865],[140.103673891,35.077798694],[140.103630856,35.07825436]]]},"properties":{"N03_001":"千葉県","N03_002":null,"N03_003":null,"N03_004":"鴨川市","N03_005":null,"N03_007":"12223"}},
{"type":"Feature","geometry":{"type":"Polygon","coordinates":[[[140.106006861,35.074134775],[140.105770467,35.073803667],[140.106454916,35.073403667],[140.107968807,35.073043081],[140.108093411,35.072644946],[140.108945473,35.072703081],[140.108116589,35.073920586],[140.107246589,35.073528919],[140.106006861,35.074134775]]]},"properties":{"N03_001":"千葉県","N03_002":null,"N03_003":null,"N03_004":"鴨川市","N03_005":null,"N03_007":"12223"}},
{"type":"Feature","geometry":{"type":"Polygon","coordinates":[[[140.110134254,35.090963838],[140.109272088,35.091395721],[140.108658171,35.090933667],[140.109819559,35.090385613],[140.110501479,35.090556387],[140.110134254,35.090963838]]]},"properties":{"N03_001":"千葉県","N03_002":null,"N03_003":null,"N03_004":"鴨川市","N03_005":null,"N03_007":"12223"}},
{"type":"Feature","geometry":{"type":"Polygon","coordinates":[[[140.102055746,35.089858892],[140.101243256,35.089695],[140.101099079,35.089187775],[140.10189131,35.089081108],[140.102055746,35.089858892]]]},"properties":{"N03_001":"千葉県","N03_002":null,"N03_003":null,"N03_004":"鴨川市","N03_005":null,"N03_007":"12223"}},
{"type":"Feature","geometry":{"type":"Polygon","coordinates":[[[140.072243839,35.05569164],[140.072277588,35.054966613],[140.073108975,35.055213613],[140.072243839,35.05569164]]]},"properties":{"N03_001":"千葉県","N03_002":null,"N03_003":null,"N03_004":"鴨川市","N03_005":null,"N03_007":"12223"}},
{"type":"Feature","geometry":{"type":"Polygon","coordinates":[[[140.063571051,35.057617],[140.0636062,35.057051333],[140.064163061,35.057031441],[140.064136355,35.05748664],[140.063571051,35.057617]]]},"properties":{"N03_001":"千葉県","N03_002":null,"N03_003":null,"N03_004":"鴨川市","N03_005":null,"N03_007":"12223"}},
{"type":"Feature","geometry":{"type":"Polygon","coordinates":[[[140.091739754,35.072737973],[140.091038859,35.072256081],[140.091944501,35.072136135],[140.091739754,35.072737973]]]},"properties":{"N03_001":"千葉県","N03_002":null,"N03_003":null,"N03_004":"鴨川市","N03_005":null,"N03_007":"12223"}},
{"type":"Feature","geometry":{"type":"Polygon","coordinates":[[[140.077818444,35.060788279],[140.077448444,35.060551333],[140.078283995,35.060207721],[140.077818444,35.060788279]]]},"properties":{"N03_001":"千葉県","N03_002":null,"N03_003":null,"N03_004":"鴨川市","N03_005":null,"N03_007":"12223"}},
{"type":"Feature","geometry":null,"properties":{"N03_001":"千葉県","N03_002":null,"N03_003":null,"N03_004":"鴨川市","N03_005":null,"N03_007":"12223"}},
{"type":"Feature","geometry":null,"properties":{"N03_001":"千葉県","N03_002":null,"N03_003":null,"N03_004":"鴨川市","N03_005":null,"N03_007":"12223"}},
{"type":"Feature","geometry":{"type":"Polygon","coordinates":[[[140.052486135,35.051279559],[140.052266978,35.051042892],[140.053390584,35.051195081],[140.052486135,35.051279559]]]},"properties":{"N03_001":"千葉県","N03_002":null,"N03_003":null,"N03_004":"鴨川市","N03_005":null,"N03_007":"12223"}},
{"type":"Feature","geometry":{"type":"Polygon","coordinates":[[[140.050780584,35.051747333],[140.050390026,35.051465667],[140.051561414,35.051589559],[140.050780584,35.051747333]]]},"properties":{"N03_001":"千葉県","N03_002":null,"N03_003":null,"N03_004":"鴨川市","N03_005":null,"N03_007":"12223"}},
{"type":"Feature","geometry":{"type":"Polygon","coordinates":[[[140.104076394,35.084823468],[140.104177328,35.085320802],[140.103598807,35.084966946],[140.104076394,35.084823468]]]},"properties":{"N03_001":"千葉県","N03_002":null,"N03_003":null,"N03_004":"鴨川市","N03_005":null,"N03_007":"12223"}},
{"type":"Feature","geometry":{"type":"Polygon","coordinates":[[[140.110417977,35.073835865],[140.109691855,35.07390364],[140.1103838,35.073587802],[140.110417977,35.073835865]]]},"properties":{"N03_001":"千葉県","N03_002":null,"N03_003":null,"N03_004":"鴨川市","N03_005":null,"N03_007":"12223"}},
{"type":"Feature","geometry":null,"properties":{"N03_001":"千葉県","N03_002":null,"N03_003":null,"N03_004":"鴨川市","N03_005":null,"N03_007":"12223"}},
{"type":"Feature","geometry":{"type":"Polygon","coordinates":[[[140.076100363,35.057202198],[140.075763139,35.057620532],[140.075581479,35.056904414],[140.076100363,35.057202198]]]},"properties":{"N03_001":"千葉県","N03_002":null,"N03_003":null,"N03_004":"鴨川市","N03_005":null,"N03_007":"12223"}},
{"type":"Feature","geometry":{"type":"Polygon","coordinates":[[[140.107907912,35.089495108],[140.107626524,35.08921736],[140.108071336,35.089069414],[140.107907912,35.089495108]]]},"properties":{"N03_001":"千葉県","N03_002":null,"N03_003":null,"N03_004":"鴨川市","N03_005":null,"N03_007":"12223"}},
{"type":"Feature","geometry":{"type":"Polygon","coordinates":[[[140.045327497,35.049605694],[140.045012503,35.049814027],[140.044649728,35.049442081],[140.045327497,35.049605694]]]},"properties":{"N03_001":"千葉県","N03_002":null,"N03_003":null,"N03_004":"鴨川市","N03_005":null,"N03_007":"12223"}},
{"type":"Feature","geometry":{"type":"Polygon","coordinates":[[[140.074232309,35.054605252],[140.073882866,35.055230532],[140.073828145,35.054723586],[140.074232309,35.054605252]]]},"properties":{"N03_001":"千葉県","N03_002":null,"N03_003":null,"N03_004":"鴨川市","N03_005":null,"N03_007":"12223"}},
{"type":"Feature","geometry":null,"properties":{"N03_001":"千葉県","N03_002":null,"N03_003":null,"N03_004":"鴨川市","N03_005":null,"N03_007":"12223"}},
{"type":"Feature","geometry":null,"properties":{"N03_001":"千葉県","N03_002":null,"N03_003":null,"N03_004":"鴨川市","N03_005":null,"N03_007":"12223"}},
{"type":"Feature","geometry":{"type":"Polygon","coordinates":[[[140.058381115,35.05657764],[140.057651414,35.056307],[140.058196109,35.056202],[140.058381115,35.05657764]]]},"properties":{"N03_001":"千葉県","N03_002":null,"N03_003":null,"N03_004":"鴨川市","N03_005":null,"N03_007":"12223"}},
{"type":"Feature","geometry":null,"properties":{"N03_001":"千葉県","N03_002":null,"N03_003":null,"N03_004":"鴨川市","N03_005":null,"N03_007":"12223"}},
{"type":"Feature","geometry":null,"properties":{"N03_001":"千葉県","N03_002":null,"N03_003":null,"N03_004":"鴨川市","N03_005":null,"N03_007":"12223"}},
{"type":"Feature","geometry":{"type":"Polygon","coordinates":[[[140.121028275,35.089283532],[140.12115856,35.089587973],[140.120754112,35.089655748],[140.120603281,35.089367694],[140.121028275,35.089283532]]]},"properties":{"N03_001":"千葉県","N03_002":null,"N03_003":null,"N03_004":"鴨川市","N03_005":null,"N03_007":"12223"}},
{"type":"Feature","geometry":{"type":"Polygon","coordinates":[[[140.109085188,35.074209468],[140.108445473,35.074083919],[140.108966031,35.073835865],[140.109085188,35.074209468]]]},"properties":{"N03_001":"千葉県","N03_002":null,"N03_003":null,"N03_004":"鴨川市","N03_005":null,"N03_007":"12223"}},
{"type":"Feature","geometry":null,"properties":{"N03_001":"千葉県","N03_002":null,"N03_003":null,"N03_004":"鴨川市","N03_005":null,"N03_007":"12223"}},
{"type":"Feature","geometry":{"type":"Polygon","coordinates":[[[140.052335305,35.051809559],[140.051780584,35.051358441],[140.05267808,35.051657306],[140.052335305,35.051809559]]]},"properties":{"N03_001":"千葉県","N03_002":null,"N03_003":null,"N03_004":"鴨川市","N03_005":null,"N03_007":"12223"}},
{"type":"Feature","geometry":null,"properties":{"N03_001":"千葉県","N03_002":null,"N03_003":null,"N03_004":"鴨川市","N03_005":null,"N03_007":"12223"}},
{"type":"Feature","geometry":{"type":"Polygon","coordinates":[[[140.178754306,35.118781279],[140.178301556,35.118481838],[140.179133645,35.118685532],[140.178754306,35.118781279]]]},"properties":{"N03_001":"千葉県","N03_002":null,"N03_003":null,"N03_004":"鴨川市","N03_005":null,"N03_007":"12223"}},
{"type":"Feature","geometry":null,"properties":{"N03_001":"千葉県","N03_002":null,"N03_003":null,"N03_004":"鴨川市","N03_005":null,"N03_007":"12223"}},
{"type":"Feature","geometry":null,"properties":{"N03_001":"千葉県","N03_002":null,"N03_003":null,"N03_004":"鴨川市","N03_005":null,"N03_007":"12223"}},
{"type":"Feature","geometry":null,"properties":{"N03_001":"千葉県","N03_002":null,"N03_003":null,"N03_004":"鴨川市","N03_005":null,"N03_007":"12223"}},
{"type":"Feature","geometry":null,"properties":{"N03_001":"千葉県","N03_002":null,"N03_003":null,"N03_004":"鴨川市","N03_005":null,"N03_007":"12223"}},
{"type":"Feature","geometry":null,"properties":{"N03_001":"千葉県","N03_002":null,"N03_003":null,"N03_004":"鴨川市","N03_005":null,"N03_007":"12223"}},
{"type":"Feature","geometry":null,"properties":{"N03_001":"千葉県","N03_002":null,"N03_003":null,"N03_004":"鴨川市","N03_005":null,"N03_007":"12223"}},
{"type":"Feature","geometry":null,"properties":{"N03_001":"千葉県","N03_002":null,"N03_003":null,"N03_004":"鴨川市","N03_005":null,"N03_007":"12223"}},
{"type":"Feature","geometry":null,"properties":{"N03_001":"千葉県","N03_002":null,"N03_003":null,"N03_004":"鴨川市","N03_005":null,"N03_007":"12223"}},
{"type":"Feature","geometry":null,"properties":{"N03_001":"千葉県","N03_002":null,"N03_003":null,"N03_004":"鴨川市","N03_005":null,"N03_007":"12223"}},
{"type":"Feature","geometry":null,"properties":{"N03_001":"千葉県","N03_002":null,"N03_003":null,"N03_004":"鴨川市","N03_005":null,"N03_007":"12223"}},
{"type":"Feature","geometry":null,"properties":{"N03_001":"千葉県","N03_002":null,"N03_003":null,"N03_004":"鴨川市","N03_005":null,"N03_007":"12223"}},
{"type":"Feature","geometry":null,"properties":{"N03_001":"千葉県","N03_002":null,"N03_003":null,"N03_004":"鴨川市","N03_005":null,"N03_007":"12223"}},
{"type":"Feature","geometry":null,"properties":{"N03_001":"千葉県","N03_002":null,"N03_003":null,"N03_004":"鴨川市","N03_005":null,"N03_007":"12223"}},
{"type":"Feature","geometry":null,"properties":{"N03_001":"千葉県","N03_002":null,"N03_003":null,"N03_004":"鴨川市","N03_005":null,"N03_007":"12223"}},
{"type":"Feature","geometry":null,"properties":{"N03_001":"千葉県","N03_002":null,"N03_003":null,"N03_004":"鴨川市","N03_005":null,"N03_007":"12223"}},
{"type":"Feature","geometry":null,"properties":{"N03_001":"千葉県","N03_002":null,"N03_003":null,"N03_004":"鴨川市","N03_005":null,"N03_007":"12223"}},
{"type":"Feature","geometry":null,"properties":{"N03_001":"千葉県","N03_002":null,"N03_003":null,"N03_004":"鴨川市","N03_005":null,"N03_007":"12223"}},
{"type":"Feature","geometry":null,"properties":{"N03_001":"千葉県","N03_002":null,"N03_003":null,"N03_004":"鴨川市","N03_005":null,"N03_007":"12223"}},
{"type":"Feature","geometry":null,"properties":{"N03_001":"千葉県","N03_002":null,"N03_003":null,"N03_004":"鴨川市","N03_005":null,"N03_007":"12223"}},
{"type":"Feature","geometry":null,"properties":{"N03_001":"千葉県","N03_002":null,"N03_003":null,"N03_004":"鴨川市","N03_005":null,"N03_007":"12223"}},
{"type":"Feature","geometry":null,"properties":{"N03_001":"千葉県","N03_002":null,"N03_003":null,"N03_004":"鴨川市","N03_005":null,"N03_007":"12223"}},
{"type":"Feature","geometry":null,"properties":{"N03_001":"千葉県","N03_002":null,"N03_003":null,"N03_004":"鴨川市","N03_005":null,"N03_007":"12223"}},
{"type":"Feature","geometry":null,"properties":{"N03_001":"千葉県","N03_002":null,"N03_003":null,"N03_004":"鴨川市","N03_005":null,"N03_007":"12223"}},
{"type":"Feature","geometry":null,"properties":{"N03_001":"千葉県","N03_002":null,"N03_003":null,"N03_004":"鴨川市","N03_005":null,"N03_007":"12223"}},
{"type":"Feature","geometry":null,"properties":{"N03_001":"千葉県","N03_002":null,"N03_003":null,"N03_004":"鴨川市","N03_005":null,"N03_007":"12223"}},
{"type":"Feature","geometry":null,"properties":{"N03_001":"千葉県","N03_002":null,"N03_003":null,"N03_004":"鴨川市","N03_005":null,"N03_007":"12223"}},
{"type":"Feature","geometry":null,"properties":{"N03_001":"千葉県","N03_002":null,"N03_003":null,"N03_004":"鴨川市","N03_005":null,"N03_007":"12223"}},
{"type":"Feature","geometry":null,"properties":{"N03_001":"千葉県","N03_002":null,"N03_003":null,"N03_004":"鴨川市","N03_005":null,"N03_007":"12223"}},
{"type":"Feature","geometry":null,"properties":{"N03_001":"千葉県","N03_002":null,"N03_003":null,"N03_004":"鴨川市","N03_005":null,"N03_007":"12223"}},
{"type":"Feature","geometry":null,"properties":{"N03_001":"千葉県","N03_002":null,"N03_003":null,"N03_004":"鴨川市","N03_005":null,"N03_007":"12223"}},
{"type":"Feature","geometry":null,"properties":{"N03_001":"千葉県","N03_002":null,"N03_003":null,"N03_004":"鴨川市","N03_005":null,"N03_007":"12223"}},
{"type":"Feature","geometry":null,"properties":{"N03_001":"千葉県","N03_002":null,"N03_003":null,"N03_004":"鴨川市","N03_005":null,"N03_007":"12223"}},
{"type":"Feature","geometry":null,"properties":{"N03_001":"千葉県","N03_002":null,"N03_003":null,"N03_004":"鴨川市","N03_005":null,"N03_007":"12223"}},
{"type":"Feature","geometry":null,"properties":{"N03_001":"千葉県","N03_002":null,"N03_003":null,"N03_004":"鴨川市","N03_005":null,"N03_007":"12223"}},
{"type":"Feature","geometry":null,"properties":{"N03_001":"千葉県","N03_002":null,"N03_003":null,"N03_004":"鴨川市","N03_005":null,"N03_007":"12223"}},
{"type":"Feature","geometry":null,"properties":{"N03_001":"千葉県","N03_002":null,"N03_003":null,"N03_004":"鴨川市","N03_005":null,"N03_007":"12223"}},
{"type":"Feature","geometry":null,"properties":{"N03_001":"千葉県","N03_002":null,"N03_003":null,"N03_004":"鴨川市","N03_005":null,"N03_007":"12223"}},
{"type":"Feature","geometry":null,"properties":{"N03_001":"千葉県","N03_002":null,"N03_003":null,"N03_004":"鴨川市","N03_005":null,"N03_007":"12223"}},
{"type":"Feature","geometry":null,"properties":{"N03_001":"千葉県","N03_002":null,"N03_003":null,"N03_004":"鴨川市","N03_005":null,"N03_007":"12223"}},
{"type":"Feature","geometry":null,"properties":{"N03_001":"千葉県","N03_002":null,"N03_003":null,"N03_004":"鴨川市","N03_005":null,"N03_007":"12223"}},
{"type":"Feature","geometry":null,"properties":{"N03_001":"千葉県","N03_002":null,"N03_003":null,"N03_004":"鴨川市","N03_005":null,"N03_007":"12223"}},
{"type":"Feature","geometry":null,"properties":{"N03_001":"千葉県","N03_002":null,"N03_003":null,"N03_004":"鴨川市","N03_005":null,"N03_007":"12223"}},
{"type":"Feature","geometry":null,"properties":{"N03_001":"千葉県","N03_002":null,"N03_003":null,"N03_004":"鴨川市","N03_005":null,"N03_007":"12223"}},
{"type":"Feature","geometry":null,"properties":{"N03_001":"千葉県","N03_002":null,"N03_003":null,"N03_004":"鴨川市","N03_005":null,"N03_007":"12223"}},
{"type":"Feature","geometry":null,"properties":{"N03_001":"千葉県","N03_002":null,"N03_003":null,"N03_004":"鴨川市","N03_005":null,"N03_007":"12223"}},
{"type":"Feature","geometry":null,"properties":{"N03_001":"千葉県","N03_002":null,"N03_003":null,"N03_004":"鴨川市","N03_005":null,"N03_007":"12223"}},
{"type":"Feature","geometry":null,"properties":{"N03_001":"千葉県","N03_002":null,"N03_003":null,"N03_004":"鴨川市","N03_005":null,"N03_007":"12223"}},
{"type":"Feature","geometry":null,"properties":{"N03_001":"千葉県","N03_002":null,"N03_003":null,"N03_004":"鴨川市","N03_005":null,"N03_007":"12223"}},
{"type":"Feature","geometry":null,"properties":{"N03_001":"千葉県","N03_002":null,"N03_003":null,"N03_004":"鴨川市","N03_005":null,"N03_007":"12223"}},
{"type":"Feature","geometry":null,"properties":{"N03_001":"千葉県","N03_002":null,"N03_003":null,"N03_004":"鴨川市","N03_005":null,"N03_007":"12223"}},
{"type":"Feature","geometry":null,"properties":{"N03_001":"千葉県","N03_002":null,"N03_003":null,"N03_004":"鴨川市","N03_005":null,"N03_007":"12223"}},
{"type":"Feature","geometry":null,"properties":{"N03_001":"千葉県","N03_002":null,"N03_003":null,"N03_004":"鴨川市","N03_005":null,"N03_007":"12223"}},
{"type":"Feature","geometry":null,"properties":{"N03_001":"千葉県","N03_002":null,"N03_003":null,"N03_004":"鴨川市","N03_005":null,"N03_007":"12223"}},
{"type":"Feature","geometry":null,"properties":{"N03_001":"千葉県","N03_002":null,"N03_003":null,"N03_004":"鴨川市","N03_005":null,"N03_007":"12223"}},
{"type":"Feature","geometry":null,"properties":{"N03_001":"千葉県","N03_002":null,"N03_003":null,"N03_004":"鴨川市","N03_005":null,"N03_007":"12223"}},
{"type":"Feature","geometry":null,"properties":{"N03_001":"千葉県","N03_002":null,"N03_003":null,"N03_004":"鴨川市","N03_005":null,"N03_007":"12223"}},
{"type":"Feature","geometry":null,"properties":{"N03_001":"千葉県","N03_002":null,"N03_003":null,"N03_004":"鴨川市","N03_005":null,"N03_007":"12223"}},
{"type":"Feature","geometry":null,"properties":{"N03_001":"千葉県","N03_002":null,"N03_003":null,"N03_004":"鴨川市","N03_005":null,"N03_007":"12223"}},
{"type":"Feature","geometry":null,"properties":{"N03_001":"千葉県","N03_002":null,"N03_003":null,"N03_004":"鴨川市","N03_005":null,"N03_007":"12223"}},
{"type":"Feature","geometry":null,"properties":{"N03_001":"千葉県","N03_002":null,"N03_003":null,"N03_004":"鴨川市","N03_005":null,"N03_007":"12223"}},
{"type":"Feature","geometry":null,"properties":{"N03_001":"千葉県","N03_002":null,"N03_003":null,"N03_004":"鴨川市","N03_005":null,"N03_007":"12223"}},
{"type":"Feature","geometry":null,"properties":{"N03_001":"千葉県","N03_002":null,"N03_003":null,"N03_004":"鴨川市","N03_005":null,"N03_007":"12223"}},
{"type":"Feature","geometry":null,"properties":{"N03_001":"千葉県","N03_002":null,"N03_003":null,"N03_004":"鴨川市","N03_005":null,"N03_007":"12223"}},
{"type":"Feature","geometry":null,"properties":{"N03_001":"千葉県","N03_002":null,"N03_003":null,"N03_004":"鴨川市","N03_005":null,"N03_007":"12223"}},
{"type":"Feature","geometry":null,"properties":{"N03_001":"千葉県","N03_002":null,"N03_003":null,"N03_004":"鴨川市","N03_005":null,"N03_007":"12223"}},
{"type":"Feature","geometry":null,"properties":{"N03_001":"千葉県","N03_002":null,"N03_003":null,"N03_004":"鴨川市","N03_005":null,"N03_007":"12223"}},
{"type":"Feature","geometry":null,"properties":{"N03_001":"千葉県","N03_002":null,"N03_003":null,"N03_004":"鴨川市","N03_005":null,"N03_007":"12223"}},
{"type":"Feature","geometry":null,"properties":{"N03_001":"千葉県","N03_002":null,"N03_003":null,"N03_004":"鴨川市","N03_005":null,"N03_007":"12223"}},
{"type":"Feature","geometry":null,"properties":{"N03_001":"千葉県","N03_002":null,"N03_003":null,"N03_004":"鴨川市","N03_005":null,"N03_007":"12223"}},
{"type":"Feature","geometry":null,"properties":{"N03_001":"千葉県","N03_002":null,"N03_003":null,"N03_004":"鴨川市","N03_005":null,"N03_007":"12223"}},
{"type":"Feature","geometry":null,"properties":{"N03_001":"千葉県","N03_002":null,"N03_003":null,"N03_004":"鴨川市","N03_005":null,"N03_007":"12223"}},
{"type":"Feature","geometry":null,"properties":{"N03_001":"千葉県","N03_002":null,"N03_003":null,"N03_004":"鴨川市","N03_005":null,"N03_007":"12223"}},
{"type":"Feature","geometry":null,"properties":{"N03_001":"千葉県","N03_002":null,"N03_003":null,"N03_004":"鴨川市","N03_005":null,"N03_007":"12223"}},
{"type":"Feature","geometry":null,"properties":{"N03_001":"千葉県","N03_002":null,"N03_003":null,"N03_004":"鴨川市","N03_005":null,"N03_007":"12223"}},
{"type":"Feature","geometry":null,"properties":{"N03_001":"千葉県","N03_002":null,"N03_003":null,"N03_004":"鴨川市","N03_005":null,"N03_007":"12223"}},
{"type":"Feature","geometry":null,"properties":{"N03_001":"千葉県","N03_002":null,"N03_003":null,"N03_004":"鴨川市","N03_005":null,"N03_007":"12223"}},
{"type":"Feature","geometry":null,"properties":{"N03_001":"千葉県","N03_002":null,"N03_003":null,"N03_004":"鴨川市","N03_005":null,"N03_007":"12223"}},
{"type":"Feature","geometry":null,"properties":{"N03_001":"千葉県","N03_002":null,"N03_003":null,"N03_004":"鴨川市","N03_005":null,"N03_007":"12223"}},
{"type":"Feature","geometry":null,"properties":{"N03_001":"千葉県","N03_002":null,"N03_003":null,"N03_004":"鴨川市","N03_005":null,"N03_007":"12223"}},
{"type":"Feature","geometry":null,"properties":{"N03_001":"千葉県","N03_002":null,"N03_003":null,"N03_004":"鴨川市","N03_005":null,"N03_007":"12223"}},
{"type":"Feature","geometry":null,"properties":{"N03_001":"千葉県","N03_002":null,"N03_003":null,"N03_004":"鴨川市","N03_005":null,"N03_007":"12223"}},
{"type":"Feature","geometry":null,"properties":{"N03_001":"千葉県","N03_002":null,"N03_003":null,"N03_004":"鴨川市","N03_005":null,"N03_007":"12223"}},
{"type":"Feature","geometry":null,"properties":{"N03_001":"千葉県","N03_002":null,"N03_003":null,"N03_004":"鴨川市","N03_005":null,"N03_007":"12223"}},
{"type":"Feature","geometry":null,"properties":{"N03_001":"千葉県","N03_002":null,"N03_003":null,"N03_004":"鴨川市","N03_005":null,"N03_007":"12223"}},
{"type":"Feature","geometry":null,"properties":{"N03_001":"千葉県","N03_002":null,"N03_003":null,"N03_004":"鴨川市","N03_005":null,"N03_007":"12223"}},
{"type":"Feature","geometry":null,"properties":{"N03_001":"千葉県","N03_002":null,"N03_003":null,"N03_004":"鴨川市","N03_005":null,"N03_007":"12223"}},
{"type":"Feature","geometry":null,"properties":{"N03_001":"千葉県","N03_002":null,"N03_003":null,"N03_004":"鴨川市","N03_005":null,"N03_007":"12223"}},
{"type":"Feature","geometry":null,"properties":{"N03_001":"千葉県","N03_002":null,"N03_003":null,"N03_004":"鴨川市","N03_005":null,"N03_007":"12223"}},
{"type":"Feature","geometry":null,"properties":{"N03_001":"千葉県","N03_002":null,"N03_003":null,"N03_004":"鴨川市","N03_005":null,"N03_007":"12223"}},
{"type":"Feature","geometry":null,"properties":{"N03_001":"千葉県","N03_002":null,"N03_003":null,"N03_004":"鴨川市","N03_005":null,"N03_007":"12223"}},
{"type":"Feature","geometry":null,"properties":{"N03_001":"千葉県","N03_002":null,"N03_003":null,"N03_004":"鴨川市","N03_005":null,"N03_007":"12223"}},
{"type":"Feature","geometry":null,"properties":{"N03_001":"千葉県","N03_002":null,"N03_003":null,"N03_004":"鴨川市","N03_005":null,"N03_007":"12223"}},
{"type":"Feature","geometry":null,"properties":{"N03_001":"千葉県","N03_002":null,"N03_003":null,"N03_004":"鴨川市","N03_005":null,"N03_007":"12223"}},
{"type":"Feature","geometry":null,"properties":{"N03_001":"千葉県","N03_002":null,"N03_003":null,"N03_004":"鴨川市","N03_005":null,"N03_007":"12223"}},
{"type":"Feature","geometry":null,"properties":{"N03_001":"千葉県","N03_002":null,"N03_003":null,"N03_004":"鴨川市","N03_005":null,"N03_007":"12223"}},
{"type":"Feature","geometry":null,"properties":{"N03_001":"千葉県","N03_002":null,"N03_003":null,"N03_004":"鴨川市","N03_005":null,"N03_007":"12223"}},
{"type":"Feature","geometry":null,"properties":{"N03_001":"千葉県","N03_002":null,"N03_003":null,"N03_004":"鴨川市","N03_005":null,"N03_007":"12223"}},
{"type":"Feature","geometry":null,"properties":{"N03_001":"千葉県","N03_002":null,"N03_003":null,"N03_004":"鴨川市","N03_005":null,"N03_007":"12223"}},
{"type":"Feature","geometry":null,"properties":{"N03_001":"千葉県","N03_002":null,"N03_003":null,"N03_004":"鴨川市","N03_005":null,"N03_007":"12223"}},
{"type":"Feature","geometry":null,"properties":{"N03_001":"千葉県","N03_002":null,"N03_003":null,"N03_004":"鴨川市","N03_005":null,"N03_007":"12223"}},
{"type":"Feature","geometry":null,"properties":{"N03_001":"千葉県","N03_002":null,"N03_003":null,"N03_004":"鴨川市","N03_005":null,"N03_007":"12223"}},
{"type":"Feature","geometry":null,"properties":{"N03_001":"千葉県","N03_002":null,"N03_003":null,"N03_004":"鴨川市","N03_005":null,"N03_007":"12223"}},
{"type":"Feature","geometry":null,"properties":{"N03_001":"千葉県","N03_002":null,"N03_003":null,"N03_004":"鴨川市","N03_005":null,"N03_007":"12223"}},
{"type":"Feature","geometry":null,"properties":{"N03_001":"千葉県","N03_002":null,"N03_003":null,"N03_004":"鴨川市","N03_005":null,"N03_007":"12223"}},
{"type":"Feature","geometry":null,"properties":{"N03_001":"千葉県","N03_002":null,"N03_003":null,"N03_004":"鴨川市","N03_005":null,"N03_007":"12223"}},
{"type":"Feature","geometry":null,"properties":{"N03_001":"千葉県","N03_002":null,"N03_003":null,"N03_004":"鴨川市","N03_005":null,"N03_007":"12223"}},
{"type":"Feature","geometry":null,"properties":{"N03_001":"千葉県","N03_002":null,"N03_003":null,"N03_004":"鴨川市","N03_005":null,"N03_007":"12223"}},
{"type":"Feature","geometry":null,"properties":{"N03_001":"千葉県","N03_002":null,"N03_003":null,"N03_004":"鴨川市","N03_005":null,"N03_007":"12223"}},
{"type":"Feature","geometry":null,"properties":{"N03_001":"千葉県","N03_002":null,"N03_003":null,"N03_004":"鴨川市","N03_005":null,"N03_007":"12223"}},
{"type":"Feature","geometry":null,"properties":{"N03_001":"千葉県","N03_002":null,"N03_003":null,"N03_004":"鴨川市","N03_005":null,"N03_007":"12223"}},
{"type":"Feature","geometry":null,"properties":{"N03_001":"千葉県","N03_002":null,"N03_003":null,"N03_004":"鴨川市","N03_005":null,"N03_007":"12223"}},
{"type":"Feature","geometry":null,"properties":{"N03_001":"千葉県","N03_002":null,"N03_003":null,"N03_004":"鴨川市","N03_005":null,"N03_007":"12223"}},
{"type":"Feature","geometry":null,"properties":{"N03_001":"千葉県","N03_002":null,"N03_003":null,"N03_004":"鴨川市","N03_005":null,"N03_007":"12223"}},
{"type":"Feature","geometry":null,"properties":{"N03_001":"千葉県","N03_002":null,"N03_003":null,"N03_004":"鴨川市","N03_005":null,"N03_007":"12223"}},
{"type":"Feature","geometry":null,"properties":{"N03_001":"千葉県","N03_002":null,"N03_003":null,"N03_004":"鴨川市","N03_005":null,"N03_007":"12223"}},
{"type":"Feature","geometry":null,"properties":{"N03_001":"千葉県","N03_002":null,"N03_003":null,"N03_004":"鴨川市","N03_005":null,"N03_007":"12223"}},
{"type":"Feature","geometry":null,"properties":{"N03_001":"千葉県","N03_002":null,"N03_003":null,"N03_004":"鴨川市","N03_005":null,"N03_007":"12223"}},
{"type":"Feature","geometry":null,"properties":{"N03_001":"千葉県","N03_002":null,"N03_003":null,"N03_004":"鴨川市","N03_005":null,"N03_007":"12223"}},
{"type":"Feature","geometry":null,"properties":{"N03_001":"千葉県","N03_002":null,"N03_003":null,"N03_004":"鴨川市","N03_005":null,"N03_007":"12223"}},
{"type":"Feature","geometry":null,"properties":{"N03_001":"千葉県","N03_002":null,"N03_003":null,"N03_004":"鴨川市","N03_005":null,"N03_007":"12223"}},
{"type":"Feature","geometry":null,"properties":{"N03_001":"千葉県","N03_002":null,"N03_003":null,"N03_004":"鴨川市","N03_005":null,"N03_007":"12223"}},
{"type":"Feature","geometry":null,"properties":{"N03_001":"千葉県","N03_002":null,"N03_003":null,"N03_004":"鴨川市","N03_005":null,"N03_007":"12223"}},
{"type":"Feature","geometry":null,"properties":{"N03_001":"千葉県","N03_002":null,"N03_003":null,"N03_004":"鴨川市","N03_005":null,"N03_007":"12223"}},
{"type":"Feature","geometry":null,"properties":{"N03_001":"千葉県","N03_002":null,"N03_003":null,"N03_004":"鴨川市","N03_005":null,"N03_007":"12223"}},
{"type":"Feature","geometry":null,"properties":{"N03_001":"千葉県","N03_002":null,"N03_003":null,"N03_004":"鴨川市","N03_005":null,"N03_007":"12223"}},
{"type":"Feature","geometry":null,"properties":{"N03_001":"千葉県","N03_002":null,"N03_003":null,"N03_004":"鴨川市","N03_005":null,"N03_007":"12223"}},
{"type":"Feature","geometry":null,"properties":{"N03_001":"千葉県","N03_002":null,"N03_003":null,"N03_004":"鴨川市","N03_005":null,"N03_007":"12223"}},
{"type":"Feature","geometry":null,"properties":{"N03_001":"千葉県","N03_002":null,"N03_003":null,"N03_004":"鴨川市","N03_005":null,"N03_007":"12223"}},
{"type":"Feature","geometry":null,"properties":{"N03_001":"千葉県","N03_002":null,"N03_003":null,"N03_004":"鴨川市","N03_005":null,"N03_007":"12223"}},
{"type":"Feature","geometry":null,"properties":{"N03_001":"千葉県","N03_002":null,"N03_003":null,"N03_004":"鴨川市","N03_005":null,"N03_007":"12223"}},
{"type":"Feature","geometry":null,"properties":{"N03_001":"千葉県","N03_002":null,"N03_003":null,"N03_004":"鴨川市","N03_005":null,"N03_007":"12223"}},
{"type":"Feature","geometry":null,"properties":{"N03_001":"千葉県","N03_002":null,"N03_003":null,"N03_004":"鴨川市","N03_005":null,"N03_007":"12223"}},
{"type":"Feature","geometry":null,"properties":{"N03_001":"千葉県","N03_002":null,"N03_003":null,"N03_004":"鴨川市","N03_005":null,"N03_007":"12223"}},
{"type":"Feature","geometry":null,"properties":{"N03_001":"千葉県","N03_002":null,"N03_003":null,"N03_004":"鴨川市","N03_005":null,"N03_007":"12223"}},
{"type":"Feature","geometry":null,"properties":{"N03_001":"千葉県","N03_002":null,"N03_003":null,"N03_004":"鴨川市","N03_005":null,"N03_007":"12223"}},
{"type":"Feature","geometry":null,"properties":{"N03_001":"千葉県","N03_002":null,"N03_003":null,"N03_004":"鴨川市","N03_005":null,"N03_007":"12223"}},
{"type":"Feature","geometry":null,"properties":{"N03_001":"千葉県","N03_002":null,"N03_003":null,"N03_004":"鴨川市","N03_005":null,"N03_007":"12223"}},
{"type":"Feature","geometry":null,"properties":{"N03_001":"千葉県","N03_002":null,"N03_003":null,"N03_004":"鴨川市","N03_005":null,"N03_007":"12223"}},
{"type":"Feature","geometry":null,"properties":{"N03_001":"千葉県","N03_002":null,"N03_003":null,"N03_004":"鴨川市","N03_005":null,"N03_007":"12223"}},
{"type":"Feature","geometry":null,"properties":{"N03_001":"千葉県","N03_002":null,"N03_003":null,"N03_004":"鴨川市","N03_005":null,"N03_007":"12223"}},
{"type":"Feature","geometry":null,"properties":{"N03_001":"千葉県","N03_002":null,"N03_003":null,"N03_004":"鴨川市","N03_005":null,"N03_007":"12223"}},
{"type":"Feature","geometry":null,"properties":{"N03_001":"千葉県","N03_002":null,"N03_003":null,"N03_004":"鴨川市","N03_005":null,"N03_007":"12223"}},
{"type":"Feature","geometry":null,"properties":{"N03_001":"千葉県","N03_002":null,"N03_003":null,"N03_004":"鴨川市","N03_005":null,"N03_007":"12223"}},
{"type":"Feature","geometry":null,"properties":{"N03_001":"千葉県","N03_002":null,"N03_003":null,"N03_004":"鴨川市","N03_005":null,"N03_007":"12223"}},
{"type":"Feature","geometry":null,"properties":{"N03_001":"千葉県","N03_002":null,"N03_003":null,"N03_004":"鴨川市","N03_005":null,"N03_007":"12223"}},
{"type":"Feature","geometry":null,"properties":{"N03_001":"千葉県","N03_002":null,"N03_003":null,"N03_004":"鴨川市","N03_005":null,"N03_007":"12223"}},
{"type":"Feature","geometry":null,"properties":{"N03_001":"千葉県","N03_002":null,"N03_003":null,"N03_004":"鴨川市","N03_005":null,"N03_007":"12223"}},
{"type":"Feature","geometry":null,"properties":{"N03_001":"千葉県","N03_002":null,"N03_003":null,"N03_004":"鴨川市","N03_005":null,"N03_007":"12223"}},
{"type":"Feature","geometry":null,"properties":{"N03_001":"千葉県","N03_002":null,"N03_003":null,"N03_004":"鴨川市","N03_005":null,"N03_007":"12223"}},
{"type":"Feature","geometry":null,"properties":{"N03_001":"千葉県","N03_002":null,"N03_003":null,"N03_004":"鴨川市","N03_005":null,"N03_007":"12223"}},
{"type":"Feature","geometry":null,"properties":{"N03_001":"千葉県","N03_002":null,"N03_003":null,"N03_004":"鴨川市","N03_005":null,"N03_007":"12223"}},
{"type":"Feature","geometry":null,"properties":{"N03_001":"千葉県","N03_002":null,"N03_003":null,"N03_004":"鴨川市","N03_005":null,"N03_007":"12223"}},
{"type":"Feature","geometry":null,"properties":{"N03_001":"千葉県","N03_002":null,"N03_003":null,"N03_004":"鴨川市","N03_005":null,"N03_007":"12223"}},
{"type":"Feature","geometry":null,"properties":{"N03_001":"千葉県","N03_002":null,"N03_003":null,"N03_004":"鴨川市","N03_005":null,"N03_007":"12223"}},
{"type":"Feature","geometry":null,"properties":{"N03_001":"千葉県","N03_002":null,"N03_003":null,"N03_004":"鴨川市","N03_005":null,"N03_007":"12223"}},
{"type":"Feature","geometry":null,"properties":{"N03_001":"千葉県","N03_002":null,"N03_003":null,"N03_004":"鴨川市","N03_005":null,"N03_007":"12223"}},
{"type":"Feature","geometry":null,"properties":{"N03_001":"千葉県","N03_002":null,"N03_003":null,"N03_004":"鴨川市","N03_005":null,"N03_007":"12223"}},
{"type":"Feature","geometry":null,"properties":{"N03_001":"千葉県","N03_002":null,"N03_003":null,"N03_004":"鴨川市","N03_005":null,"N03_007":"12223"}},
{"type":"Feature","geometry":null,"properties":{"N03_001":"千葉県","N03_002":null,"N03_003":null,"N03_004":"鴨川市","N03_005":null,"N03_007":"12223"}},
{"type":"Feature","geometry":null,"properties":{"N03_001":"千葉県","N03_002":null,"N03_003":null,"N03_004":"鴨川市","N03_005":null,"N03_007":"12223"}},
{"type":"Feature","geometry":null,"properties":{"N03_001":"千葉県","N03_002":null,"N03_003":null,"N03_004":"鴨川市","N03_005":null,"N03_007":"12223"}},
{"type":"Feature","geometry":null,"properties":{"N03_001":"千葉県","N03_002":null,"N03_003":null,"N03_004":"鴨川市","N03_005":null,"N03_007":"12223"}},
{"type":"Feature","geometry":null,"properties":{"N03_001":"千葉県","N03_002":null,"N03_003":null,"N03_004":"鴨川市","N03_005":null,"N03_007":"12223"}},
{"type":"Feature","geometry":null,"properties":{"N03_001":"千葉県","N03_002":null,"N03_003":null,"N03_004":"鴨川市","N03_005":null,"N03_007":"12223"}},
{"type":"Feature","geometry":null,"properties":{"N03_001":"千葉県","N03_002":null,"N03_003":null,"N03_004":"鴨川市","N03_005":null,"N03_007":"12223"}},
{"type":"Feature","geometry":null,"properties":{"N03_001":"千葉県","N03_002":null,"N03_003":null,"N03_004":"鴨川市","N03_005":null,"N03_007":"12223"}},
{"type":"Feature","geometry":null,"properties":{"N03_001":"千葉県","N03_002":null,"N03_003":null,"N03_004":"鴨川市","N03_005":null,"N03_007":"12223"}},
{"type":"Feature","geometry":null,"properties":{"N03_001":"千葉県","N03_002":null,"N03_003":null,"N03_004":"鴨川市","N03_005":null,"N03_007":"12223"}},
{"type":"Feature","geometry":null,"properties":{"N03_001":"千葉県","N03_002":null,"N03_003":null,"N03_004":"鴨川市","N03_005":null,"N03_007":"12223"}},
{"type":"Feature","geometry":null,"properties":{"N03_001":"千葉県","N03_002":null,"N03_003":null,"N03_004":"鴨川市","N03_005":null,"N03_007":"12223"}},
{"type":"Feature","geometry":null,"properties":{"N03_001":"千葉県","N03_002":null,"N03_003":null,"N03_004":"鴨川市","N03_005":null,"N03_007":"12223"}},
{"type":"Feature","geometry":null,"properties":{"N03_001":"千葉県","N03_002":null,"N03_003":null,"N03_004":"鴨川市","N03_005":null,"N03_007":"12223"}},
{"type":"Feature","geometry":null,"properties":{"N03_001":"千葉県","N03_002":null,"N03_003":null,"N03_004":"鴨川市","N03_005":null,"N03_007":"12223"}},
{"type":"Feature","geometry":null,"properties":{"N03_001":"千葉県","N03_002":null,"N03_003":null,"N03_004":"鴨川市","N03_005":null,"N03_007":"12223"}},
{"type":"Feature","geometry":null,"properties":{"N03_001":"千葉県","N03_002":null,"N03_003":null,"N03_004":"鴨川市","N03_005":null,"N03_007":"12223"}},
{"type":"Feature","geometry":null,"properties":{"N03_001":"千葉県","N03_002":null,"N03_003":null,"N03_004":"鴨川市","N03_005":null,"N03_007":"12223"}},
{"type":"Feature","geometry":null,"properties":{"N03_001":"千葉県","N03_002":null,"N03_003":null,"N03_004":"鴨川市","N03_005":null,"N03_007":"12223"}},
{"type":"Feature","geometry":null,"properties":{"N03_001":"千葉県","N03_002":null,"N03_003":null,"N03_004":"鴨川市","N03_005":null,"N03_007":"12223"}},
{"type":"Feature","geometry":null,"properties":{"N03_001":"千葉県","N03_002":null,"N03_003":null,"N03_004":"鴨川市","N03_005":null,"N03_007":"12223"}},
{"type":"Feature","geometry":null,"properties":{"N03_001":"千葉県","N03_002":null,"N03_003":null,"N03_004":"鴨川市","N03_005":null,"N03_007":"12223"}},
{"type":"Feature","geometry":null,"properties":{"N03_001":"千葉県","N03_002":null,"N03_003":null,"N03_004":"鴨川市","N03_005":null,"N03_007":"12223"}},
{"type":"Feature","geometry":null,"properties":{"N03_001":"千葉県","N03_002":null,"N03_003":null,"N03_004":"鴨川市","N03_005":null,"N03_007":"12223"}},
{"type":"Feature","geometry":null,"properties":{"N03_001":"千葉県","N03_002":null,"N03_003":null,"N03_004":"鴨川市","N03_005":null,"N03_007":"12223"}},
{"type":"Feature","geometry":null,"properties":{"N03_001":"千葉県","N03_002":null,"N03_003":null,"N03_004":"鴨川市","N03_005":null,"N03_007":"12223"}},
{"type":"Feature","geometry":null,"properties":{"N03_001":"千葉県","N03_002":null,"N03_003":null,"N03_004":"鴨川市","N03_005":null,"N03_007":"12223"}},
{"type":"Feature","geometry":null,"properties":{"N03_001":"千葉県","N03_002":null,"N03_003":null,"N03_004":"鴨川市","N03_005":null,"N03_007":"12223"}},
{"type":"Feature","geometry":null,"properties":{"N03_001":"千葉県","N03_002":null,"N03_003":null,"N03_004":"鴨川市","N03_005":null,"N03_007":"12223"}},
{"type":"Feature","geometry":null,"properties":{"N03_001":"千葉県","N03_002":null,"N03_003":null,"N03_004":"鴨川市","N03_005":null,"N03_007":"12223"}},
{"type":"Feature","geometry":null,"properties":{"N03_001":"千葉県","N03_002":null,"N03_003":null,"N03_004":"鴨川市","N03_005":null,"N03_007":"12223"}},
{"type":"Feature","geometry":null,"properties":{"N03_001":"千葉県","N03_002":null,"N03_003":null,"N03_004":"鴨川市","N03_005":null,"N03_007":"12223"}},
{"type":"Feature","geometry":null,"properties":{"N03_001":"千葉県","N03_002":null,"N03_003":null,"N03_004":"鴨川市","N03_005":null,"N03_007":"12223"}},
{"type":"Feature","geometry":null,"properties":{"N03_001":"千葉県","N03_002":null,"N03_003":null,"N03_004":"鴨川市","N03_005":null,"N03_007":"12223"}},
{"type":"Feature","geometry":null,"properties":{"N03_001":"千葉県","N03_002":null,"N03_003":null,"N03_004":"鴨川市","N03_005":null,"N03_007":"12223"}},
{"type":"Feature","geometry":null,"properties":{"N03_001":"千葉県","N03_002":null,"N03_003":null,"N03_004":"鴨川市","N03_005":null,"N03_007":"12223"}},
{"type":"Feature","geometry":null,"properties":{"N03_001":"千葉県","N03_002":null,"N03_003":null,"N03_004":"鴨川市","N03_005":null,"N03_007":"12223"}},
{"type":"Feature","geometry":null,"properties":{"N03_001":"千葉県","N03_002":null,"N03_003":null,"N03_004":"鴨川市","N03_005":null,"N03_007":"12223"}},
{"type":"Feature","geometry":null,"properties":{"N03_001":"千葉県","N03_002":null,"N03_003":null,"N03_004":"鴨川市","N03_005":null,"N03_007":"12223"}},
{"type":"Feature","geometry":null,"properties":{"N03_001":"千葉県","N03_002":null,"N03_003":null,"N03_004":"鴨川市","N03_005":null,"N03_007":"12223"}},
{"type":"Feature","geometry":null,"properties":{"N03_001":"千葉県","N03_002":null,"N03_003":null,"N03_004":"鴨川市","N03_005":null,"N03_007":"12223"}},
{"type":"Feature","geometry":null,"properties":{"N03_001":"千葉県","N03_002":null,"N03_003":null,"N03_004":"鴨川市","N03_005":null,"N03_007":"12223"}},
{"type":"Feature","geometry":null,"properties":{"N03_001":"千葉県","N03_002":null,"N03_003":null,"N03_004":"鴨川市","N03_005":null,"N03_007":"12223"}},
{"type":"Feature","geometry":null,"properties":{"N03_001":"千葉県","N03_002":null,"N03_003":null,"N03_004":"鴨川市","N03_005":null,"N03_007":"12223"}},
{"type":"Feature","geometry":null,"properties":{"N03_001":"千葉県","N03_002":null,"N03_003":null,"N03_004":"鴨川市","N03_005":null,"N03_007":"12223"}},
{"type":"Feature","geometry":null,"properties":{"N03_001":"千葉県","N03_002":null,"N03_003":null,"N03_004":"鴨川市","N03_005":null,"N03_007":"12223"}},
{"type":"Feature","geometry":null,"properties":{"N03_001":"千葉県","N03_002":null,"N03_003":null,"N03_004":"鴨川市","N03_005":null,"N03_007":"12223"}},
{"type":"Feature","geometry":null,"properties":{"N03_001":"千葉県","N03_002":null,"N03_003":null,"N03_004":"鴨川市","N03_005":null,"N03_007":"12223"}},
{"type":"Feature","geometry":null,"properties":{"N03_001":"千葉県","N03_002":null,"N03_003":null,"N03_004":"鴨川市","N03_005":null,"N03_007":"12223"}},
{"type":"Feature","geometry":null,"properties":{"N03_001":"千葉県","N03_002":null,"N03_003":null,"N03_004":"鴨川市","N03_005":null,"N03_007":"12223"}},
{"type":"Feature","geometry":null,"properties":{"N03_001":"千葉県","N03_002":null,"N03_003":null,"N03_004":"鴨川市","N03_005":null,"N03_007":"12223"}},
{"type":"Feature","geometry":null,"properties":{"N03_001":"千葉県","N03_002":null,"N03_003":null,"N03_004":"鴨川市","N03_005":null,"N03_007":"12223"}},
{"type":"Feature","geometry":null,"properties":{"N03_001":"千葉県","N03_002":null,"N03_003":null,"N03_004":"鴨川市","N03_005":null,"N03_007":"12223"}},
{"type":"Feature","geometry":null,"properties":{"N03_001":"千葉県","N03_002":null,"N03_003":null,"N03_004":"鴨川市","N03_005":null,"N03_007":"12223"}},
{"type":"Feature","geometry":null,"properties":{"N03_001":"千葉県","N03_002":null,"N03_003":null,"N03_004":"鴨川市","N03_005":null,"N03_007":"12223"}},
{"type":"Feature","geometry":null,"properties":{"N03_001":"千葉県","N03_002":null,"N03_003":null,"N03_004":"鴨川市","N03_005":null,"N03_007":"12223"}},
{"type":"Feature","geometry":null,"properties":{"N03_001":"千葉県","N03_002":null,"N03_003":null,"N03_004":"鴨川市","N03_005":null,"N03_007":"12223"}},
{"type":"Feature","geometry":null,"properties":{"N03_001":"千葉県","N03_002":null,"N03_003":null,"N03_004":"鴨川市","N03_005":null,"N03_007":"12223"}},
{"type":"Feature","geometry":null,"properties":{"N03_001":"千葉県","N03_002":null,"N03_003":null,"N03_004":"鴨川市","N03_005":null,"N03_007":"12223"}},
{"type":"Feature","geometry":null,"properties":{"N03_001":"千葉県","N03_002":null,"N03_003":null,"N03_004":"鴨川市","N03_005":null,"N03_007":"12223"}},
{"type":"Feature","geometry":null,"properties":{"N03_001":"千葉県","N03_002":null,"N03_003":null,"N03_004":"鴨川市","N03_005":null,"N03_007":"12223"}},
{"type":"Feature","geometry":null,"properties":{"N03_001":"千葉県","N03_002":null,"N03_003":null,"N03_004":"鴨川市","N03_005":null,"N03_007":"12223"}},
{"type":"Feature","geometry":null,"properties":{"N03_001":"千葉県","N03_002":null,"N03_003":null,"N03_004":"鴨川市","N03_005":null,"N03_007":"12223"}},
{"type":"Feature","geometry":null,"properties":{"N03_001":"千葉県","N03_002":null,"N03_003":null,"N03_004":"鴨川市","N03_005":null,"N03_007":"12223"}},
{"type":"Feature","geometry":null,"properties":{"N03_001":"千葉県","N03_002":null,"N03_003":null,"N03_004":"鴨川市","N03_005":null,"N03_007":"12223"}},
{"type":"Feature","geometry":null,"properties":{"N03_001":"千葉県","N03_002":null,"N03_003":null,"N03_004":"鴨川市","N03_005":null,"N03_007":"12223"}},
{"type":"Feature","geometry":null,"properties":{"N03_001":"千葉県","N03_002":null,"N03_003":null,"N03_004":"鴨川市","N03_005":null,"N03_007":"12223"}},
{"type":"Feature","geometry":null,"properties":{"N03_001":"千葉県","N03_002":null,"N03_003":null,"N03_004":"鴨川市","N03_005":null,"N03_007":"12223"}},
{"type":"Feature","geometry":null,"properties":{"N03_001":"千葉県","N03_002":null,"N03_003":null,"N03_004":"鴨川市","N03_005":null,"N03_007":"12223"}},
{"type":"Feature","geometry":null,"properties":{"N03_001":"千葉県","N03_002":null,"N03_003":null,"N03_004":"鴨川市","N03_005":null,"N03_007":"12223"}},
{"type":"Feature","geometry":null,"properties":{"N03_001":"千葉県","N03_002":null,"N03_003":null,"N03_004":"鴨川市","N03_005":null,"N03_007":"12223"}},
{"type":"Feature","geometry":null,"properties":{"N03_001":"千葉県","N03_002":null,"N03_003":null,"N03_004":"鴨川市","N03_005":null,"N03_007":"12223"}},
{"type":"Feature","geometry":null,"properties":{"N03_001":"千葉県","N03_002":null,"N03_003":null,"N03_004":"鴨川市","N03_005":null,"N03_007":"12223"}},
{"type":"Feature","geometry":null,"properties":{"N03_001":"千葉県","N03_002":null,"N03_003":null,"N03_004":"鴨川市","N03_005":null,"N03_007":"12223"}},
{"type":"Feature","geometry":null,"properties":{"N03_001":"千葉県","N03_002":null,"N03_003":null,"N03_004":"鴨川市","N03_005":null,"N03_007":"12223"}},
{"type":"Feature","geometry":null,"properties":{"N03_001":"千葉県","N03_002":null,"N03_003":null,"N03_004":"鴨川市","N03_005":null,"N03_007":"12223"}},
{"type":"Feature","geometry":null,"properties":{"N03_001":"千葉県","N03_002":null,"N03_003":null,"N03_004":"鴨川市","N03_005":null,"N03_007":"12223"}},
{"type":"Feature","geometry":null,"properties":{"N03_001":"千葉県","N03_002":null,"N03_003":null,"N03_004":"鴨川市","N03_005":null,"N03_007":"12223"}},
{"type":"Feature","geometry":null,"properties":{"N03_001":"千葉県","N03_002":null,"N03_003":null,"N03_004":"鴨川市","N03_005":null,"N03_007":"12223"}},
{"type":"Feature","geometry":null,"properties":{"N03_001":"千葉県","N03_002":null,"N03_003":null,"N03_004":"鴨川市","N03_005":null,"N03_007":"12223"}},
{"type":"Feature","geometry":null,"properties":{"N03_001":"千葉県","N03_002":null,"N03_003":null,"N03_004":"鴨川市","N03_005":null,"N03_007":"12223"}},
{"type":"Feature","geometry":null,"properties":{"N03_001":"千葉県","N03_002":null,"N03_003":null,"N03_004":"鴨川市","N03_005":null,"N03_007":"12223"}},
{"type":"Feature","geometry":null,"properties":{"N03_001":"千葉県","N03_002":null,"N03_003":null,"N03_004":"鴨川市","N03_005":null,"N03_007":"12223"}},
{"type":"Feature","geometry":null,"properties":{"N03_001":"千葉県","N03_002":null,"N03_003":null,"N03_004":"鴨川市","N03_005":null,"N03_007":"12223"}},
{"type":"Feature","geometry":null,"properties":{"N03_001":"千葉県","N03_002":null,"N03_003":null,"N03_004":"鴨川市","N03_005":null,"N03_007":"12223"}},
{"type":"Feature","geometry":null,"properties":{"N03_001":"千葉県","N03_002":null,"N03_003":null,"N03_004":"鴨川市","N03_005":null,"N03_007":"12223"}},
{"type":"Feature","geometry":null,"properties":{"N03_001":"千葉県","N03_002":null,"N03_003":null,"N03_004":"鴨川市","N03_005":null,"N03_007":"12223"}},
{"type":"Feature","geometry":null,"properties":{"N03_001":"千葉県","N03_002":null,"N03_003":null,"N03_004":"鴨川市","N03_005":null,"N03_007":"12223"}},
{"type":"Feature","geometry":null,"properties":{"N03_001":"千葉県","N03_002":null,"N03_003":null,"N03_004":"鴨川市","N03_005":null,"N03_007":"12223"}},
{"type":"Feature","geometry":null,"properties":{"N03_001":"千葉県","N03_002":null,"N03_003":null,"N03_004":"鴨川市","N03_005":null,"N03_007":"12223"}},
{"type":"Feature","geometry":null,"properties":{"N03_001":"千葉県","N03_002":null,"N03_003":null,"N03_004":"鴨川市","N03_005":null,"N03_007":"12223"}},
{"type":"Feature","geometry":null,"properties":{"N03_001":"千葉県","N03_002":null,"N03_003":null,"N03_004":"鴨川市","N03_005":null,"N03_007":"12223"}},
{"type":"Feature","geometry":null,"properties":{"N03_001":"千葉県","N03_002":null,"N03_003":null,"N03_004":"鴨川市","N03_005":null,"N03_007":"12223"}},
{"type":"Feature","geometry":null,"properties":{"N03_001":"千葉県","N03_002":null,"N03_003":null,"N03_004":"鴨川市","N03_005":null,"N03_007":"12223"}},
{"type":"Feature","geometry":null,"properties":{"N03_001":"千葉県","N03_002":null,"N03_003":null,"N03_004":"鴨川市","N03_005":null,"N03_007":"12223"}},
{"type":"Feature","geometry":null,"properties":{"N03_001":"千葉県","N03_002":null,"N03_003":null,"N03_004":"鴨川市","N03_005":null,"N03_007":"12223"}},
{"type":"Feature","geometry":null,"properties":{"N03_001":"千葉県","N03_002":null,"N03_003":null,"N03_004":"鴨川市","N03_005":null,"N03_007":"12223"}},
{"type":"Feature","geometry":null,"properties":{"N03_001":"千葉県","N03_002":null,"N03_003":null,"N03_004":"鴨川市","N03_005":null,"N03_007":"12223"}},
{"type":"Feature","geometry":null,"properties":{"N03_001":"千葉県","N03_002":null,"N03_003":null,"N03_004":"鴨川市","N03_005":null,"N03_007":"12223"}},
{"type":"Feature","geometry":null,"properties":{"N03_001":"千葉県","N03_002":null,"N03_003":null,"N03_004":"鴨川市","N03_005":null,"N03_007":"12223"}},
{"type":"Feature","geometry":null,"properties":{"N03_001":"千葉県","N03_002":null,"N03_003":null,"N03_004":"鴨川市","N03_005":null,"N03_007":"12223"}},
{"type":"Feature","geometry":null,"properties":{"N03_001":"千葉県","N03_002":null,"N03_003":null,"N03_004":"鴨川市","N03_005":null,"N03_007":"12223"}},
{"type":"Feature","geometry":null,"properties":{"N03_001":"千葉県","N03_002":null,"N03_003":null,"N03_004":"鴨川市","N03_005":null,"N03_007":"12223"}},
{"type":"Feature","geometry":null,"properties":{"N03_001":"千葉県","N03_002":null,"N03_003":null,"N03_004":"鴨川市","N03_005":null,"N03_007":"12223"}},
{"type":"Feature","geometry":null,"properties":{"N03_001":"千葉県","N03_002":null,"N03_003":null,"N03_004":"鴨川市","N03_005":null,"N03_007":"12223"}},
{"type":"Feature","geometry":null,"properties":{"N03_001":"千葉県","N03_002":null,"N03_003":null,"N03_004":"鴨川市","N03_005":null,"N03_007":"12223"}},
{"type":"Feature","geometry":null,"properties":{"N03_001":"千葉県","N03_002":null,"N03_003":null,"N03_004":"鴨川市","N03_005":null,"N03_007":"12223"}},
{"type":"Feature","geometry":null,"properties":{"N03_001":"千葉県","N03_002":null,"N03_003":null,"N03_004":"鴨川市","N03_005":null,"N03_007":"12223"}},
{"type":"Feature","geometry":null,"properties":{"N03_001":"千葉県","N03_002":null,"N03_003":null,"N03_004":"鴨川市","N03_005":null,"N03_007":"12223"}},
{"type":"Feature","geometry":null,"properties":{"N03_001":"千葉県","N03_002":null,"N03_003":null,"N03_004":"鴨川市","N03_005":null,"N03_007":"12223"}},
{"type":"Feature","geometry":null,"properties":{"N03_001":"千葉県","N03_002":null,"N03_003":null,"N03_004":"鴨川市","N03_005":null,"N03_007":"12223"}},
{"type":"Feature","geometry":null,"properties":{"N03_001":"千葉県","N03_002":null,"N03_003":null,"N03_004":"鴨川市","N03_005":null,"N03_007":"12223"}},
{"type":"Feature","geometry":null,"properties":{"N03_001":"千葉県","N03_002":null,"N03_003":null,"N03_004":"鴨川市","N03_005":null,"N03_007":"12223"}},
{"type":"Feature","geometry":null,"properties":{"N03_001":"千葉県","N03_002":null,"N03_003":null,"N03_004":"鴨川市","N03_005":null,"N03_007":"12223"}},
{"type":"Feature","geometry":{"type":"Polygon","coordinates":[[[140.018890078,35.783492027],[140.017045616,35.781215081],[140.019537886,35.785762865],[140.02029847,35.788063694],[140.019731245,35.788912279],[140.020947639,35.788830892],[140.024635188,35.792173081],[140.028203839,35.797132802],[140.028360726,35.798958333],[140.027281167,35.798837694],[140.022540506,35.796082532],[140.016996031,35.795392279],[140.01649214,35.795731721],[140.019995772,35.795854198],[140.019898275,35.796667532],[140.018974112,35.797702252],[140.015033554,35.799453387],[140.013224112,35.800778946],[140.007699663,35.803159775],[140.001930195,35.803928946],[140.000042412,35.802750919],[139.999772672,35.801612586],[139.998867951,35.801408973],[139.998011829,35.800603973],[139.997114864,35.799602306],[139.995410143,35.798777027],[139.995245668,35.798183171],[139.994229001,35.797802054],[139.99552345,35.797839],[139.996747613,35.797133171],[139.999313165,35.796768135],[139.999940947,35.795574802],[140.000817613,35.795358414],[140.001220117,35.794746748],[140.000472023,35.793519],[140.00060869,35.792726225],[140.001364527,35.792337333],[140.000678145,35.791542054],[140.000930337,35.790946775],[139.996829196,35.787709279],[139.994495006,35.787432054],[139.991628612,35.788997919],[139.991421414,35.790024838],[139.988965006,35.790755973],[139.985814449,35.789843198],[139.984602192,35.78846736],[139.980465811,35.788795414],[139.978787717,35.787612919],[139.978238833,35.787796802],[139.977217691,35.786465441],[139.976959364,35.786964892],[139.971234358,35.787846838],[139.97131489,35.786322667],[139.968410441,35.786308505],[139.968668418,35.778191586],[139.972545914,35.778351279],[139.972936783,35.780157387],[139.984319559,35.776165441],[139.983650636,35.773391559],[139.977012283,35.774482108],[139.976303385,35.774438775],[139.975945058,35.773845441],[139.974449689,35.76588464],[139.974588249,35.761049919],[139.973941284,35.760111306],[139.972590169,35.759612694],[139.9710207,35.757501054],[139.971339001,35.754651613],[139.973389559,35.754657441],[139.973374527,35.753769387],[139.974127056,35.754182171],[139.974838145,35.753231306],[139.974825642,35.751610775],[139.971812827,35.751147441],[139.971992283,35.750192721],[139.972943671,35.749789387],[139.972843087,35.748778],[139.979175616,35.749680468],[139.983126226,35.752478532],[139.983061479,35.751161027],[139.985166161,35.747307694],[139.982851971,35.744852973],[139.984337523,35.746322414],[139.98536061,35.746693252],[139.987830856,35.745078225],[139.988450311,35.743809892],[139.993138911,35.741781838],[139.999455084,35.744079027],[140.002392581,35.74314236],[140.005650363,35.742799279],[140.006986744,35.743437892],[140.006432023,35.742461225],[140.008376719,35.740816225],[140.009178392,35.738523414],[140.009906978,35.738195081],[140.011962555,35.739395919],[140.013166161,35.739534532],[140.013450363,35.74008564],[140.012395914,35.740013135],[140.009799222,35.738882306],[140.008820636,35.741328171],[140.007860921,35.741429559],[140.006763969,35.742682892],[140.00792511,35.743712892],[140.008951777,35.743495946],[140.008002607,35.744126505],[140.007836783,35.744971225],[140.008393774,35.748179559],[140.013007419,35.750492586],[140.018026939,35.754644802],[140.019004475,35.756112306],[140.01898725,35.756829532],[140.015823359,35.757591748],[140.016073917,35.758294802],[140.013836135,35.759220667],[140.014383385,35.760820667],[140.022514553,35.762027865],[140.022586744,35.760034775],[140.0229662,35.760034775],[140.023979001,35.761693946],[140.02884489,35.764450613],[140.027707108,35.764649775],[140.025294578,35.763316721],[140.023901245,35.763909775],[140.022543774,35.765132027],[140.021033476,35.765489532],[140.016300973,35.76674064],[140.01518572,35.767946225],[140.016281855,35.771474532],[140.018154695,35.774342586],[140.020044968,35.774171198],[140.021621673,35.775835919],[140.027553969,35.780336171],[140.022316161,35.780535081],[140.018890078,35.783492027]],[[139.994039079,35.755362108],[139.996222944,35.75218764],[139.997598197,35.75120764],[139.999532361,35.750585694],[139.998933748,35.748962919],[139.998364864,35.748971252],[139.996513995,35.747403468],[139.998131997,35.744059586],[139.995563087,35.742745694],[139.992786693,35.742399333],[139.989101141,35.744584613],[139.986833113,35.746929333],[139.985762581,35.749580748],[139.986351193,35.750076865],[139.985411505,35.751741586],[139.988891505,35.751744333],[139.990609027,35.753231279],[139.991628781,35.755206279],[139.994039079,35.755362108]],[[139.981751219,35.75209964],[139.980913411,35.751557694],[139.980701751,35.752056865],[139.980188495,35.751960973],[139.979350636,35.751521306],[139.979176615,35.750896054],[139.977969533,35.751708252],[139.977939274,35.75366436],[139.982581219,35.752562135],[139.981751219,35.75209964]]]},"properties":{"N03_001":"千葉県","N03_002":null,"N03_003":null,"N03_004":"鎌ケ谷市","N03_005":null,"N03_007":"12224"}},
{"type":"Feature","geometry":{"type":"Polygon","coordinates":[[[139.887519663,35.361489649],[139.882711699,35.361275541],[139.864389507,35.367060369],[139.86308192,35.367065288],[139.845931025,35.375341423],[139.839132218,35.367288036],[139.841493645,35.364216676],[139.851747406,35.358285378],[139.858186096,35.349426595],[139.858767432,35.349685991],[139.859551997,35.348606288],[139.857717795,35.347356216],[139.855059689,35.350800694],[139.85756987,35.347280072],[139.854797977,35.346783198],[139.854462853,35.34721936],[139.854811621,35.347610252],[139.854346719,35.34737064],[139.853759948,35.348134514],[139.85578904,35.349180171],[139.85469061,35.350610378],[139.85215751,35.349313108],[139.855546446,35.34470236],[139.858270337,35.342593198],[139.85810061,35.342026802],[139.859345058,35.341500973],[139.860813385,35.341529586],[139.860381725,35.343119559],[139.860381725,35.343563441],[139.860803113,35.343563441],[139.861757004,35.340739586],[139.861053385,35.339766802],[139.861479494,35.339654586],[139.861333087,35.338715414],[139.864035577,35.338189027],[139.864608949,35.339032919],[139.865274189,35.337738198],[139.865675863,35.337770973],[139.865788638,35.336617919],[139.864701699,35.334641279],[139.864546667,35.333207946],[139.864771115,35.331991279],[139.865617224,35.33082936],[139.867553333,35.329525198],[139.870192776,35.329820721],[139.872590272,35.328417387],[139.873451089,35.327244919],[139.875798301,35.326383532],[139.875698859,35.325357414],[139.87745275,35.324446865],[139.879645227,35.321411865],[139.880755227,35.321475748],[139.880974112,35.320560198],[139.882575227,35.319999919],[139.884759922,35.314934946],[139.887057419,35.312585225],[139.888357912,35.304982775],[139.888367613,35.302075],[139.890027328,35.301216108],[139.89231345,35.301213892],[139.89408428,35.300120838],[139.896129831,35.299791108],[139.897861245,35.300156667],[139.898713995,35.299022505],[139.900315383,35.298382225],[139.900333139,35.295375306],[139.9022662,35.294750306],[139.902710078,35.293069468],[139.901969248,35.291732252],[139.902220895,35.290419198],[139.904036719,35.28916864],[139.905473943,35.289502802],[139.906119494,35.289063919],[139.90721978,35.289029468],[139.907831997,35.288437802],[139.908998106,35.288639198],[139.911170895,35.288191414],[139.911150856,35.285250613],[139.910121699,35.283725613],[139.910155577,35.281857279],[139.912414449,35.28018564],[139.912247782,35.278890081],[139.914775253,35.275010919],[139.916186913,35.27452064],[139.916578003,35.272129559],[139.918278833,35.271411505],[139.918755227,35.270760108],[139.920558275,35.271099279],[139.922876057,35.270777054],[139.924361336,35.268794279],[139.925304669,35.268483171],[139.927131051,35.268713441],[139.929824916,35.266813721],[139.930868249,35.266820108],[139.932316861,35.265217333],[139.934165473,35.266050667],[139.935921025,35.266297333],[139.936650752,35.265605108],[139.936388521,35.264198171],[139.93700572,35.262506225],[139.936609883,35.261274306],[139.940412114,35.262185108],[139.941549339,35.262066775],[139.944486835,35.263375108],[139.945440999,35.262725946],[139.946418495,35.260205108],[139.948423502,35.260287054],[139.949759585,35.259504279],[139.95082489,35.260098171],[139.952073217,35.260066225],[139.952365422,35.259503441],[139.954327082,35.258537333],[139.954201245,35.257275667],[139.956203748,35.257182892],[139.955434553,35.253224279],[139.951189831,35.25304764],[139.949167613,35.252147919],[139.948591479,35.251075973],[139.949113113,35.246093505],[139.951905616,35.246118748],[139.951314501,35.243808775],[139.952197808,35.240681838],[139.953277808,35.240381],[139.955469196,35.242067081],[139.955982529,35.24184736],[139.956177808,35.24244764],[139.957662529,35.242634865],[139.958064189,35.243412919],[139.958845305,35.243065414],[139.960903385,35.244081225],[139.965168638,35.241597054],[139.966543891,35.239653171],[139.969684449,35.239816505],[139.970235551,35.238446775],[139.971336109,35.238315387],[139.976050311,35.242168108],[139.976039196,35.243177279],[139.974339754,35.244213387],[139.972810856,35.244607027],[139.973034189,35.245092279],[139.973896161,35.245670613],[139.975313113,35.245432279],[139.976734228,35.245808667],[139.978085032,35.243911721],[139.976858885,35.240521441],[139.976763606,35.238602586],[139.977607756,35.237163973],[139.977175811,35.235382865],[139.977988859,35.234746198],[139.977695499,35.233331198],[139.979157445,35.231523414],[139.979040467,35.228953721],[139.980016589,35.227989279],[139.979977419,35.227253721],[139.978446861,35.226366505],[139.97760572,35.225288441],[139.977282114,35.223488198],[139.979460415,35.220555135],[139.979312918,35.217528468],[139.979673165,35.216910973],[139.981685668,35.216231532],[139.984030947,35.214597081],[139.984262023,35.213677919],[139.982613696,35.210210721],[139.984653671,35.207644333],[139.986375616,35.206607667],[139.986400337,35.203788225],[139.989135525,35.201166802],[139.990816978,35.200705441],[139.993129442,35.196564919],[139.995946641,35.195756838],[139.997368275,35.192505198],[139.997066057,35.187514667],[139.995782049,35.186249279],[139.995729948,35.184104667],[139.996236031,35.182827468],[139.99594214,35.180658865],[139.996757691,35.179558586],[139.999092361,35.17830964],[139.999182944,35.176312748],[139.998695499,35.175485721],[139.998964332,35.174070279],[140.000824254,35.172514721],[140.000859883,35.171422505],[139.99925655,35.168251973],[139.998333165,35.167607108],[139.999397082,35.165232279],[139.998090973,35.163088387],[139.997899585,35.160599252],[139.995716252,35.160592027],[139.993513774,35.159904802],[139.992684617,35.159209838],[139.99276489,35.158171775],[139.993648197,35.157009838],[139.992965422,35.155542613],[139.998359001,35.155244],[140.000793995,35.155862027],[140.001717328,35.15481536],[140.004788444,35.153998135],[140.006031751,35.155534252],[140.007618418,35.155477279],[140.008800506,35.156543802],[140.010050078,35.155345613],[140.015325331,35.153864225],[140.015963385,35.15488864],[140.01668061,35.154730586],[140.018387276,35.15536336],[140.020135616,35.156801946],[140.022112283,35.159985532],[140.026103943,35.162133838],[140.027823671,35.162518],[140.029415888,35.164342694],[140.031047523,35.164267135],[140.031058911,35.162738532],[140.031564475,35.161813532],[140.032924189,35.160761586],[140.033349196,35.159421892],[140.034706135,35.158985505],[140.036958911,35.15912936],[140.037855863,35.158814919],[140.038402802,35.159371865],[140.040765006,35.159829892],[140.043246667,35.161923468],[140.046493606,35.161459865],[140.046701388,35.160660694],[140.048893891,35.160354027],[140.050293606,35.160704559],[140.051004721,35.161566505],[140.051879728,35.161414],[140.053476109,35.162087586],[140.054169728,35.163252306],[140.054344721,35.165363135],[140.056830246,35.166076721],[140.062059416,35.165724468],[140.063148029,35.167491108],[140.065094423,35.168021108],[140.065597756,35.16987164],[140.066253865,35.16987164],[140.067353307,35.170902748],[140.06810856,35.17104636],[140.067989105,35.171649973],[140.069609948,35.172890775],[140.070268003,35.174042171],[140.071661608,35.173494919],[140.073128833,35.174482694],[140.07474022,35.174547694],[140.075342438,35.175392108],[140.078090506,35.174107387],[140.078289948,35.172894081],[140.080216744,35.172234748],[140.081052996,35.172497667],[140.081426615,35.171983775],[140.082762166,35.171642387],[140.084338275,35.172009198],[140.085371362,35.171003225],[140.086872088,35.170897108],[140.087725253,35.170033225],[140.089317471,35.169551838],[140.090931582,35.168351532],[140.092150272,35.169368414],[140.095948054,35.170598198],[140.096021115,35.172090946],[140.095576809,35.172648279],[140.0964638,35.173960333],[140.095988664,35.175226802],[140.096644643,35.17764164],[140.097730143,35.178582171],[140.098895525,35.178758387],[140.098980246,35.179965838],[140.100800467,35.180993225],[140.101631284,35.180719802],[140.103486667,35.181656135],[140.104470558,35.181118838],[140.104958054,35.180209505],[140.106742802,35.179976171],[140.109053359,35.180711973],[140.110149754,35.179481135],[140.112190337,35.180378919],[140.113668392,35.180019748],[140.114809222,35.180612802],[140.115642581,35.181988919],[140.116222866,35.181970838],[140.117253411,35.184769721],[140.118359533,35.184941108],[140.118513411,35.187687468],[140.119839274,35.189090532],[140.12013511,35.190484135],[140.121110947,35.190889135],[140.123286252,35.189533306],[140.12513489,35.189825802],[140.12664572,35.188992198],[140.127708223,35.189139135],[140.129768521,35.188459135],[140.132694669,35.18988164],[140.132193281,35.190176613],[140.133755227,35.189900775],[140.134747198,35.190821892],[140.135511634,35.190198279],[140.137678054,35.190116054],[140.138986939,35.191081054],[140.142302244,35.189987721],[140.14486725,35.187224387],[140.145742802,35.185413865],[140.148059222,35.186476054],[140.15050786,35.185995505],[140.150799805,35.185307171],[140.150398418,35.184035252],[140.152698418,35.182789135],[140.154159805,35.18128664],[140.155382049,35.181122198],[140.157246498,35.182274946],[140.159234306,35.181212441],[140.16126847,35.181243],[140.162187977,35.183105081],[140.160574086,35.186390892],[140.159665136,35.187284667],[140.159853502,35.189699946],[140.158700143,35.190636946],[140.158584617,35.191523532],[140.157738145,35.191911667],[140.15523834,35.195346865],[140.155607224,35.197056973],[140.156396005,35.198139081],[140.155307393,35.19896936],[140.154183191,35.198371027],[140.153225966,35.199738532],[140.152847951,35.203718802],[140.151727393,35.204408252],[140.152441556,35.206501306],[140.151311556,35.206933225],[140.149732918,35.206773505],[140.148471777,35.207538613],[140.148169883,35.212039333],[140.146530441,35.213935171],[140.145165447,35.216605721],[140.143522672,35.217905721],[140.143989364,35.219422108],[140.143221051,35.220543054],[140.142708249,35.222881838],[140.141966031,35.222890441],[140.141316589,35.223433748],[140.139643839,35.225992919],[140.139351894,35.227873468],[140.141544695,35.229138198],[140.141236939,35.231205135],[140.139962776,35.231425694],[140.139048054,35.23328236],[140.137555006,35.23417764],[140.137405577,35.236045414],[140.136641141,35.237380414],[140.135859754,35.237445135],[140.135007224,35.236686532],[140.133792503,35.236860667],[140.132185551,35.237971775],[140.132694189,35.240367892],[140.131412244,35.241212333],[140.130165746,35.243382414],[140.129251725,35.243418171],[140.127547004,35.244462613],[140.125173645,35.243944838],[140.123911725,35.246157613],[140.124361725,35.246863171],[140.122212555,35.24769564],[140.123053411,35.249486198],[140.122828223,35.253642586],[140.120599339,35.255486198],[140.119792477,35.260373973],[140.118709416,35.261549775],[140.118450272,35.263392279],[140.120050895,35.266257],[140.119296719,35.266989225],[140.118869805,35.267997279],[140.119090661,35.269252],[140.117286524,35.272767532],[140.11861572,35.27385364],[140.118257977,35.276156973],[140.119550311,35.281357802],[140.120293359,35.282576414],[140.117488975,35.285793054],[140.117237328,35.286798613],[140.114749001,35.288323892],[140.114307639,35.289156667],[140.114956252,35.290013054],[140.11640572,35.290250559],[140.116292387,35.291088613],[140.115215473,35.292003027],[140.114881608,35.294200532],[140.116274137,35.296696919],[140.115511388,35.297849694],[140.117042283,35.301183279],[140.116639248,35.302315775],[140.117281193,35.303337171],[140.117029831,35.304458],[140.11769847,35.305343838],[140.120558197,35.305638559],[140.122045162,35.307168586],[140.122578249,35.310277171],[140.122141362,35.313710775],[140.118825837,35.314823802],[140.118123917,35.316177135],[140.11336083,35.313815721],[140.109903606,35.314246559],[140.108787756,35.312963505],[140.107701608,35.312570441],[140.105141362,35.314077667],[140.105260558,35.316259892],[140.10436917,35.317221559],[140.101459728,35.317365721],[140.101471699,35.320620171],[140.102670584,35.320582108],[140.104571971,35.319831838],[140.106195305,35.319883225],[140.10790808,35.318962387],[140.109146719,35.319192108],[140.107644501,35.320670171],[140.106330337,35.323078775],[140.10392061,35.324311279],[140.104168975,35.326101306],[140.103497588,35.327001027],[140.101365914,35.326767973],[140.09999869,35.328431586],[140.098306744,35.328557135],[140.097897004,35.327072973],[140.097196719,35.32695936],[140.095852555,35.328690198],[140.094821997,35.328235468],[140.093925058,35.32831936],[140.09266144,35.330401865],[140.090077004,35.330850468],[140.091938145,35.333756892],[140.090105084,35.333823559],[140.089382309,35.335062171],[140.087689533,35.336288279],[140.08770594,35.337064667],[140.086980117,35.337896333],[140.084700389,35.338400505],[140.083062918,35.343788],[140.083327108,35.345846892],[140.084037665,35.346917171],[140.083014332,35.347079387],[140.082115422,35.345785775],[140.079541245,35.34584136],[140.081188755,35.345054387],[140.081461803,35.344079387],[140.080994034,35.344933279],[140.079345136,35.345545252],[140.078920973,35.346439973],[140.077614034,35.346855532],[140.076922361,35.346774973],[140.077126809,35.345978027],[140.075257912,35.346588306],[140.073555668,35.345374135],[140.07161511,35.345509694],[140.070619559,35.345852468],[140.070048444,35.346747468],[140.069093722,35.346803306],[140.065503191,35.349832225],[140.064308444,35.349924721],[140.061835668,35.351079441],[140.060912607,35.350911946],[140.058703476,35.354328054],[140.0574793,35.354152775],[140.056279027,35.354544721],[140.056103748,35.355431387],[140.055215136,35.355639721],[140.053152361,35.355615838],[140.051596809,35.35534836],[140.051699274,35.352035865],[140.048582023,35.352019748],[140.048991479,35.350797252],[140.046580636,35.35067336],[140.048418949,35.348735306],[140.048161725,35.348080865],[140.046696446,35.34754336],[140.044265577,35.348332802],[140.043545305,35.34746864],[140.043641699,35.34588864],[140.043243333,35.345225865],[140.044991388,35.343128081],[140.04533192,35.341937802],[140.044451089,35.340719225],[140.042612438,35.339549505],[140.043967445,35.338517279],[140.043622724,35.337661171],[140.041032724,35.338228667],[140.041794643,35.335927559],[140.038211829,35.334643387],[140.036631556,35.334883108],[140.03577655,35.333891198],[140.033050415,35.333183973],[140.028881505,35.33034036],[140.026649248,35.329977892],[140.023328975,35.330460667],[140.021410921,35.329962892],[140.020802827,35.328820946],[140.021327834,35.325980387],[140.021156978,35.323957081],[140.020029442,35.321856532],[140.019245551,35.321503748],[140.016367445,35.318388775],[140.016113554,35.317011838],[140.016573281,35.316079892],[140.015506005,35.313466559],[140.013937108,35.312686559],[140.012844916,35.314773225],[140.010934643,35.315928775],[140.010238003,35.319016279],[140.008910532,35.319859613],[140.008338586,35.320936559],[140.007441362,35.321091559],[140.007470532,35.321991838],[140.005117224,35.325482108],[140.004905032,35.326836],[140.001530337,35.330985171],[140.001223411,35.333098775],[140.001430584,35.327331279],[140.001111971,35.326974054],[139.999815863,35.327298775],[139.997973891,35.325611865],[139.997720246,35.322376027],[139.99809939,35.32073964],[139.99728022,35.31773736],[139.997562581,35.317080198],[139.996781634,35.317702802],[139.996078366,35.317284586],[139.997021284,35.315559387],[139.996358807,35.315902532],[139.996040973,35.315663559],[139.994629585,35.316815775],[139.991932724,35.31751736],[139.990013645,35.319733802],[139.987628003,35.317603775],[139.986070467,35.319483559],[139.984299364,35.319769108],[139.983677419,35.319338306],[139.982807393,35.316997468],[139.981395162,35.31657636],[139.980894034,35.315128027],[139.979413502,35.317362468],[139.978579339,35.317211919],[139.97757572,35.318018027],[139.975807665,35.318593027],[139.973870726,35.318313333],[139.973439364,35.320863586],[139.972265772,35.322507468],[139.965683281,35.327017748],[139.964272776,35.331527171],[139.957478586,35.331495532],[139.954812996,35.330334694],[139.954195227,35.330534694],[139.953379079,35.329864135],[139.951719079,35.329726387],[139.951074358,35.330804694],[139.948794112,35.332237468],[139.948754942,35.333120802],[139.948118275,35.333492468],[139.946618807,35.332483027],[139.945791582,35.332760559],[139.945778521,35.333374414],[139.940514358,35.33608164],[139.939221582,35.335649973],[139.938506031,35.337733027],[139.936941855,35.336748865],[139.937711025,35.337746081],[139.937229079,35.338281919],[139.935735188,35.337178306],[139.934466861,35.337448027],[139.933757419,35.336993892],[139.933357419,35.33768636],[139.932421025,35.337544973],[139.932266031,35.338266919],[139.931702412,35.338453027],[139.929929339,35.336458892],[139.930477665,35.337241946],[139.929822672,35.337612225],[139.929739922,35.338500532],[139.928315447,35.338568054],[139.928058495,35.337910559],[139.92769406,35.338819171],[139.92666406,35.339294135],[139.926465447,35.338467225],[139.927252114,35.33686],[139.926465447,35.337497505],[139.924889053,35.337484441],[139.924433502,35.338331946],[139.922926278,35.337972505],[139.920744332,35.340503892],[139.920081829,35.340354721],[139.919568223,35.339459721],[139.918753774,35.340361387],[139.918513476,35.339405559],[139.917702088,35.339418892],[139.917271245,35.338923892],[139.916076252,35.340057775],[139.914494578,35.340697225],[139.913724578,35.339930838],[139.913024864,35.340341946],[139.9132607,35.339378613],[139.911824034,35.340457225],[139.911532361,35.339241108],[139.909418171,35.338941414],[139.908888171,35.337802532],[139.90566428,35.338371694],[139.904610636,35.335212838],[139.90023703,35.337329225],[139.898888145,35.337370613],[139.89944786,35.33901836],[139.898446226,35.339701694],[139.898754553,35.341860306],[139.897821505,35.343793892],[139.897345422,35.347081108],[139.89545847,35.348659694],[139.887519663,35.361489649]]]},"properties":{"N03_001":"千葉県","N03_002":null,"N03_003":null,"N03_004":"君津市","N03_005":null,"N03_007":"12225"}},
{"type":"Feature","geometry":{"type":"Polygon","coordinates":[[[139.857059494,35.341611802],[139.855996719,35.342590973],[139.855824228,35.341949027],[139.853884773,35.341013225],[139.855731167,35.340849865],[139.855624747,35.340218775],[139.856594747,35.340033775],[139.857059494,35.341611802]]]},"properties":{"N03_001":"千葉県","N03_002":null,"N03_003":null,"N03_004":"君津市","N03_005":null,"N03_007":"12225"}},
{"type":"Feature","geometry":null,"properties":{"N03_001":"千葉県","N03_002":null,"N03_003":null,"N03_004":"君津市","N03_005":null,"N03_007":"12225"}},
{"type":"Feature","geometry":null,"properties":{"N03_001":"千葉県","N03_002":null,"N03_003":null,"N03_004":"君津市","N03_005":null,"N03_007":"12225"}},
{"type":"Feature","geometry":{"type":"Polygon","coordinates":[[[139.858333333,35.339535532],[139.858793113,35.340274306],[139.858066446,35.34016236],[139.858333333,35.339535532]]]},"properties":{"N03_001":"千葉県","N03_002":null,"N03_003":null,"N03_004":"君津市","N03_005":null,"N03_007":"12225"}},
{"type":"Feature","geometry":null,"properties":{"N03_001":"千葉県","N03_002":null,"N03_003":null,"N03_004":"君津市","N03_005":null,"N03_007":"12225"}},
{"type":"Feature","geometry":null,"properties":{"N03_001":"千葉県","N03_002":null,"N03_003":null,"N03_004":"君津市","N03_005":null,"N03_007":"12225"}},
{"type":"Feature","geometry":null,"properties":{"N03_001":"千葉県","N03_002":null,"N03_003":null,"N03_004":"君津市","N03_005":null,"N03_007":"12225"}},
{"type":"Feature","geometry":{"type":"Polygon","coordinates":[[[139.85215751,35.349313108],[139.847089507,35.346800811],[139.837765616,35.358939063],[139.824050506,35.345514189],[139.822153696,35.346217685],[139.821686719,35.347325937],[139.822048729,35.346256162],[139.821673995,35.346344018],[139.824002763,35.345460369],[139.822941673,35.344293667],[139.826741933,35.339383694],[139.82639786,35.339205739],[139.826646732,35.338882595],[139.826752711,35.339369685],[139.827513619,35.338722279],[139.827642283,35.338208486],[139.827060078,35.338340324],[139.827904682,35.337867315],[139.824998936,35.336296676],[139.827940065,35.337871351],[139.828817665,35.336731721],[139.837092205,35.337803],[139.837585201,35.336661063],[139.837862205,35.336801036],[139.839251453,35.334956306],[139.840276096,35.334415757],[139.824404241,35.326312631],[139.824581349,35.326083685],[139.82327572,35.325414009],[139.823863606,35.324650099],[139.821270999,35.323310793],[139.820105759,35.324826694],[139.822701907,35.326168811],[139.82324297,35.326081414],[139.822703995,35.326180982],[139.818779429,35.331286243],[139.820008599,35.333775757],[139.82124978,35.334359919],[139.81999,35.333784045],[139.818738625,35.331265414],[139.821908612,35.327152369],[139.816502075,35.32403227],[139.818908755,35.320911126],[139.81574655,35.320015045],[139.816032023,35.31919173],[139.815972451,35.319492703],[139.818157626,35.320008432],[139.818480065,35.319588766],[139.817969351,35.319286459],[139.818603709,35.319430856],[139.818934617,35.319008126],[139.817139442,35.318604694],[139.816137562,35.318887063],[139.816219248,35.318490081],[139.817262036,35.318243324],[139.817028482,35.317467982],[139.817281077,35.318209973],[139.819307004,35.317786018],[139.819736148,35.316475117],[139.818569987,35.316201495],[139.818334721,35.316889342],[139.818351569,35.316184883],[139.816567575,35.315751054],[139.815999287,35.316431559],[139.815611038,35.315541162],[139.813766576,35.315156865],[139.813605071,35.316302919],[139.815078612,35.317577586],[139.815363398,35.31738355],[139.815076952,35.317611748],[139.815655344,35.318120685],[139.814725525,35.31874136],[139.812833943,35.317444441],[139.813277613,35.316048658],[139.809556848,35.31519091],[139.803442607,35.314404135],[139.785885019,35.313365396],[139.784707977,35.312777829],[139.783912944,35.312840342],[139.795987601,35.310626982],[139.815056693,35.305517748],[139.816723632,35.304510279],[139.81601441,35.302778901],[139.818663969,35.301819766],[139.819172581,35.302796072],[139.820028547,35.301924946],[139.819182036,35.302806532],[139.819672633,35.303737135],[139.821529767,35.303125532],[139.821223502,35.302510369],[139.821835032,35.303022793],[139.823649455,35.302427829],[139.823402114,35.301893982],[139.823702023,35.302400162],[139.826185875,35.301570477],[139.825898716,35.30099382],[139.825402477,35.301063919],[139.825916433,35.300890243],[139.825709754,35.300471613],[139.826020454,35.300929288],[139.827763567,35.300092486],[139.827350272,35.299529982],[139.825621245,35.300295198],[139.824541258,35.30018127],[139.825637873,35.300161964],[139.827271453,35.299352396],[139.828104851,35.300481739],[139.835156589,35.297749703],[139.842089922,35.294346054],[139.846884241,35.290939108],[139.85180118,35.286507378],[139.8529107,35.284778532],[139.853306563,35.282483694],[139.851581621,35.282052811],[139.852540921,35.282170207],[139.852382724,35.279806685],[139.851886161,35.279790982],[139.852368612,35.279667955],[139.850514747,35.279551495],[139.848954721,35.278360288],[139.850142335,35.279184396],[139.850773385,35.278957505],[139.850161025,35.279200351],[139.850536057,35.279527153],[139.852419611,35.279630171],[139.852080934,35.278718973],[139.851485824,35.278908901],[139.852049818,35.278671829],[139.851802322,35.277991559],[139.851119079,35.278276243],[139.851638249,35.277754144],[139.85112048,35.277177126],[139.850631569,35.277384883],[139.851081777,35.277142423],[139.850403165,35.276393432],[139.847711128,35.278463829],[139.847616861,35.279384928],[139.847641764,35.278442207],[139.846213398,35.277969117],[139.846924864,35.278118586],[139.848192049,35.276598892],[139.848945551,35.274604441],[139.848580921,35.273008],[139.846613139,35.271724748],[139.849916524,35.269399027],[139.857331556,35.263004694],[139.863529248,35.255404441],[139.864191245,35.254413721],[139.863903748,35.254177946],[139.864366472,35.254173613],[139.863588885,35.253861532],[139.866001167,35.250530559],[139.8670607,35.247541081],[139.866731089,35.247379721],[139.867076641,35.247475667],[139.868755305,35.24254364],[139.870739105,35.228592],[139.870498275,35.228112838],[139.868887562,35.228183586],[139.869282088,35.228090225],[139.869050752,35.223768414],[139.868158521,35.221255081],[139.867046835,35.219694252],[139.865110921,35.218613027],[139.863583865,35.219779613],[139.864975914,35.218576081],[139.863326498,35.21950436],[139.864658716,35.218497586],[139.863498781,35.218235108],[139.861485473,35.21934864],[139.863162192,35.218368225],[139.862572114,35.217694],[139.859833774,35.216921775],[139.85870153,35.215778171],[139.857061245,35.215699279],[139.854432633,35.214318468],[139.84822153,35.212954586],[139.847769001,35.211957081],[139.846602049,35.211725973],[139.845682335,35.210875135],[139.845922607,35.210599027],[139.845400947,35.210610441],[139.843919053,35.209885613],[139.845397523,35.210501468],[139.845184553,35.209400171],[139.844523995,35.208695441],[139.843217406,35.208399081],[139.843625616,35.209605468],[139.843372815,35.210121018],[139.843542283,35.209590919],[139.842864851,35.208369414],[139.842530052,35.208756721],[139.84250511,35.208356],[139.841729559,35.208434892],[139.83954703,35.207059892],[139.836849805,35.206513225],[139.834701751,35.204382973],[139.833531206,35.204626838],[139.833714436,35.205106775],[139.832093671,35.203960468],[139.829787834,35.203238802],[139.830408392,35.202353802],[139.829963165,35.202187613],[139.830320246,35.202013414],[139.829437834,35.200319919],[139.828614021,35.200401919],[139.828959663,35.199972901],[139.828552296,35.200338685],[139.82878939,35.20001927],[139.827383087,35.200017378],[139.827087756,35.199675225],[139.828465512,35.199950874],[139.827941699,35.199001333],[139.826363359,35.198246333],[139.825999494,35.198457973],[139.826920791,35.199499766],[139.826612387,35.199720829],[139.825911492,35.198499072],[139.824043645,35.197772441],[139.824043645,35.196989387],[139.823394189,35.197214225],[139.823975305,35.196284946],[139.822609468,35.195569414],[139.822547523,35.194949694],[139.82162808,35.194132468],[139.821847782,35.192712468],[139.81878,35.189973586],[139.817894423,35.1875],[139.818464137,35.186248892],[139.817510532,35.186125],[139.817135279,35.185262054],[139.816618301,35.185144721],[139.816994968,35.184235838],[139.818067082,35.183852],[139.817757471,35.181876387],[139.818765499,35.18143],[139.818724384,35.181046946],[139.816803554,35.181149468],[139.81735856,35.179942532],[139.817023281,35.179616694],[139.818147717,35.179824171],[139.817771336,35.179261973],[139.818326329,35.178652532],[139.817922166,35.178292532],[139.817688003,35.178770865],[139.817015772,35.178686135],[139.817008833,35.177710586],[139.816076329,35.17656836],[139.816618521,35.175244198],[139.818025473,35.175351414],[139.818388249,35.173841694],[139.817922555,35.172674838],[139.817241894,35.173141712],[139.815841414,35.172408829],[139.81689856,35.170827802],[139.817502399,35.170961685],[139.818566394,35.169889279],[139.81769847,35.169305937],[139.81597738,35.170608919],[139.816936304,35.169630261],[139.816700091,35.168900234],[139.81832144,35.167680162],[139.819166459,35.167983595],[139.820075383,35.167621045],[139.82092201,35.166816243],[139.820566187,35.166294081],[139.821893346,35.166549171],[139.821939494,35.166296658],[139.821453839,35.166289838],[139.820950376,35.165795802],[139.820643761,35.164409333],[139.821447056,35.166218811],[139.821954877,35.166218405],[139.822068249,35.16559209],[139.821532127,35.165474306],[139.82215751,35.165549009],[139.822379689,35.164707162],[139.821845966,35.163976378],[139.82138917,35.164170261],[139.821834773,35.163947189],[139.821422866,35.163391315],[139.820556615,35.163620288],[139.820603437,35.163274973],[139.819812516,35.163347252],[139.819852568,35.164103748],[139.819338898,35.164331847],[139.819792309,35.164075081],[139.819760065,35.163127279],[139.818572114,35.161441468],[139.819029883,35.161470919],[139.818617393,35.160529802],[139.819370441,35.160373414],[139.81942572,35.159999802],[139.818449053,35.159687586],[139.818874034,35.15948564],[139.818895136,35.158598171],[139.817818197,35.157444838],[139.818224306,35.157127054],[139.81776847,35.156342613],[139.818821803,35.155957892],[139.817721803,35.155200414],[139.818151803,35.154876532],[139.821371245,35.155202892],[139.82455153,35.156845081],[139.826575136,35.157059532],[139.828877912,35.15867364],[139.830506524,35.158553081],[139.832454864,35.159359441],[139.835066252,35.159662775],[139.838094034,35.159234973],[139.840787108,35.16024664],[139.844064617,35.160368333],[139.845760999,35.161146387],[139.846549611,35.162002225],[139.851653528,35.162273333],[139.85259214,35.163839721],[139.854355746,35.164277505],[139.857992698,35.163328892],[139.859080752,35.162483892],[139.859527691,35.161121667],[139.861365188,35.161190838],[139.862251855,35.160728613],[139.86452594,35.161687],[139.865102412,35.161408892],[139.865223528,35.160315838],[139.867516887,35.160430279],[139.868789637,35.158709198],[139.870517173,35.159020586],[139.871290506,35.158555306],[139.870720195,35.158032252],[139.870799364,35.156569468],[139.872396589,35.156372802],[139.873305188,35.155166135],[139.87539939,35.157909748],[139.876817445,35.156898081],[139.878044669,35.157149748],[139.878435227,35.158118919],[139.878885499,35.158209721],[139.880235772,35.157421694],[139.881548003,35.157477802],[139.88238022,35.156926973],[139.884520506,35.157693892],[139.887174112,35.159655559],[139.888430778,35.158406946],[139.889955227,35.157835],[139.891712996,35.157723333],[139.893428859,35.158727505],[139.894518275,35.157436387],[139.894715227,35.156079171],[139.895623839,35.155625559],[139.896286329,35.155444171],[139.897614384,35.156197775],[139.900309416,35.156238054],[139.901167198,35.155526387],[139.901745227,35.154434721],[139.90211939,35.150899198],[139.905765499,35.150835027],[139.905639663,35.149765027],[139.905007717,35.149292532],[139.905191336,35.14841336],[139.909336887,35.144856414],[139.910460506,35.142582532],[139.912182438,35.141420333],[139.913077134,35.139152279],[139.915196887,35.139976721],[139.915725772,35.140797838],[139.917775227,35.141201135],[139.919730506,35.140439198],[139.923497173,35.140247802],[139.924571336,35.139261973],[139.925217173,35.139608081],[139.925672996,35.139377532],[139.926466329,35.140075027],[139.927256615,35.139751973],[139.92859022,35.140109468],[139.930372996,35.139319748],[139.931586329,35.139298081],[139.931798833,35.140950306],[139.930872438,35.142259198],[139.931372438,35.143905027],[139.930749144,35.146575],[139.931724423,35.147624721],[139.933816913,35.147659171],[139.935914968,35.146488333],[139.938040532,35.145956108],[139.939174423,35.146542505],[139.93922358,35.147161667],[139.942340804,35.147754721],[139.942452192,35.148708054],[139.941930246,35.149023054],[139.942298859,35.15028164],[139.943768029,35.15178664],[139.946122192,35.152927198],[139.949100532,35.15203136],[139.951511634,35.153763838],[139.952298586,35.153736892],[139.954071089,35.152268306],[139.955868029,35.152018279],[139.956851362,35.153801613],[139.958246641,35.153763838],[139.963020532,35.154827721],[139.964161362,35.154202171],[139.964571089,35.153367721],[139.966853307,35.153379387],[139.971864669,35.151642414],[139.972466329,35.15250964],[139.977558521,35.153317694],[139.978906589,35.153035171],[139.980217419,35.153661],[139.981545188,35.153573505],[139.983121582,35.154026838],[139.985499883,35.153804613],[139.986921556,35.154471252],[139.98880655,35.154471252],[139.992965422,35.155542613],[139.993648197,35.157009838],[139.99276489,35.158171775],[139.992684617,35.159209838],[139.993513774,35.159904802],[139.995716252,35.160592027],[139.997899585,35.160599252],[139.998090973,35.163088387],[139.999397082,35.165232279],[139.998333165,35.167607108],[139.99925655,35.168251973],[140.000859883,35.171422505],[140.000824254,35.172514721],[139.998964332,35.174070279],[139.998695499,35.175485721],[139.999182944,35.176312748],[139.999092361,35.17830964],[139.996757691,35.179558586],[139.99594214,35.180658865],[139.996236031,35.182827468],[139.995729948,35.184104667],[139.995782049,35.186249279],[139.997066057,35.187514667],[139.997368275,35.192505198],[139.995946641,35.195756838],[139.993129442,35.196564919],[139.990816978,35.200705441],[139.989135525,35.201166802],[139.986400337,35.203788225],[139.986375616,35.206607667],[139.984653671,35.207644333],[139.982613696,35.210210721],[139.984262023,35.213677919],[139.984030947,35.214597081],[139.981685668,35.216231532],[139.979673165,35.216910973],[139.979312918,35.217528468],[139.979460415,35.220555135],[139.977282114,35.223488198],[139.97760572,35.225288441],[139.978446861,35.226366505],[139.979977419,35.227253721],[139.980016589,35.227989279],[139.979040467,35.228953721],[139.979157445,35.231523414],[139.977695499,35.233331198],[139.977988859,35.234746198],[139.977175811,35.235382865],[139.977607756,35.237163973],[139.976763606,35.238602586],[139.976858885,35.240521441],[139.978085032,35.243911721],[139.976734228,35.245808667],[139.975313113,35.245432279],[139.973896161,35.245670613],[139.973034189,35.245092279],[139.972810856,35.244607027],[139.974339754,35.244213387],[139.976039196,35.243177279],[139.976050311,35.242168108],[139.971336109,35.238315387],[139.970235551,35.238446775],[139.969684449,35.239816505],[139.966543891,35.239653171],[139.965168638,35.241597054],[139.960903385,35.244081225],[139.958845305,35.243065414],[139.958064189,35.243412919],[139.957662529,35.242634865],[139.956177808,35.24244764],[139.955982529,35.24184736],[139.955469196,35.242067081],[139.953277808,35.240381],[139.952197808,35.240681838],[139.951314501,35.243808775],[139.951905616,35.246118748],[139.949113113,35.246093505],[139.948591479,35.251075973],[139.949167613,35.252147919],[139.951189831,35.25304764],[139.955434553,35.253224279],[139.956203748,35.257182892],[139.954201245,35.257275667],[139.954327082,35.258537333],[139.952365422,35.259503441],[139.952073217,35.260066225],[139.95082489,35.260098171],[139.949759585,35.259504279],[139.948423502,35.260287054],[139.946418495,35.260205108],[139.945440999,35.262725946],[139.944486835,35.263375108],[139.941549339,35.262066775],[139.940412114,35.262185108],[139.936609883,35.261274306],[139.93700572,35.262506225],[139.936388521,35.264198171],[139.936650752,35.265605108],[139.935921025,35.266297333],[139.934165473,35.266050667],[139.932316861,35.265217333],[139.930868249,35.266820108],[139.929824916,35.266813721],[139.927131051,35.268713441],[139.925304669,35.268483171],[139.924361336,35.268794279],[139.922876057,35.270777054],[139.920558275,35.271099279],[139.918755227,35.270760108],[139.918278833,35.271411505],[139.916578003,35.272129559],[139.916186913,35.27452064],[139.914775253,35.275010919],[139.912247782,35.278890081],[139.912414449,35.28018564],[139.910155577,35.281857279],[139.910121699,35.283725613],[139.911150856,35.285250613],[139.911170895,35.288191414],[139.908998106,35.288639198],[139.907831997,35.288437802],[139.90721978,35.289029468],[139.906119494,35.289063919],[139.905473943,35.289502802],[139.904036719,35.28916864],[139.902220895,35.290419198],[139.901969248,35.291732252],[139.902710078,35.293069468],[139.9022662,35.294750306],[139.900333139,35.295375306],[139.900315383,35.298382225],[139.898713995,35.299022505],[139.897861245,35.300156667],[139.896129831,35.299791108],[139.89408428,35.300120838],[139.89231345,35.301213892],[139.890027328,35.301216108],[139.888367613,35.302075],[139.888357912,35.304982775],[139.887057419,35.312585225],[139.884759922,35.314934946],[139.882575227,35.319999919],[139.880974112,35.320560198],[139.880755227,35.321475748],[139.879645227,35.321411865],[139.87745275,35.324446865],[139.875698859,35.325357414],[139.875798301,35.326383532],[139.873451089,35.327244919],[139.872590272,35.328417387],[139.870192776,35.329820721],[139.867553333,35.329525198],[139.865617224,35.33082936],[139.864771115,35.331991279],[139.864546667,35.333207946],[139.864701699,35.334641279],[139.865788638,35.336617919],[139.865675863,35.337770973],[139.865274189,35.337738198],[139.864608949,35.339032919],[139.864035577,35.338189027],[139.861333087,35.338715414],[139.861479494,35.339654586],[139.861053385,35.339766802],[139.861757004,35.340739586],[139.860803113,35.343563441],[139.860381725,35.343563441],[139.860381725,35.343119559],[139.860813385,35.341529586],[139.859345058,35.341500973],[139.85810061,35.342026802],[139.858270337,35.342593198],[139.855546446,35.34470236],[139.85215751,35.349313108]],[[139.857059494,35.341611802],[139.856594747,35.340033775],[139.855624747,35.340218775],[139.855731167,35.340849865],[139.853884773,35.341013225],[139.855824228,35.341949027],[139.855996719,35.342590973],[139.857059494,35.341611802]],[[139.858333333,35.339535532],[139.858066446,35.34016236],[139.858793113,35.340274306],[139.858333333,35.339535532]]]},"properties":{"N03_001":"千葉県","N03_002":null,"N03_003":null,"N03_004":"富津市","N03_005":null,"N03_007":"12226"}},
{"type":"Feature","geometry":{"type":"Polygon","coordinates":[[[139.744381025,35.312322027],[139.744434786,35.312746459],[139.743925811,35.312950072],[139.743072892,35.312218207],[139.74268083,35.312429297],[139.741926537,35.311927622],[139.741521777,35.312261568],[139.741419598,35.311987459],[139.739976628,35.312285261],[139.739528197,35.311866568],[139.74284096,35.310837676],[139.744381025,35.312322027]]]},"properties":{"N03_001":"千葉県","N03_002":null,"N03_003":null,"N03_004":"富津市","N03_005":null,"N03_007":"12226"}},
{"type":"Feature","geometry":{"type":"Polygon","coordinates":[[[139.768475914,35.315640811],[139.767125733,35.315482505],[139.767420934,35.314644342],[139.770796576,35.314337847],[139.770409715,35.315433874],[139.76944083,35.315254432],[139.768475914,35.315640811]]]},"properties":{"N03_001":"千葉県","N03_002":null,"N03_003":null,"N03_004":"富津市","N03_005":null,"N03_007":"12226"}},
{"type":"Feature","geometry":{"type":"Polygon","coordinates":[[[139.822077821,35.301464703],[139.819594721,35.301527991],[139.82320249,35.30137745],[139.824965201,35.300672126],[139.823230182,35.301535568],[139.822077821,35.301464703]]]},"properties":{"N03_001":"千葉県","N03_002":null,"N03_003":null,"N03_004":"富津市","N03_005":null,"N03_007":"12226"}},
{"type":"Feature","geometry":null,"properties":{"N03_001":"千葉県","N03_002":null,"N03_003":null,"N03_004":"富津市","N03_005":null,"N03_007":"12226"}},
{"type":"Feature","geometry":{"type":"Polygon","coordinates":[[[139.818392905,35.301276081],[139.81768297,35.300980595],[139.818406887,35.301205414],[139.819515668,35.300794676],[139.818392905,35.301276081]]]},"properties":{"N03_001":"千葉県","N03_002":null,"N03_003":null,"N03_004":"富津市","N03_005":null,"N03_007":"12226"}},
{"type":"Feature","geometry":{"type":"Polygon","coordinates":[[[139.816219974,35.184885559],[139.816007471,35.184569721],[139.816474137,35.184710838],[139.816219974,35.184885559]]]},"properties":{"N03_001":"千葉県","N03_002":null,"N03_003":null,"N03_004":"富津市","N03_005":null,"N03_007":"12226"}},
{"type":"Feature","geometry":null,"properties":{"N03_001":"千葉県","N03_002":null,"N03_003":null,"N03_004":"富津市","N03_005":null,"N03_007":"12226"}},
{"type":"Feature","geometry":null,"properties":{"N03_001":"千葉県","N03_002":null,"N03_003":null,"N03_004":"富津市","N03_005":null,"N03_007":"12226"}},
{"type":"Feature","geometry":null,"properties":{"N03_001":"千葉県","N03_002":null,"N03_003":null,"N03_004":"富津市","N03_005":null,"N03_007":"12226"}},
{"type":"Feature","geometry":null,"properties":{"N03_001":"千葉県","N03_002":null,"N03_003":null,"N03_004":"富津市","N03_005":null,"N03_007":"12226"}},
{"type":"Feature","geometry":null,"properties":{"N03_001":"千葉県","N03_002":null,"N03_003":null,"N03_004":"富津市","N03_005":null,"N03_007":"12226"}},
{"type":"Feature","geometry":null,"properties":{"N03_001":"千葉県","N03_002":null,"N03_003":null,"N03_004":"富津市","N03_005":null,"N03_007":"12226"}},
{"type":"Feature","geometry":null,"properties":{"N03_001":"千葉県","N03_002":null,"N03_003":null,"N03_004":"富津市","N03_005":null,"N03_007":"12226"}},
{"type":"Feature","geometry":null,"properties":{"N03_001":"千葉県","N03_002":null,"N03_003":null,"N03_004":"富津市","N03_005":null,"N03_007":"12226"}},
{"type":"Feature","geometry":null,"properties":{"N03_001":"千葉県","N03_002":null,"N03_003":null,"N03_004":"富津市","N03_005":null,"N03_007":"12226"}},
{"type":"Feature","geometry":null,"properties":{"N03_001":"千葉県","N03_002":null,"N03_003":null,"N03_004":"富津市","N03_005":null,"N03_007":"12226"}},
{"type":"Feature","geometry":null,"properties":{"N03_001":"千葉県","N03_002":null,"N03_003":null,"N03_004":"富津市","N03_005":null,"N03_007":"12226"}},
{"type":"Feature","geometry":null,"properties":{"N03_001":"千葉県","N03_002":null,"N03_003":null,"N03_004":"富津市","N03_005":null,"N03_007":"12226"}},
{"type":"Feature","geometry":null,"properties":{"N03_001":"千葉県","N03_002":null,"N03_003":null,"N03_004":"富津市","N03_005":null,"N03_007":"12226"}},
{"type":"Feature","geometry":null,"properties":{"N03_001":"千葉県","N03_002":null,"N03_003":null,"N03_004":"富津市","N03_005":null,"N03_007":"12226"}},
{"type":"Feature","geometry":null,"properties":{"N03_001":"千葉県","N03_002":null,"N03_003":null,"N03_004":"富津市","N03_005":null,"N03_007":"12226"}},
{"type":"Feature","geometry":{"type":"Polygon","coordinates":[[[139.918281971,35.655460532],[139.902211855,35.665987225],[139.902324669,35.667855838],[139.901683554,35.668363892],[139.895006641,35.670893054],[139.894666641,35.671586108],[139.893425253,35.671871667],[139.893299144,35.672633892],[139.888352438,35.672740865],[139.887827717,35.671980306],[139.887972166,35.671267252],[139.886070778,35.671136414],[139.887367691,35.667920865],[139.887389222,35.656165586],[139.886903917,35.65373364],[139.883146057,35.644756694],[139.87146061,35.638641721],[139.874996874,35.637245784],[139.87244297,35.633026225],[139.872582296,35.625504721],[139.888339728,35.621860216],[139.89258751,35.62539982],[139.893025875,35.625353631],[139.893559339,35.624929541],[139.896217756,35.617428514],[139.897569416,35.616671991],[139.905797134,35.621439234],[139.906040376,35.621249441],[139.905294202,35.621851559],[139.90685153,35.62314518],[139.899426018,35.629065405],[139.898656654,35.628419306],[139.897386809,35.629427559],[139.90008511,35.631678694],[139.90079297,35.631112946],[139.900406161,35.630789306],[139.901834112,35.629907586],[139.905303139,35.632805928],[139.90703035,35.631424694],[139.90472131,35.629495252],[139.904732672,35.628599973],[139.910182166,35.624233775],[139.910002335,35.624468694],[139.939445759,35.640517396],[139.939509222,35.641080973],[139.936836693,35.643241387],[139.918281971,35.655460532]]]},"properties":{"N03_001":"千葉県","N03_002":null,"N03_003":null,"N03_004":"浦安市","N03_005":null,"N03_007":"12227"}},
{"type":"Feature","geometry":{"type":"Polygon","coordinates":[[[140.213318197,35.654574838],[140.212440441,35.657518721],[140.212719079,35.660145108],[140.21473022,35.662132306],[140.214824384,35.663327586],[140.211657173,35.667031198],[140.209845811,35.671311468],[140.209143865,35.671776225],[140.207878003,35.671498171],[140.209098612,35.675716748],[140.209626109,35.675712865],[140.210325006,35.676605919],[140.20876917,35.676410919],[140.2055,35.678015108],[140.203471388,35.680851775],[140.202647224,35.683791505],[140.203410856,35.683599279],[140.203600026,35.684051505],[140.202475577,35.684382613],[140.20215808,35.685690946],[140.202451699,35.687126468],[140.203908392,35.688613414],[140.204645331,35.688310919],[140.205152827,35.689276198],[140.204606161,35.689451198],[140.208442633,35.697698081],[140.207767665,35.700306414],[140.206654332,35.70104864],[140.208090752,35.701889468],[140.208109922,35.702630865],[140.207674358,35.703125865],[140.206375447,35.702461414],[140.206976031,35.704649468],[140.206086861,35.706081135],[140.2070338,35.706240279],[140.206867717,35.706579721],[140.205896304,35.706315865],[140.205045188,35.707318919],[140.204903528,35.706407532],[140.20416131,35.70622836],[140.204254086,35.705599468],[140.203490467,35.70551364],[140.203520999,35.705120027],[140.202543502,35.70475336],[140.199420143,35.704375054],[140.199063774,35.705047838],[140.197192088,35.704457279],[140.195787886,35.702720892],[140.19462594,35.702502027],[140.193664254,35.701761468],[140.192813722,35.702719532],[140.192857613,35.704060892],[140.19228345,35.704247865],[140.189891479,35.702838694],[140.189685914,35.702004252],[140.188268392,35.700717333],[140.187655616,35.701002333],[140.18614725,35.700015108],[140.183112802,35.699009279],[140.183420311,35.698631225],[140.18306834,35.697437919],[140.182067497,35.696098198],[140.179036913,35.69503264],[140.176954384,35.694929613],[140.176519689,35.697133468],[140.174476641,35.699506532],[140.172776887,35.697206838],[140.168769611,35.694287387],[140.168418223,35.694478505],[140.169204643,35.696444333],[140.165491025,35.698804892],[140.165383528,35.697361279],[140.16372655,35.695444892],[140.162988197,35.693268532],[140.160980117,35.691151586],[140.16119594,35.692449081],[140.162754306,35.693812135],[140.162997393,35.695898225],[140.161195966,35.696061279],[140.1588193,35.695396],[140.158035966,35.696453225],[140.148795694,35.700844586],[140.148209831,35.699972919],[140.148859831,35.699700135],[140.148192581,35.696362387],[140.149961193,35.696406838],[140.14810786,35.695122108],[140.146847276,35.692889892],[140.150776161,35.691075748],[140.151533113,35.691398252],[140.15118144,35.690701586],[140.152643943,35.689292414],[140.15441917,35.683291613],[140.153991946,35.682539414],[140.15304917,35.682603279],[140.152901141,35.684998838],[140.151868638,35.68769964],[140.149840272,35.686445225],[140.14911,35.685555775],[140.148963606,35.684496333],[140.147623307,35.683631333],[140.148724449,35.684929946],[140.14917834,35.686351865],[140.151831971,35.688858532],[140.149080052,35.690965468],[140.148630052,35.69108464],[140.148290311,35.689918802],[140.147811141,35.68996964],[140.147961997,35.691256559],[140.146966693,35.691811559],[140.145646693,35.691268505],[140.142976135,35.691381279],[140.14170917,35.689753505],[140.139491634,35.688156279],[140.139471051,35.686459054],[140.138224669,35.684938225],[140.137471025,35.680951027],[140.136624332,35.679882694],[140.138455136,35.675108532],[140.13824594,35.673176333],[140.140060415,35.673009667],[140.141779585,35.671569108],[140.1400807,35.672630225],[140.137927886,35.672625775],[140.137624838,35.671595225],[140.136499248,35.670511865],[140.141270389,35.66900164],[140.141306744,35.667616081],[140.149916524,35.668126108],[140.151290441,35.669911108],[140.152241855,35.674188054],[140.151930752,35.675037505],[140.152655227,35.676584441],[140.151788833,35.677822748],[140.152234942,35.678214135],[140.152153865,35.678988027],[140.152864137,35.679015532],[140.152532724,35.677796919],[140.153033839,35.677115838],[140.153074942,35.675695559],[140.152384916,35.674774721],[140.152851582,35.673332505],[140.150421803,35.667126973],[140.150344306,35.665399468],[140.151308171,35.663425865],[140.15093428,35.661927252],[140.152877613,35.660119468],[140.153030636,35.659050865],[140.156651777,35.65735364],[140.155958145,35.654086135],[140.155315888,35.650807802],[140.157801167,35.646346667],[140.163553969,35.645350586],[140.16712594,35.648648081],[140.168489027,35.649348919],[140.169533476,35.650786973],[140.17252655,35.652379748],[140.173172944,35.651873333],[140.173026278,35.650553054],[140.170059831,35.645671108],[140.170585383,35.645333613],[140.173637951,35.649545],[140.173672698,35.654067802],[140.174827134,35.654025559],[140.176451855,35.653448613],[140.179546031,35.650646946],[140.179589637,35.649040279],[140.18226297,35.648828027],[140.18359297,35.647636919],[140.180307393,35.644994414],[140.180341829,35.643698027],[140.182264358,35.645608027],[140.185136329,35.647157468],[140.186023839,35.646088586],[140.185196861,35.644346081],[140.186137134,35.641965225],[140.190026887,35.643175505],[140.192236615,35.640153559],[140.19408939,35.639766586],[140.19523856,35.640083532],[140.196014137,35.641145468],[140.19646192,35.641152414],[140.19497022,35.639455468],[140.193763839,35.639561027],[140.193272724,35.639076027],[140.191954358,35.639568559],[140.191667977,35.637495505],[140.189289883,35.636440775],[140.188106524,35.634397171],[140.185820143,35.633170505],[140.186777082,35.631640225],[140.185077613,35.629123279],[140.188104553,35.627383],[140.189976226,35.62547436],[140.193402361,35.626777135],[140.198473554,35.634648802],[140.198878833,35.634480171],[140.203788054,35.640238225],[140.203563891,35.640491279],[140.206125305,35.643986252],[140.208298949,35.645960135],[140.206833943,35.64641736],[140.206566719,35.647444027],[140.205055331,35.648729306],[140.204649805,35.650965694],[140.205054812,35.651057081],[140.205106472,35.65176736],[140.210262918,35.654146775],[140.213318197,35.654574838]]]},"properties":{"N03_001":"千葉県","N03_002":null,"N03_003":null,"N03_004":"四街道市","N03_005":null,"N03_007":"12228"}},
{"type":"Feature","geometry":{"type":"Polygon","coordinates":[[[140.022741401,35.467551054],[140.021433917,35.466771694],[140.015990934,35.471429883],[140.012547964,35.476059054],[140.006549105,35.479291045],[140.005555603,35.478756036],[140.002506407,35.482555432],[140.005522503,35.478738234],[139.998189144,35.474788532],[139.996734578,35.476153072],[140.003362685,35.468262865],[139.999300882,35.465936234],[139.99602703,35.470311135],[139.995681077,35.470163414],[139.99371808,35.472381414],[139.993241102,35.472125414],[139.992548716,35.474275369],[139.993194669,35.472100514],[139.988978366,35.469835027],[139.994752049,35.45939109],[139.996806342,35.459282505],[139.998107406,35.457300802],[139.994496239,35.455919856],[139.992911479,35.454139072],[139.992817912,35.45428964],[139.991829637,35.453909649],[139.992826472,35.454271514],[139.993406278,35.453218532],[139.990396861,35.452061928],[139.989201946,35.454301396],[139.99229476,35.457329324],[139.982089066,35.474775829],[139.976610999,35.472679847],[139.977173398,35.471550802],[139.975783346,35.472366595],[139.965828936,35.46855545],[139.967839429,35.462820568],[139.96916463,35.462545595],[139.969263658,35.462202685],[139.968300986,35.461512928],[139.96846546,35.461037252],[139.969455629,35.460727856],[139.972625603,35.451717946],[139.974488936,35.448460991],[139.967966563,35.446143351],[139.967716083,35.448076604],[139.970218482,35.449081477],[139.96769489,35.448118279],[139.957855655,35.44580473],[139.95770585,35.445096468],[139.957300908,35.445153856],[139.957354047,35.445687072],[139.956118495,35.444126468],[139.955137211,35.443803225],[139.954155694,35.444282856],[139.95487096,35.445185532],[139.95213594,35.452982892],[139.954236524,35.453476757],[139.956004449,35.448454775],[139.95668773,35.448146703],[139.964479313,35.449977441],[139.964974358,35.450716153],[139.962168366,35.458689847],[139.951125409,35.456087685],[139.948610558,35.442181486],[139.950222581,35.439087171],[139.949495331,35.438808279],[139.950075331,35.43774636],[139.945763891,35.432237171],[139.945516355,35.429830775],[139.946457471,35.428120775],[139.942497445,35.426332721],[139.938402387,35.421396586],[139.94033655,35.420571865],[139.941555447,35.421348838],[139.942384617,35.421009667],[139.942257951,35.418423279],[139.943357367,35.416874387],[139.948777393,35.415154414],[139.95092489,35.413321108],[139.953187665,35.413386108],[139.953227108,35.412925838],[139.955336005,35.411402802],[139.955552944,35.410587532],[139.956662387,35.41058364],[139.958167977,35.412884468],[139.958732412,35.412978919],[139.958137691,35.413440586],[139.961629663,35.413714748],[139.963609416,35.414805613],[139.964138859,35.414591721],[139.964500804,35.415327],[139.965345253,35.414942838],[139.965300804,35.415670613],[139.964724695,35.415933387],[139.965217782,35.417220613],[139.965983333,35.417228946],[139.966018612,35.417869505],[139.964122776,35.418144505],[139.963832503,35.419791441],[139.967968911,35.420132559],[139.972948366,35.417686198],[139.973202244,35.41806564],[139.975310584,35.41703564],[139.973952218,35.413895081],[139.972041388,35.412181198],[139.971293865,35.409712027],[139.975331089,35.407513135],[139.977143022,35.408392306],[139.979435006,35.407749802],[139.980185837,35.409309802],[139.983641971,35.409145667],[139.98929642,35.408209279],[139.990724228,35.408438721],[139.990993385,35.407722892],[139.992641997,35.407027892],[139.994780052,35.407027613],[139.994818638,35.405149],[139.995359222,35.405046225],[139.997117276,35.404906225],[139.998423113,35.405625108],[140.001848392,35.405090946],[140.009003969,35.405050919],[140.011753995,35.404335919],[140.010840921,35.40141564],[140.011421193,35.401268694],[140.010459494,35.398271198],[140.008215888,35.398686198],[140.008585058,35.398429802],[140.007939468,35.395733694],[140.007222244,35.395224252],[140.006587497,35.393675919],[140.002331388,35.396254252],[140.000039728,35.396885081],[139.997010532,35.396133694],[139.994961634,35.394634532],[139.992223281,35.393702586],[139.992157445,35.393387027],[139.992157445,35.392914802],[139.992685084,35.393062802],[139.993154475,35.391543919],[139.994801946,35.391393027],[139.995336057,35.389575919],[139.996541608,35.389580919],[139.998810506,35.38838036],[139.99971939,35.387415919],[140.00263939,35.387386748],[140.003606887,35.386312027],[140.004411336,35.386173973],[140.003663256,35.384470919],[140.003969637,35.383675919],[140.003485473,35.382562586],[140.001463256,35.383588973],[140.000614617,35.381913135],[140.001388223,35.380084532],[140.000543502,35.378813135],[140.001743774,35.378915081],[140.000796524,35.377312306],[140.000703476,35.37545564],[140.002059001,35.372992586],[140.002032049,35.371823135],[140.000840921,35.370261225],[139.999076744,35.369175387],[139.998165616,35.367740108],[139.998867276,35.364517054],[140.001197613,35.362854865],[140.001703917,35.362920387],[140.003214475,35.359810108],[140.00149834,35.357362333],[140.000533865,35.352630108],[139.998977173,35.351377054],[139.996756329,35.350674865],[139.995932996,35.350933198],[139.995018833,35.350130973],[139.995281855,35.348529306],[139.995834358,35.348636802],[139.995834384,35.350052919],[139.996222724,35.349708198],[139.996897445,35.350401802],[139.996564358,35.34906736],[139.997385227,35.34960264],[139.997709079,35.348855973],[139.998284358,35.348734027],[139.998899105,35.349115694],[139.998403281,35.350432054],[139.999103839,35.350626775],[139.999579663,35.349465946],[139.999852438,35.350961225],[140.000407717,35.350985667],[140.000602166,35.349841775],[140.00150856,35.349142613],[139.999555188,35.348695973],[139.999157977,35.348167081],[139.999414086,35.347270973],[140.000368521,35.346267919],[140.0016338,35.346881252],[140.002347977,35.346694279],[140.001177691,35.346096252],[140.001524643,35.345657919],[140.002814643,35.345405414],[140.001594916,35.345121252],[140.001580169,35.344819586],[140.00341572,35.343767919],[140.004716005,35.344134027],[140.004964086,35.345361225],[140.00602131,35.346222054],[140.006249364,35.345930108],[140.005376589,35.345092613],[140.005674086,35.344849],[140.008116031,35.345295667],[140.009138807,35.344612613],[140.012944643,35.343605108],[140.013575473,35.344557333],[140.015272724,35.345167613],[140.015530778,35.346215946],[140.017114423,35.347617027],[140.017724137,35.34881036],[140.019307471,35.349876748],[140.019044721,35.351047865],[140.019947224,35.350723135],[140.019153891,35.352656468],[140.021074163,35.352096198],[140.021571115,35.352466198],[140.022106394,35.352255081],[140.024845032,35.35282064],[140.02292,35.357007441],[140.023620363,35.359953694],[140.024274254,35.360415081],[140.027122023,35.360253946],[140.027113995,35.360764505],[140.03069511,35.360334775],[140.032799274,35.361110054],[140.033511803,35.362813946],[140.033264034,35.363118667],[140.034372633,35.363829505],[140.03408489,35.366146441],[140.035338249,35.369498387],[140.035346031,35.371283108],[140.042343554,35.371060865],[140.042418859,35.372609468],[140.043436641,35.372569468],[140.044115525,35.373733919],[140.045076083,35.373525586],[140.045750026,35.377949748],[140.046472244,35.378319468],[140.045762244,35.378936135],[140.047599222,35.380590306],[140.053486446,35.378155559],[140.055225914,35.380944171],[140.05886061,35.378966108],[140.060520078,35.378669441],[140.065229274,35.382756387],[140.066142607,35.382675559],[140.068232361,35.383580252],[140.069905694,35.383800802],[140.072789585,35.383285532],[140.075544332,35.385432468],[140.076424617,35.385097198],[140.080212387,35.38544636],[140.081416304,35.385320252],[140.08133406,35.384659973],[140.083040752,35.384847748],[140.083974617,35.382875252],[140.085079339,35.382414973],[140.087957977,35.383450532],[140.089085473,35.38320636],[140.0911238,35.384702198],[140.091895772,35.387519946],[140.091518275,35.388538],[140.092142438,35.388099108],[140.092528612,35.395821333],[140.087510311,35.397752441],[140.090030311,35.399542721],[140.088942827,35.401001892],[140.091701167,35.402693838],[140.091614527,35.404967441],[140.092772607,35.406698279],[140.090524864,35.411469387],[140.089385422,35.412428559],[140.088818495,35.416846586],[140.09022406,35.416651586],[140.090720999,35.417410468],[140.089402412,35.419356306],[140.089938249,35.421014081],[140.089024916,35.421346586],[140.088483839,35.422879081],[140.086503554,35.424525748],[140.087708003,35.425514081],[140.087714695,35.427461865],[140.084074695,35.429063252],[140.083081634,35.428700468],[140.081887471,35.431246306],[140.080706667,35.432318802],[140.076598859,35.429992973],[140.060111556,35.425787198],[140.055323476,35.426203586],[140.053042633,35.425720252],[140.051572361,35.425963865],[140.049866226,35.425128613],[140.043762581,35.42362],[140.032622555,35.423570027],[140.033054228,35.424705586],[140.038357302,35.426913081],[140.040912049,35.429021946],[140.040084306,35.433975],[140.040748223,35.435069441],[140.042926835,35.4359],[140.043167691,35.437372225],[140.041325473,35.439425279],[140.041724358,35.440814171],[140.039788003,35.445545532],[140.03821192,35.447898306],[140.035216913,35.450407198],[140.034494695,35.451796081],[140.030513307,35.454633892],[140.03023083,35.456972748],[140.026764475,35.463209973],[140.025649468,35.463465252],[140.024883917,35.464146081],[140.02440642,35.465158306],[140.024584747,35.466376919],[140.022741401,35.467551054]]]},"properties":{"N03_001":"千葉県","N03_002":null,"N03_003":null,"N03_004":"袖ケ浦市","N03_005":null,"N03_007":"12229"}},
{"type":"Feature","geometry":{"type":"Polygon","coordinates":[[[140.346902607,35.676657919],[140.345431777,35.677525973],[140.327764617,35.683345919],[140.326987108,35.683742027],[140.32662572,35.68540036],[140.325490195,35.686245613],[140.322079339,35.687194252],[140.320666861,35.690024252],[140.318348807,35.692649586],[140.319362412,35.692413441],[140.319286057,35.694287081],[140.31788297,35.695732387],[140.3166638,35.696067414],[140.317616304,35.696219892],[140.318662724,35.69927964],[140.319661336,35.698906586],[140.320362724,35.699797414],[140.320814137,35.702489667],[140.321499974,35.703334946],[140.321536083,35.70691],[140.320629144,35.706948054],[140.320941634,35.707610559],[140.320301362,35.708440586],[140.316851894,35.707112252],[140.316486057,35.706571694],[140.316996887,35.703527775],[140.316407173,35.706005586],[140.315561051,35.706828081],[140.312570467,35.705880892],[140.312944086,35.704167532],[140.312326589,35.705263946],[140.311206031,35.705477279],[140.310489922,35.704433946],[140.30883572,35.703337279],[140.31064131,35.705528387],[140.309525473,35.71213236],[140.308831855,35.713229054],[140.308153528,35.713046279],[140.307604916,35.71181264],[140.307421582,35.713091838],[140.3049638,35.712183505],[140.304331556,35.711345721],[140.305109053,35.708725973],[140.303645447,35.711505721],[140.30278406,35.711322946],[140.301648781,35.709739054],[140.302670726,35.711815441],[140.303936031,35.712059054],[140.304941855,35.712866279],[140.303139922,35.714574919],[140.301157977,35.716006586],[140.299622387,35.714097973],[140.296657665,35.712582694],[140.293847886,35.708621027],[140.291180389,35.70820964],[140.291466472,35.70610964],[140.288856744,35.70384464],[140.290864773,35.701609054],[140.291638664,35.701423775],[140.294937328,35.703886],[140.291917562,35.700899892],[140.293409248,35.700564027],[140.298439001,35.701072054],[140.300209559,35.700850946],[140.301307886,35.69965536],[140.300898171,35.69954064],[140.299963722,35.700490387],[140.298389831,35.700834559],[140.297931219,35.700572333],[140.298005084,35.700048171],[140.29712786,35.700605135],[140.293549248,35.70013736],[140.293859222,35.697724586],[140.295121725,35.696094838],[140.29353978,35.697724586],[140.293400337,35.699288468],[140.292135888,35.700196559],[140.291275616,35.700336],[140.290520895,35.699775721],[140.288317004,35.69984464],[140.286872244,35.698241865],[140.289052529,35.697177387],[140.288758638,35.695615721],[140.289070026,35.695009613],[140.287930558,35.694690441],[140.287166667,35.692899054],[140.287248586,35.690663225],[140.283818833,35.690068802],[140.282302724,35.688938802],[140.281532166,35.688627694],[140.280687977,35.688979946],[140.279766031,35.688427721],[140.282364358,35.686322973],[140.282014916,35.685686586],[140.282301855,35.685432694],[140.282809922,35.685793252],[140.283318249,35.684998802],[140.282785473,35.684572694],[140.282769857,35.679546306],[140.284915966,35.675659892],[140.285189831,35.672840171],[140.284620921,35.670393252],[140.285758418,35.668248532],[140.28431869,35.670042694],[140.284570415,35.675134054],[140.282835422,35.679202135],[140.28003847,35.679106613],[140.2787493,35.681837441],[140.275913165,35.679634414],[140.278803722,35.676477441],[140.279483995,35.676501892],[140.279557886,35.676166333],[140.278820117,35.676125505],[140.27906703,35.674015775],[140.280421479,35.672707171],[140.2811262,35.672559667],[140.280610078,35.672125775],[140.279224812,35.673616054],[140.278855914,35.673460505],[140.277388949,35.67047136],[140.277468664,35.669247198],[140.278308949,35.668741333],[140.278460584,35.668164667],[140.277281699,35.667072468],[140.278232802,35.668440505],[140.277089494,35.669381081],[140.276213917,35.669310252],[140.277068949,35.669719973],[140.277413385,35.671871919],[140.278618418,35.673919108],[140.278430117,35.675925505],[140.274833722,35.680366081],[140.27256345,35.682167505],[140.271323696,35.679255],[140.267736719,35.676992532],[140.270411167,35.675080559],[140.270157004,35.674482775],[140.268477808,35.674350865],[140.269501414,35.673311414],[140.271118366,35.672783054],[140.269700311,35.672922225],[140.269675863,35.671063081],[140.266666913,35.666329198],[140.264790804,35.667004505],[140.262615227,35.667222],[140.262530778,35.666746721],[140.261937173,35.66667564],[140.259530506,35.667350919],[140.258512412,35.666053694],[140.257256861,35.665354],[140.256843502,35.663877333],[140.259017108,35.662502613],[140.262581855,35.661909532],[140.262475447,35.66106536],[140.262035162,35.660887865],[140.264904358,35.659935054],[140.265082114,35.659153108],[140.26659572,35.658382559],[140.267493528,35.658675613],[140.267435746,35.658235892],[140.269140467,35.657247532],[140.270689364,35.656910027],[140.271044916,35.65779836],[140.271258521,35.656705586],[140.274247691,35.655868333],[140.275334358,35.654382505],[140.278056887,35.655110802],[140.278623839,35.656365802],[140.278539105,35.655117468],[140.276302412,35.654106387],[140.278062698,35.651765],[140.278626861,35.651600838],[140.278209364,35.651356667],[140.278422672,35.650783613],[140.281349611,35.64900664],[140.278233774,35.650392775],[140.27625131,35.653228892],[140.273515473,35.655376694],[140.272684086,35.655589748],[140.272417393,35.654399468],[140.27163297,35.655809748],[140.269079339,35.656542838],[140.267408223,35.657584505],[140.266459053,35.657597838],[140.263165447,35.65976536],[140.263187639,35.656242865],[140.262570143,35.655432306],[140.262819027,35.65461064],[140.262387912,35.655365919],[140.263058755,35.656729252],[140.262618781,35.659376748],[140.260513774,35.660938135],[140.258431556,35.661304559],[140.258693748,35.658275108],[140.256536226,35.655645667],[140.254773696,35.654923748],[140.254062581,35.653884306],[140.254698145,35.65308264],[140.253418418,35.653682081],[140.251784773,35.652305441],[140.249955616,35.652074333],[140.248788638,35.649880198],[140.249531414,35.648143225],[140.248566667,35.646626306],[140.24870917,35.645817973],[140.251751414,35.647177108],[140.254916135,35.646666252],[140.255720856,35.645880135],[140.253487224,35.643137108],[140.252185006,35.642333225],[140.254283061,35.643115171],[140.254938612,35.642964054],[140.254423061,35.643732667],[140.255689754,35.645255973],[140.258461971,35.64455264],[140.255567224,35.641519333],[140.255460804,35.639214054],[140.255816355,35.638925441],[140.256678586,35.63914736],[140.257327471,35.638136802],[140.254156329,35.636971],[140.254862996,35.635600441],[140.256505525,35.636302387],[140.257065772,35.633901559],[140.256466031,35.629415171],[140.257755447,35.625468505],[140.261540195,35.626658468],[140.264800752,35.626837919],[140.265606057,35.627482919],[140.266291582,35.626552081],[140.266331855,35.624268198],[140.264861556,35.620744027],[140.267643191,35.617263468],[140.267171219,35.612446279],[140.268036744,35.610833775],[140.267670895,35.607449613],[140.267118949,35.606957387],[140.266413385,35.607083775],[140.262500856,35.605936865],[140.262208366,35.604453802],[140.260957224,35.602834919],[140.261669728,35.600710748],[140.261316913,35.599636613],[140.262880804,35.598346865],[140.263845811,35.598586306],[140.263220246,35.597691865],[140.264764137,35.595740468],[140.27066022,35.592336027],[140.272749948,35.589147973],[140.273808003,35.589433802],[140.274107717,35.588742135],[140.274832724,35.588709054],[140.275338807,35.587926],[140.276223554,35.588584333],[140.275525188,35.587553505],[140.2767138,35.586590721],[140.278341025,35.586473225],[140.280639948,35.587527667],[140.278971025,35.586380721],[140.277547977,35.586103505],[140.275234358,35.587111],[140.275262698,35.585631306],[140.274339339,35.583377973],[140.274769883,35.582138532],[140.276797951,35.581246027],[140.28005406,35.580667387],[140.281124034,35.579589892],[140.280309027,35.579342667],[140.280435966,35.578516306],[140.281614306,35.578150721],[140.28318511,35.573777694],[140.283999559,35.573271279],[140.287087056,35.572909054],[140.292493995,35.572674613],[140.298317367,35.575212919],[140.305413217,35.579015108],[140.312144112,35.583053108],[140.312319663,35.583517279],[140.31609022,35.584908108],[140.315997198,35.585398108],[140.316706083,35.585692],[140.322233022,35.586200027],[140.330202477,35.585694721],[140.332154137,35.585942225],[140.335759144,35.585245],[140.337111634,35.585404973],[140.338604137,35.586230252],[140.338645253,35.58673636],[140.338058301,35.586879973],[140.336625551,35.58911664],[140.336320026,35.590433586],[140.332139442,35.589160252],[140.331768054,35.588238613],[140.329219728,35.589518892],[140.32956725,35.590650279],[140.329070026,35.591554414],[140.327491699,35.591464441],[140.326952503,35.590273054],[140.326293606,35.589901946],[140.327054475,35.591781667],[140.323823087,35.592394721],[140.324350311,35.592628333],[140.32377978,35.594205838],[140.32214978,35.595946667],[140.32302428,35.600998306],[140.321272607,35.600803027],[140.318986783,35.601281081],[140.316189001,35.600317505],[140.312523995,35.600359171],[140.31140869,35.599182225],[140.311510363,35.597814198],[140.310569533,35.598041694],[140.308944501,35.596472252],[140.308692827,35.595627802],[140.305845577,35.594236721],[140.308277834,35.59579364],[140.308723113,35.596851414],[140.311852892,35.600406667],[140.312050389,35.600963333],[140.311511219,35.60161],[140.314393165,35.600640279],[140.316367328,35.600838054],[140.318659559,35.601916081],[140.321212049,35.601419135],[140.321254034,35.603063586],[140.322832088,35.604065225],[140.325884332,35.605096333],[140.329063502,35.605474946],[140.330153774,35.606205468],[140.32956655,35.606864081],[140.326999053,35.606439667],[140.325403774,35.607219387],[140.324013502,35.607459387],[140.324097134,35.608956054],[140.314717912,35.604179694],[140.31384572,35.606456919],[140.312880726,35.606317198],[140.315256278,35.607444414],[140.315409339,35.60799636],[140.313838781,35.608418586],[140.312587691,35.609562198],[140.312707134,35.610828865],[140.311882166,35.611985802],[140.310251855,35.610020802],[140.3092138,35.609921081],[140.310178521,35.61037664],[140.310751025,35.611347468],[140.308847717,35.612913306],[140.308774112,35.61351164],[140.309432996,35.614539135],[140.31090358,35.615290505],[140.311635253,35.615244108],[140.311861634,35.615789108],[140.312833307,35.615782441],[140.31335192,35.616686613],[140.315534695,35.617022414],[140.315807497,35.61751464],[140.313152218,35.619286306],[140.312759196,35.621623532],[140.310223917,35.621779919],[140.307788366,35.622963279],[140.308273917,35.624037135],[140.307748392,35.624695198],[140.310935642,35.627524333],[140.315999274,35.630204027],[140.316511245,35.630895694],[140.319073165,35.630194586],[140.320497056,35.628788198],[140.322193995,35.627970694],[140.323119001,35.628382919],[140.325641479,35.626128748],[140.329194617,35.631514559],[140.329309053,35.633197027],[140.325327134,35.635263694],[140.321206329,35.63969064],[140.323275227,35.640180919],[140.323291634,35.642696721],[140.32540083,35.642852],[140.325736109,35.644003919],[140.324125279,35.643407279],[140.32419083,35.643995613],[140.324843061,35.644161171],[140.324337782,35.644730892],[140.323872218,35.644665613],[140.323782244,35.645441414],[140.320806135,35.647042],[140.319939196,35.646943946],[140.320053917,35.648455027],[140.320585305,35.64877364],[140.320225616,35.649557802],[140.32078144,35.649223081],[140.323160895,35.649394748],[140.324100895,35.648806973],[140.324902309,35.650988054],[140.325539805,35.650694171],[140.325221167,35.649370586],[140.326046719,35.648774468],[140.327453113,35.648921667],[140.328311479,35.650571667],[140.325817588,35.652115559],[140.32789428,35.653823027],[140.327362892,35.654247748],[140.326741777,35.653512505],[140.327444578,35.656723027],[140.32621847,35.656967748],[140.326332944,35.657914973],[140.326823191,35.657221081],[140.327510143,35.657327198],[140.3303307,35.655596081],[140.332644332,35.658863559],[140.332521829,35.657458559],[140.333216835,35.657450505],[140.333609339,35.658561613],[140.333094086,35.659492721],[140.33333131,35.659909387],[140.33427297,35.660029946],[140.334737419,35.659149667],[140.335293528,35.659100775],[140.336339922,35.660023802],[140.338661582,35.659974919],[140.338489922,35.660562973],[140.338996861,35.66024436],[140.340648521,35.66060436],[140.344662698,35.660138802],[140.345545746,35.659518252],[140.345954643,35.660097973],[140.347467173,35.66011464],[140.350639364,35.658922171],[140.350238807,35.658448279],[140.350778249,35.657901054],[140.351653256,35.657974387],[140.35184131,35.657647721],[140.351317977,35.657378],[140.351669611,35.656904387],[140.352430169,35.657165775],[140.353280441,35.656267441],[140.354416835,35.656708559],[140.353685253,35.662992135],[140.349159416,35.663856027],[140.348889689,35.66490964],[140.346060804,35.665293505],[140.344368301,35.665137946],[140.34107358,35.663888252],[140.33883358,35.664476027],[140.339740804,35.664721],[140.339822477,35.665219333],[140.340583022,35.665015171],[140.340444163,35.666093225],[140.339847224,35.666379333],[140.340444163,35.666975721],[140.340288612,35.668249892],[140.347649222,35.671979054],[140.347961997,35.672832081],[140.348724228,35.671537387],[140.349280337,35.671537387],[140.34908703,35.67337236],[140.34719703,35.675747919],[140.347738171,35.676159306],[140.346902607,35.676657919]]]},"properties":{"N03_001":"千葉県","N03_002":null,"N03_003":null,"N03_004":"八街市","N03_005":null,"N03_007":"12230"}},
{"type":"Feature","geometry":{"type":"Polygon","coordinates":[[[140.328806031,35.686452306],[140.328148521,35.686501468],[140.327013256,35.685487306],[140.328806031,35.686452306]]]},"properties":{"N03_001":"千葉県","N03_002":null,"N03_003":null,"N03_004":"八街市","N03_005":null,"N03_007":"12230"}},
{"type":"Feature","geometry":{"type":"Polygon","coordinates":[[[140.146469663,35.845718135],[140.141412698,35.843763973],[140.13769131,35.843643694],[140.136269922,35.843100387],[140.133977419,35.841088721],[140.13238297,35.840752892],[140.128328807,35.842133441],[140.12845297,35.842442892],[140.122679105,35.845726505],[140.120356887,35.843226532],[140.118834112,35.84357736],[140.116884137,35.847603468],[140.118636083,35.850870946],[140.117976913,35.851081505],[140.115079144,35.847520414],[140.11135834,35.847894306],[140.109316913,35.843764054],[140.111943865,35.843398225],[140.109256031,35.834123532],[140.105404669,35.83437964],[140.10269022,35.833326054],[140.099146615,35.831288279],[140.100107419,35.829006613],[140.0992238,35.828664387],[140.099553528,35.828148],[140.095703528,35.826599135],[140.096194916,35.825859414],[140.094067691,35.825012748],[140.0932838,35.82617664],[140.092901582,35.826058027],[140.09343214,35.824732198],[140.093045746,35.82460164],[140.094057691,35.823630802],[140.093710726,35.822529694],[140.09303297,35.822665802],[140.092067665,35.819804721],[140.091269339,35.819774441],[140.087061556,35.816298333],[140.088212361,35.815122225],[140.089066809,35.81206336],[140.093079559,35.809662802],[140.097921479,35.809708054],[140.100245642,35.809264171],[140.099669533,35.807842775],[140.099045914,35.808541946],[140.099268975,35.807594721],[140.102743385,35.806238892],[140.102863943,35.805634171],[140.101007276,35.804626973],[140.102752283,35.803581135],[140.107133943,35.805555838],[140.111105279,35.79945864],[140.104076667,35.796430865],[140.104881115,35.795458081],[140.10275192,35.794034225],[140.103225253,35.791841721],[140.096909339,35.782904532],[140.1043107,35.779801198],[140.105504578,35.779822027],[140.107319883,35.78069036],[140.109069585,35.780428973],[140.111509053,35.780951748],[140.116345422,35.779722306],[140.11621,35.778957802],[140.117925499,35.77840564],[140.11841153,35.778925919],[140.119445162,35.778498586],[140.119389416,35.777636775],[140.128606615,35.774970721],[140.128938197,35.775303135],[140.128638755,35.774595198],[140.132752049,35.773329802],[140.138865357,35.766565946],[140.146509144,35.765327919],[140.144759248,35.763738748],[140.148325084,35.763716532],[140.151881751,35.759793198],[140.168701997,35.749428802],[140.173218418,35.74847964],[140.180695668,35.748366838],[140.189232633,35.745656838],[140.191941829,35.747589054],[140.194884669,35.753236252],[140.203605058,35.763362306],[140.206449831,35.765538973],[140.209124838,35.76624564],[140.21207153,35.764997865],[140.22380847,35.757375081],[140.253720169,35.740352],[140.256478249,35.739569225],[140.25892297,35.739710613],[140.262031894,35.74075364],[140.263567756,35.741693081],[140.26452358,35.742820586],[140.265542218,35.745655027],[140.265526135,35.747280306],[140.26329869,35.754765306],[140.261497056,35.760224468],[140.257739857,35.764676694],[140.258948495,35.768316387],[140.259644695,35.777960559],[140.258155279,35.779555559],[140.254610532,35.781449441],[140.251582477,35.783664721],[140.250128054,35.785222505],[140.249323606,35.787359721],[140.249207782,35.788950532],[140.251482892,35.79712164],[140.251624306,35.800305532],[140.251402166,35.809903838],[140.250205837,35.817214081],[140.250401699,35.820937694],[140.246299974,35.820410748],[140.245001089,35.820979919],[140.244116887,35.819815198],[140.243669105,35.820037414],[140.242696057,35.819257973],[140.243493281,35.81784436],[140.24417022,35.81771964],[140.242969364,35.815888252],[140.240129637,35.820893252],[140.238040169,35.820136306],[140.237144617,35.820811865],[140.24096939,35.824347414],[140.242424137,35.824456586],[140.243723333,35.825301306],[140.243197224,35.82603436],[140.245020311,35.827092667],[140.24461642,35.827777108],[140.243033606,35.826923225],[140.240759728,35.829675721],[140.237065253,35.830310171],[140.233178833,35.832221838],[140.232216641,35.835909027],[140.232825525,35.838873468],[140.231882218,35.841170973],[140.222372944,35.839803198],[140.213015084,35.839144865],[140.210715888,35.838009306],[140.206910272,35.835280694],[140.203136913,35.834755135],[140.194626304,35.835868171],[140.181279831,35.84185536],[140.167779468,35.845457027],[140.158059416,35.842916468],[140.155629948,35.842671748],[140.15073022,35.843377306],[140.146469663,35.845718135]],[[140.246723307,35.819679919],[140.248253606,35.819471027],[140.247133307,35.817945468],[140.245254112,35.818816586],[140.24582192,35.819767973],[140.246723307,35.819679919]]]},"properties":{"N03_001":"千葉県","N03_002":null,"N03_003":null,"N03_004":"印西市","N03_005":null,"N03_007":"12231"}},
{"type":"Feature","geometry":{"type":"Polygon","coordinates":[[[140.092901582,35.826058027],[140.092571855,35.825899973],[140.090655227,35.827202748],[140.091349105,35.828170252],[140.089155227,35.830179973],[140.086864695,35.830593586],[140.086240246,35.832303865],[140.08517358,35.832034973],[140.083707471,35.830790838],[140.079604695,35.831280279],[140.079552192,35.830794171],[140.076643061,35.830655],[140.069655032,35.833777252],[140.067201414,35.834401973],[140.056170052,35.835734532],[140.055302529,35.834321198],[140.050360856,35.832643973],[140.042043865,35.824768198],[140.037118521,35.817651279],[140.034468781,35.816432414],[140.033854617,35.814152414],[140.032299585,35.811821892],[140.031229442,35.807111505],[140.031778197,35.805260505],[140.031583022,35.803828613],[140.030598781,35.802440027],[140.029907756,35.798948946],[140.024464968,35.791883333],[140.024756939,35.791611054],[140.020574034,35.787590081],[140.018890078,35.783492027],[140.022316161,35.780535081],[140.027553969,35.780336171],[140.021621673,35.775835919],[140.020044968,35.774171198],[140.018154695,35.774342586],[140.016281855,35.771474532],[140.01518572,35.767946225],[140.016300973,35.76674064],[140.021033476,35.765489532],[140.030484449,35.771406973],[140.034447756,35.769074468],[140.037798612,35.768774721],[140.038631089,35.766709171],[140.039870246,35.766695279],[140.042554163,35.767982468],[140.045423113,35.770610802],[140.049255058,35.771089387],[140.051958418,35.772171306],[140.055229831,35.774625468],[140.057810117,35.774625441],[140.061770415,35.776287108],[140.066061336,35.782103198],[140.067203865,35.785343441],[140.067791115,35.789955667],[140.067427004,35.793002613],[140.068181193,35.796763973],[140.069445642,35.79906564],[140.069863139,35.798959802],[140.070449248,35.799631198],[140.070864254,35.799384802],[140.071208975,35.799728694],[140.07321703,35.798658135],[140.078700311,35.794277586],[140.082712776,35.791689532],[140.083159689,35.790227306],[140.085099663,35.787745081],[140.089557419,35.784002027],[140.095006861,35.783562027],[140.096909339,35.782904532],[140.103225253,35.791841721],[140.10275192,35.794034225],[140.104881115,35.795458081],[140.104076667,35.796430865],[140.111105279,35.79945864],[140.107133943,35.805555838],[140.102752283,35.803581135],[140.101007276,35.804626973],[140.102863943,35.805634171],[140.102743385,35.806238892],[140.099268975,35.807594721],[140.099045914,35.808541946],[140.099669533,35.807842775],[140.100245642,35.809264171],[140.097921479,35.809708054],[140.093079559,35.809662802],[140.089066809,35.81206336],[140.088212361,35.815122225],[140.087061556,35.816298333],[140.091269339,35.819774441],[140.092067665,35.819804721],[140.09303297,35.822665802],[140.093710726,35.822529694],[140.094057691,35.823630802],[140.093045746,35.82460164],[140.09343214,35.824732198],[140.092901582,35.826058027]]]},"properties":{"N03_001":"千葉県","N03_002":null,"N03_003":null,"N03_004":"白井市","N03_005":null,"N03_007":"12232"}},
{"type":"Feature","geometry":{"type":"Polygon","coordinates":[[[140.367871971,35.731248586],[140.362668911,35.732103586],[140.362622802,35.733238586],[140.363602555,35.735162748],[140.362555058,35.736974441],[140.363266472,35.738243613],[140.362917302,35.739593892],[140.365372581,35.739481667],[140.365012049,35.741326946],[140.362440661,35.741928892],[140.360255668,35.743616946],[140.35809345,35.74407836],[140.358318716,35.744461135],[140.360266783,35.744652252],[140.362163748,35.74608864],[140.364213476,35.745728892],[140.362377639,35.746212505],[140.363210999,35.747878081],[140.36569083,35.747502775],[140.366997886,35.748359252],[140.366738392,35.748575306],[140.366245837,35.748075081],[140.365499339,35.748111775],[140.365474578,35.747773865],[140.363116835,35.748035865],[140.362024306,35.746381414],[140.360037328,35.745075865],[140.358212892,35.744547252],[140.356534838,35.745571135],[140.356251894,35.748529279],[140.355251556,35.751503108],[140.354306278,35.752608946],[140.347584137,35.757444027],[140.347884864,35.757717225],[140.342757134,35.761592],[140.337700389,35.763552505],[140.337390661,35.763265054],[140.333019728,35.764739505],[140.331051115,35.765980946],[140.329563839,35.768168468],[140.330017497,35.771104586],[140.328614449,35.772129865],[140.326399196,35.77527764],[140.325661699,35.775715135],[140.325044475,35.77722764],[140.322534189,35.777632667],[140.317996913,35.774701838],[140.319140246,35.774175171],[140.319521362,35.773405721],[140.317259339,35.767933225],[140.317721284,35.767560721],[140.315840441,35.765851559],[140.314532918,35.763843775],[140.313624838,35.763333252],[140.313031219,35.762364919],[140.313542049,35.761862414],[140.313355357,35.761222414],[140.312463696,35.761068532],[140.313047588,35.760639081],[140.31221869,35.759555748],[140.312251167,35.758097414],[140.312802555,35.75751436],[140.314091725,35.757368532],[140.314028106,35.755573252],[140.308908029,35.750685748],[140.303152412,35.747763],[140.302687977,35.747200505],[140.301512412,35.747003559],[140.305860415,35.740676333],[140.305967912,35.739849108],[140.305454034,35.739152721],[140.305946809,35.738983838],[140.306826809,35.739673252],[140.309480143,35.740010748],[140.309951803,35.739497135],[140.309466252,35.739743252],[140.307657082,35.739356865],[140.305848171,35.738442441],[140.302514838,35.738686613],[140.301881193,35.737392171],[140.301198145,35.737469667],[140.301597613,35.738859387],[140.300879559,35.739492171],[140.299355084,35.737704387],[140.300164838,35.738829946],[140.300171505,35.739681054],[140.298559559,35.739955225],[140.297644812,35.738724414],[140.296511479,35.739385532],[140.291203645,35.735084694],[140.288089974,35.730537748],[140.288308029,35.730143865],[140.288937471,35.730435532],[140.289979416,35.72936636],[140.292798885,35.729745532],[140.293306083,35.725889414],[140.293601894,35.725087748],[140.294291608,35.724848586],[140.295252438,35.721833],[140.29618856,35.721931613],[140.296287173,35.721446054],[140.297723281,35.721678279],[140.296376589,35.720246333],[140.296369637,35.719556892],[140.298140752,35.718647721],[140.30042131,35.718113],[140.303139922,35.714574919],[140.304941855,35.712866279],[140.303936031,35.712059054],[140.302670726,35.711815441],[140.301648781,35.709739054],[140.30278406,35.711322946],[140.303645447,35.711505721],[140.305109053,35.708725973],[140.304331556,35.711345721],[140.3049638,35.712183505],[140.307421582,35.713091838],[140.307604916,35.71181264],[140.308153528,35.713046279],[140.308831855,35.713229054],[140.309525473,35.71213236],[140.31064131,35.705528387],[140.30883572,35.703337279],[140.310489922,35.704433946],[140.311206031,35.705477279],[140.312326589,35.705263946],[140.312944086,35.704167532],[140.312570467,35.705880892],[140.315561051,35.706828081],[140.316407173,35.706005586],[140.316996887,35.703527775],[140.316486057,35.706571694],[140.316851894,35.707112252],[140.320301362,35.708440586],[140.320941634,35.707610559],[140.320629144,35.706948054],[140.321536083,35.70691],[140.321499974,35.703334946],[140.320814137,35.702489667],[140.320362724,35.699797414],[140.319661336,35.698906586],[140.318662724,35.69927964],[140.317616304,35.696219892],[140.3166638,35.696067414],[140.31788297,35.695732387],[140.319286057,35.694287081],[140.319362412,35.692413441],[140.318348807,35.692649586],[140.320666861,35.690024252],[140.322079339,35.687194252],[140.325490195,35.686245613],[140.32662572,35.68540036],[140.326987108,35.683742027],[140.327764617,35.683345919],[140.345431777,35.677525973],[140.346902607,35.676657919],[140.348186498,35.678580414],[140.351953217,35.682307081],[140.351642672,35.682740973],[140.353917951,35.684178748],[140.354394332,35.683615135],[140.35664655,35.684899027],[140.360123528,35.686135973],[140.360609637,35.686884054],[140.360852698,35.686320721],[140.365899883,35.683590441],[140.367599922,35.685533505],[140.366870467,35.687087946],[140.367755499,35.688419054],[140.367366304,35.687272667],[140.367697134,35.686262387],[140.368056861,35.685844613],[140.368922412,35.686029054],[140.368747419,35.685232387],[140.371715447,35.682896559],[140.373312361,35.680903532],[140.370966498,35.679065468],[140.371349274,35.67863964],[140.377520999,35.682850198],[140.380051803,35.681732414],[140.380425422,35.680746586],[140.381830415,35.679373802],[140.383424578,35.68096436],[140.386528444,35.678517171],[140.390675914,35.676090505],[140.392113969,35.676526613],[140.392343165,35.677315775],[140.398459001,35.678757441],[140.399807639,35.680448279],[140.401258781,35.683261892],[140.400445162,35.685138559],[140.401203528,35.688020225],[140.40187214,35.688565775],[140.402786304,35.688338559],[140.405271855,35.688847441],[140.405305227,35.690256613],[140.404435227,35.691901613],[140.403737717,35.690897108],[140.401781336,35.690246054],[140.400392244,35.691002505],[140.399772335,35.689919775],[140.397823839,35.690553613],[140.397627367,35.690257613],[140.396951971,35.690524225],[140.396969974,35.691126748],[140.394338003,35.691840198],[140.392896329,35.690026306],[140.394034086,35.688735748],[140.393186861,35.687136027],[140.393476329,35.689017414],[140.393052438,35.689390198],[140.392406057,35.68914464],[140.392361336,35.689880748],[140.389796887,35.690271865],[140.387210506,35.689317135],[140.385169948,35.689635468],[140.385518275,35.690577135],[140.383701051,35.691095468],[140.381971634,35.693636865],[140.381169974,35.693404081],[140.378884669,35.690886306],[140.380275525,35.693346586],[140.378358029,35.694400748],[140.375875279,35.697577973],[140.373868366,35.699332135],[140.372185006,35.697296],[140.369901388,35.697079892],[140.369877224,35.697445171],[140.372452529,35.697905171],[140.373399468,35.700082694],[140.371144773,35.702265468],[140.369664501,35.702730198],[140.371077004,35.702501865],[140.373467523,35.700793532],[140.378203385,35.702120748],[140.379886719,35.702220748],[140.382386161,35.703619919],[140.383489805,35.706855748],[140.383109831,35.708553532],[140.382742049,35.70864436],[140.381750078,35.707126306],[140.380902581,35.707035468],[140.381638444,35.707307973],[140.382162335,35.708726306],[140.38441428,35.70944436],[140.385332918,35.712434919],[140.386257951,35.713216586],[140.383894617,35.71428936],[140.382542114,35.714017414],[140.37903406,35.714210198],[140.37768489,35.71576464],[140.375642724,35.720170775],[140.377524112,35.722206892],[140.377747198,35.724042721],[140.377368029,35.724679108],[140.371092438,35.723051054],[140.369388586,35.724299108],[140.365856641,35.725909108],[140.366251115,35.728123865],[140.367818612,35.730325252],[140.367871971,35.731248586]],[[140.328806031,35.686452306],[140.327013256,35.685487306],[140.328148521,35.686501468],[140.328806031,35.686452306]]]},"properties":{"N03_001":"千葉県","N03_002":null,"N03_003":null,"N03_004":"富里市","N03_005":null,"N03_007":"12233"}},
{"type":"Feature","geometry":{"type":"Polygon","coordinates":[[[140.037676563,35.052018856],[140.036597224,35.054886279],[140.033923865,35.055363505],[140.032321634,35.056076559],[140.032304695,35.059125721],[140.033145253,35.059817667],[140.034642503,35.059911252],[140.035895006,35.062080973],[140.035465837,35.063365135],[140.03394083,35.064516252],[140.032759416,35.063508198],[140.03082358,35.063572919],[140.029247198,35.067704306],[140.030288586,35.068929027],[140.02947358,35.073735387],[140.027266083,35.076801505],[140.025864968,35.07753764],[140.025364137,35.081305667],[140.022054423,35.081198198],[140.020056083,35.082142919],[140.019426083,35.082949306],[140.01937358,35.085125946],[140.020008301,35.086657613],[140.019878859,35.087729279],[140.020412477,35.087940946],[140.020199974,35.088631505],[140.018851608,35.089093441],[140.018126057,35.089871225],[140.016682166,35.090023721],[140.014666615,35.092235108],[140.012946615,35.092663441],[140.012118275,35.093626775],[140.007934695,35.096386505],[140.00620192,35.095590667],[140.001063022,35.094574027],[140.000162477,35.093465973],[139.997226355,35.093575973],[139.996297471,35.093149586],[139.996103606,35.095809865],[139.998858586,35.097658171],[139.998536667,35.099774],[139.999688859,35.101362892],[139.99749834,35.102881775],[139.994681673,35.103787613],[139.994136667,35.105524802],[139.995114163,35.106732586],[139.994101971,35.108542306],[139.994482802,35.109529532],[139.995763061,35.11027564],[139.997413606,35.112393387],[139.998012529,35.114108108],[139.997811971,35.114811721],[139.996759196,35.115443108],[139.994411699,35.115143667],[139.991460052,35.115792279],[139.990159494,35.115226171],[139.987228392,35.116203387],[139.98337144,35.11560536],[139.98359144,35.113209532],[139.982919222,35.110592027],[139.983393113,35.108281775],[139.984682529,35.105554838],[139.983100026,35.105257892],[139.978644501,35.108350387],[139.974854527,35.109029838],[139.973106472,35.110002613],[139.971925914,35.111668721],[139.972097886,35.11409536],[139.970677588,35.112368721],[139.969866226,35.112402613],[139.968719001,35.111608441],[139.967175383,35.112712333],[139.965487056,35.112638171],[139.963591505,35.111661225],[139.961039559,35.112435946],[139.958711777,35.112489559],[139.958241803,35.115663441],[139.957313748,35.117015081],[139.955346809,35.118374802],[139.952786809,35.11874036],[139.95157406,35.11944036],[139.949546278,35.123386468],[139.948882387,35.123897586],[139.947882387,35.123992027],[139.942981829,35.122396198],[139.941391829,35.122820081],[139.939662944,35.122436468],[139.938536278,35.121721198],[139.936282672,35.121848973],[139.933697951,35.124847586],[139.932776031,35.128174252],[139.930866861,35.128652027],[139.929260752,35.128064532],[139.928556589,35.128334532],[139.926016589,35.126958414],[139.924842114,35.123836468],[139.923580441,35.122419802],[139.923979053,35.120905387],[139.923619053,35.120064838],[139.924300169,35.119222892],[139.924331556,35.117782892],[139.9231493,35.116814559],[139.921944034,35.116557613],[139.920931245,35.115055667],[139.919851245,35.114663441],[139.9185493,35.113387613],[139.916263748,35.113606225],[139.913277367,35.114958171],[139.912447639,35.114463171],[139.906492088,35.113594865],[139.900684578,35.114076802],[139.898829857,35.113087081],[139.897267367,35.113092081],[139.896294838,35.111745135],[139.891493165,35.111120171],[139.890421219,35.110162667],[139.888092335,35.109504892],[139.882593722,35.109819613],[139.881119001,35.109644892],[139.88019511,35.109092135],[139.879068171,35.109529081],[139.876520389,35.109124081],[139.871770661,35.109844919],[139.869197886,35.110951892],[139.867590921,35.109339108],[139.865045642,35.108062441],[139.863227588,35.108059414],[139.861553969,35.107249973],[139.859540636,35.10790136],[139.855868145,35.108028586],[139.854940636,35.106869441],[139.853913696,35.106753333],[139.853351751,35.105802225],[139.85164869,35.105446667],[139.850681193,35.105797225],[139.850101997,35.104492225],[139.847923943,35.103396414],[139.847981725,35.101751135],[139.84718144,35.100890027],[139.845206446,35.101023081],[139.844764773,35.100196135],[139.843964501,35.100096414],[139.84039978,35.101145333],[139.838618106,35.102260054],[139.836908106,35.101101441],[139.836062853,35.099657757],[139.8368138,35.099113766],[139.835993541,35.098477351],[139.837012205,35.098819252],[139.839059559,35.096583279],[139.84136725,35.091599793],[139.842233606,35.08708236],[139.840799144,35.08697227],[139.842192892,35.087032505],[139.84245773,35.08638927],[139.841877108,35.082905982],[139.839811232,35.082892946],[139.841126433,35.08270618],[139.840508379,35.081706766],[139.839329754,35.082187216],[139.839226291,35.082996739],[139.839291245,35.081922279],[139.838328833,35.08008127],[139.837538301,35.080187225],[139.837968379,35.080088135],[139.838486329,35.078757378],[139.837565525,35.07882845],[139.837682399,35.078215],[139.836844617,35.078519],[139.836880999,35.080378712],[139.836803502,35.07860455],[139.834643969,35.078078225],[139.833996213,35.07739727],[139.83019323,35.075944703],[139.828591401,35.075728387],[139.827328534,35.075212604],[139.827020584,35.074304279],[139.82102297,35.072253982],[139.82150061,35.072196243],[139.821110363,35.071445468],[139.822279818,35.069521586],[139.821090895,35.068904063],[139.821329248,35.067597955],[139.82037048,35.067120982],[139.820172815,35.067647505],[139.820358872,35.066363477],[139.819121427,35.065812459],[139.819670272,35.065289225],[139.822149883,35.064741477],[139.822292036,35.064338171],[139.823285694,35.064418396],[139.823706446,35.063828153],[139.822863346,35.063664018],[139.823785383,35.063830865],[139.824948936,35.062261324],[139.827708573,35.056338676],[139.827516148,35.052242225],[139.828474903,35.052331874],[139.828966809,35.051916225],[139.829726368,35.052406108],[139.830942646,35.052481775],[139.831982451,35.051195126],[139.832367134,35.050081369],[139.832070623,35.049585198],[139.831555175,35.049815973],[139.832161946,35.048822108],[139.831469261,35.048714018],[139.830769105,35.049438514],[139.830865772,35.049898982],[139.830671102,35.049392712],[139.831055992,35.04874664],[139.830652944,35.048329613],[139.831732348,35.048447099],[139.832683735,35.04804018],[139.832528431,35.045159901],[139.831924254,35.043980063],[139.830354916,35.044560667],[139.831911764,35.043949225],[139.829998042,35.041088297],[139.829401115,35.041023099],[139.827060674,35.039061225],[139.824645837,35.037980937],[139.82423965,35.037858676],[139.823369494,35.039669919],[139.82211607,35.040248739],[139.823104021,35.039728856],[139.824028016,35.037808712],[139.823102763,35.037508901],[139.822145616,35.038174369],[139.822579741,35.039101477],[139.822219339,35.039214676],[139.821814799,35.038348054],[139.820271479,35.038835324],[139.820606498,35.039869793],[139.821981362,35.041013261],[139.82056856,35.039902423],[139.819865305,35.038416423],[139.818644306,35.038649072],[139.815488599,35.043359631],[139.814372114,35.04231682],[139.813624864,35.042500964],[139.813018482,35.041655919],[139.811926939,35.041439559],[139.811837678,35.041125108],[139.812626174,35.040849937],[139.810739831,35.039152405],[139.810412879,35.037957541],[139.810451699,35.037492297],[139.811785279,35.037018279],[139.815076355,35.036441342],[139.815849326,35.035209153],[139.816945032,35.035635063],[139.817765357,35.035285045],[139.819036368,35.034224261],[139.818682529,35.033845423],[139.81898454,35.033486586],[139.823353204,35.032115622],[139.824753735,35.031250405],[139.825696018,35.031431577],[139.826101543,35.032398604],[139.827071466,35.032614468],[139.827084423,35.032300036],[139.827469948,35.032969847],[139.829238975,35.032899964],[139.829702918,35.032506757],[139.830083307,35.032998072],[139.833054734,35.032280108],[139.834709339,35.033383027],[139.837997108,35.03226136],[139.844819053,35.031803279],[139.846395447,35.032475505],[139.847011556,35.033343559],[139.853219364,35.032114108],[139.854470752,35.033106865],[139.855987977,35.033029919],[139.859010467,35.035115748],[139.861477691,35.034425748],[139.861986861,35.035118775],[139.861457134,35.035716279],[139.862096031,35.038149892],[139.863299364,35.038612946],[139.864087134,35.038156559],[139.865737691,35.038207387],[139.86683022,35.039295414],[139.869121336,35.039977081],[139.869532438,35.041335135],[139.871648833,35.043172613],[139.871047717,35.044537054],[139.873196887,35.045277027],[139.874635227,35.046595919],[139.876675499,35.046405081],[139.878041362,35.048189505],[139.87949192,35.049109225],[139.880615253,35.050890054],[139.880669974,35.051859748],[139.879978029,35.052665586],[139.878697198,35.053065586],[139.880128859,35.054294198],[139.881498612,35.056334441],[139.883238885,35.056402225],[139.884764137,35.054220279],[139.883245525,35.053240306],[139.883437471,35.052411694],[139.882581362,35.051166414],[139.883627756,35.050333667],[139.883471634,35.049154225],[139.883026641,35.048202],[139.881683865,35.047440892],[139.88164275,35.045671468],[139.880704384,35.044724532],[139.881862166,35.043231198],[139.881930778,35.041686775],[139.883465227,35.040779559],[139.881821336,35.036947081],[139.882122724,35.036140973],[139.883917134,35.035307081],[139.884362412,35.033633198],[139.883496861,35.031934613],[139.88430131,35.028870441],[139.883376304,35.028143532],[139.883215473,35.027308252],[139.884088807,35.026802135],[139.88350655,35.025861027],[139.88400655,35.02531436],[139.883109053,35.024880198],[139.882595447,35.023567171],[139.881465162,35.023138838],[139.881478781,35.022411613],[139.883486278,35.021955505],[139.883800999,35.022389387],[139.884602672,35.022141333],[139.887842387,35.022626054],[139.888283774,35.023493252],[139.890631829,35.023855748],[139.892877393,35.019825225],[139.891788223,35.019453279],[139.889897665,35.019824946],[139.888534332,35.019599387],[139.886747108,35.020497721],[139.884986278,35.020422441],[139.885863217,35.018838838],[139.8864807,35.015905252],[139.886369585,35.012994171],[139.884999027,35.010408613],[139.885116524,35.009319721],[139.885594306,35.00948],[139.8857607,35.009088613],[139.884747082,35.007504748],[139.882821803,35.007290586],[139.883191803,35.006749468],[139.882640415,35.00580836],[139.88362594,35.005468919],[139.884205694,35.005881694],[139.886582633,35.006107252],[139.887562088,35.007499198],[139.889706524,35.007764171],[139.889822633,35.008856387],[139.892418755,35.008558892],[139.898754034,35.008954171],[139.898789027,35.008621108],[139.903977912,35.009831387],[139.904546524,35.010405532],[139.903810415,35.01310164],[139.904090973,35.016156333],[139.904815136,35.018133279],[139.907575694,35.018142441],[139.907707912,35.017339667],[139.909504578,35.017330505],[139.909110973,35.018010505],[139.909564034,35.018094946],[139.913283748,35.017954108],[139.914928197,35.017029946],[139.918627082,35.017925775],[139.919134034,35.017379108],[139.920058755,35.017379108],[139.922180415,35.019116054],[139.923709585,35.019492721],[139.925893774,35.021256306],[139.927221284,35.021776027],[139.927343774,35.023468802],[139.928888495,35.024553802],[139.929152944,35.025332135],[139.930381556,35.024322694],[139.931929611,35.025703532],[139.933484617,35.026070468],[139.934242672,35.02409964],[139.936149339,35.023979081],[139.93678655,35.023279919],[139.935217912,35.019323559],[139.933152918,35.016747441],[139.933592633,35.015992721],[139.934560415,35.015564387],[139.934731803,35.014375252],[139.935807082,35.01358636],[139.935772918,35.012633865],[139.938677328,35.008333586],[139.937066783,35.006464441],[139.941170947,35.004659171],[139.942446226,35.003334721],[139.940687302,35.002837775],[139.940616744,35.001009441],[139.938242581,34.998638892],[139.935989533,34.997461414],[139.935335331,34.995339748],[139.931952555,34.993662532],[139.931088392,34.992247802],[139.931056978,34.98999364],[139.929826978,34.98764836],[139.929718638,34.985381441],[139.929105279,34.984008108],[139.927575006,34.983351441],[139.926559728,34.983591441],[139.924444721,34.983259225],[139.923359442,34.982563946],[139.921384721,34.982082829],[139.919239728,34.980550919],[139.910143891,34.979482027],[139.91011083,34.977041748],[139.907796667,34.974472892],[139.907353865,34.970828162],[139.906659416,34.970112054],[139.905944968,34.968038721],[139.904095525,34.966549586],[139.902716329,34.960929586],[139.903490506,34.960056532],[139.902926329,34.95789264],[139.903791051,34.956436532],[139.904323528,34.953966252],[139.905047419,34.953693198],[139.905268521,34.954189865],[139.906022412,34.954181532],[139.906374358,34.954644865],[139.907037419,34.954454586],[139.907288807,34.955041802],[139.907947691,34.955174306],[139.908320195,34.952854306],[139.90774655,34.950905414],[139.906399611,34.949656252],[139.90586655,34.947918198],[139.90803655,34.948277081],[139.909864306,34.946201532],[139.911395966,34.945999],[139.911466524,34.945560387],[139.912667639,34.944855667],[139.915311219,34.944739829],[139.916162892,34.945357892],[139.917314553,34.945332027],[139.919347886,34.943837586],[139.921976472,34.942684252],[139.924977302,34.942931162],[139.925087834,34.941640333],[139.926868949,34.940659775],[139.925400895,34.938197559],[139.925400337,34.936719775],[139.924817276,34.935520054],[139.923882283,34.934692829],[139.923078106,34.934817],[139.922786135,34.932428387],[139.92062144,34.929899802],[139.919345058,34.929312306],[139.918496446,34.927056468],[139.916878392,34.927594252],[139.915671997,34.927345919],[139.915129222,34.926742027],[139.913999805,34.928594],[139.9132362,34.928254829],[139.912713411,34.928693441],[139.911563696,34.928106225],[139.909894812,34.928552892],[139.908452581,34.927725667],[139.907929831,34.928454],[139.907256498,34.928602919],[139.905784838,34.92819736],[139.905191777,34.928826252],[139.904297056,34.928213748],[139.902673165,34.928735973],[139.901738444,34.927941532],[139.901517328,34.926328198],[139.899677639,34.927420162],[139.8975307,34.927370721],[139.896907367,34.926030441],[139.897761803,34.925641559],[139.897742361,34.925280441],[139.896586524,34.924089054],[139.895867912,34.924039613],[139.8956307,34.925429892],[139.893707639,34.924857946],[139.892662088,34.925511586],[139.893164578,34.926462946],[139.8940393,34.926401829],[139.892531556,34.926798802],[139.892511556,34.927171027],[139.89450153,34.927899333],[139.89536847,34.929236559],[139.896021803,34.929526279],[139.895529339,34.930055721],[139.895810726,34.931503495],[139.895267951,34.932899892],[139.895740441,34.933214333],[139.894653502,34.934938802],[139.893829339,34.935286306],[139.891454332,34.931161586],[139.888907419,34.930310468],[139.88837655,34.928818532],[139.887412698,34.928422135],[139.886737951,34.927142694],[139.885930752,34.926984081],[139.884514086,34.925413279],[139.883671025,34.925899108],[139.882671025,34.925661333],[139.8819938,34.923811613],[139.878620195,34.924823279],[139.877240752,34.923601613],[139.876409364,34.923472721],[139.874351582,34.922141333],[139.872616329,34.923182468],[139.871662724,34.923284973],[139.871194384,34.922340802],[139.870375227,34.921991919],[139.868965499,34.922314414],[139.868579105,34.921634694],[139.867149948,34.921516081],[139.86576856,34.92032164],[139.863642438,34.921604694],[139.862341051,34.923127198],[139.860191051,34.923552198],[139.858497445,34.923403865],[139.858317445,34.92229664],[139.856503554,34.921753027],[139.856131336,34.920319694],[139.856556057,34.919364694],[139.854279663,34.917088586],[139.853231336,34.916585252],[139.85267297,34.914677468],[139.850854358,34.914355802],[139.849766887,34.91513636],[139.847338521,34.914843865],[139.846729637,34.91428636],[139.843947134,34.913444135],[139.841351582,34.911704667],[139.839754358,34.911837441],[139.833490467,34.910669387],[139.828846861,34.912623279],[139.827129079,34.912477441],[139.824517393,34.911262207],[139.824455824,34.911249378],[139.824276732,34.911212045],[139.824313917,34.910460441],[139.825024981,34.910882838],[139.826077886,34.910553685],[139.826585292,34.909820622],[139.828089248,34.909780396],[139.828859598,34.90891645],[139.828507678,34.908670144],[139.828999676,34.908822423],[139.829313009,34.908289117],[139.830893761,34.908290694],[139.831400117,34.907790108],[139.832587665,34.907601342],[139.832663178,34.907218306],[139.833326005,34.907427631],[139.835398171,34.906634396],[139.836491012,34.905657072],[139.837600298,34.903685847],[139.838272322,34.904419],[139.840046576,34.904484631],[139.841192283,34.903353919],[139.841286783,34.904026604],[139.841782802,34.903953369],[139.841637458,34.903622441],[139.842108664,34.903824703],[139.840983593,34.903102955],[139.842176174,34.903782685],[139.843029468,34.90361882],[139.843673787,34.902936973],[139.843494501,34.90259064],[139.843712075,34.902793811],[139.843961077,34.902464207],[139.844319844,34.903026793],[139.845492503,34.902705027],[139.846621595,34.903672658],[139.847375551,34.903674018],[139.84677048,34.904025577],[139.847237224,34.904287045],[139.847356757,34.903883793],[139.847482776,34.90424618],[139.847941336,34.903961072],[139.850394578,34.90406091],[139.853816783,34.90535618],[139.856484669,34.905840252],[139.858306291,34.905692586],[139.865215032,34.90699245],[139.86906559,34.905784378],[139.870527069,34.903964739],[139.870130674,34.903609847],[139.869445551,34.904336838],[139.870114228,34.903555135],[139.870844099,34.903546802],[139.870747575,34.90326782],[139.871314514,34.904002261],[139.87191559,34.903521766],[139.871321569,34.903411333],[139.871834163,34.903024171],[139.873000817,34.903628514],[139.875060843,34.903568865],[139.875406744,34.903790063],[139.875110921,34.904147874],[139.876127458,34.904282108],[139.877103372,34.903760162],[139.876677069,34.903791144],[139.876775901,34.903418252],[139.878326537,34.903356207],[139.878262205,34.90377155],[139.87871428,34.903837099],[139.878855746,34.903383865],[139.879486291,34.903640649],[139.880550739,34.902983775],[139.88112847,34.90330727],[139.880894669,34.903763694],[139.881303463,34.903350838],[139.881775642,34.903368586],[139.881440649,34.903661883],[139.882879416,34.903546009],[139.882512853,34.903200613],[139.883179248,34.90317555],[139.88296048,34.902966045],[139.883283774,34.902688342],[139.883669014,34.90297964],[139.883172737,34.903096495],[139.884188962,34.90308327],[139.883622568,34.903239279],[139.884068042,34.903437784],[139.886273787,34.903500946],[139.88674751,34.903021685],[139.886554643,34.90327355],[139.887721388,34.903518604],[139.88781607,34.903061324],[139.886460324,34.902782108],[139.887045512,34.902409261],[139.887087211,34.901933171],[139.886779351,34.902004432],[139.887481686,34.900100901],[139.888479702,34.899905459],[139.88859524,34.899396243],[139.889005564,34.90052409],[139.889625305,34.900339901],[139.889537795,34.900855775],[139.890036459,34.900899171],[139.889813515,34.902089423],[139.890151582,34.902505207],[139.890297691,34.902059811],[139.890542062,34.903050514],[139.890053061,34.903081036],[139.890743826,34.903180054],[139.890302763,34.903695739],[139.890406459,34.90316309],[139.889968521,34.903139766],[139.88982978,34.903962432],[139.890171582,34.903901243],[139.88977166,34.904423036],[139.892618651,34.905213541],[139.892236939,34.905939514],[139.893862412,34.905967297],[139.894166174,34.905647477],[139.894406265,34.906244234],[139.894240208,34.905729027],[139.895094682,34.905363847],[139.895510402,34.904640198],[139.895735227,34.905155189],[139.898083087,34.904422045],[139.89773297,34.905323991],[139.898122309,34.905451162],[139.897723139,34.905349775],[139.897587173,34.905699171],[139.898410026,34.906051847],[139.898351349,34.905470423],[139.89978939,34.90525455],[139.899719079,34.904895162],[139.900674462,34.904861369],[139.901091803,34.904446459],[139.903580156,34.90519427],[139.904483995,34.904775991],[139.904639455,34.905101703],[139.90558703,34.905027306],[139.905470467,34.904750171],[139.906141089,34.904559468],[139.905656796,34.904221072],[139.90851144,34.905208811],[139.908277886,34.905411514],[139.908847108,34.905745432],[139.908322088,34.905883964],[139.908920986,34.906242649],[139.908111621,34.905845685],[139.908001427,34.906461559],[139.908446252,34.906324171],[139.908625863,34.906375261],[139.908161284,34.906434414],[139.908310246,34.906943396],[139.9096369,34.907685937],[139.910443165,34.907659829],[139.910549546,34.907321342],[139.911341232,34.90774345],[139.911565266,34.907311045],[139.91083869,34.907232631],[139.911287665,34.907096486],[139.91227118,34.907504495],[139.914125927,34.906844739],[139.914321414,34.906437775],[139.914898457,34.90678509],[139.91603668,34.906389468],[139.916491297,34.906762099],[139.916508379,34.906443685],[139.917084799,34.906937486],[139.917229014,34.906591126],[139.917599183,34.906884486],[139.917214215,34.907112468],[139.918033268,34.90707818],[139.918374682,34.907379847],[139.917988275,34.907488207],[139.918559974,34.907729045],[139.919045681,34.90735955],[139.919360311,34.907785189],[139.919479001,34.90732345],[139.920117393,34.907203279],[139.919483709,34.907437126],[139.920018898,34.907398072],[139.918797575,34.909135153],[139.919411997,34.910357982],[139.92023725,34.910080829],[139.920859585,34.910221108],[139.920334436,34.910447396],[139.921489313,34.910548919],[139.923023696,34.910420018],[139.92327559,34.91003336],[139.927825525,34.910008189],[139.928150441,34.909351198],[139.927896122,34.910017595],[139.928585071,34.910167784],[139.928495966,34.910520793],[139.92690275,34.910761369],[139.926939001,34.911168811],[139.925993268,34.911380036],[139.926417484,34.911217351],[139.92634179,34.910381018],[139.923925123,34.910766694],[139.923876887,34.911081982],[139.925501128,34.911279622],[139.923857562,34.911226144],[139.923770921,34.911858234],[139.9283138,34.912177505],[139.928421077,34.911914009],[139.928452153,34.912392306],[139.930657886,34.912774595],[139.930594332,34.912432982],[139.931788846,34.913161324],[139.93267952,34.914485964],[139.933919429,34.914442577],[139.934103722,34.914889018],[139.934266589,34.914276685],[139.935176459,34.914972324],[139.935536576,34.914936955],[139.935120843,34.914516847],[139.935666654,34.914630514],[139.936088405,34.915222622],[139.935474475,34.91533582],[139.936383463,34.91575109],[139.936427873,34.916166189],[139.936545097,34.915824964],[139.936907419,34.916582802],[139.93717677,34.915806757],[139.937480195,34.916454036],[139.937971816,34.916105369],[139.938061595,34.916652315],[139.938713852,34.916892982],[139.938871764,34.916535505],[139.939440947,34.916600991],[139.939476044,34.917252018],[139.940727665,34.917012838],[139.941510843,34.917767225],[139.941905992,34.91755764],[139.942177458,34.917923577],[139.941716291,34.917776955],[139.942013632,34.918182901],[139.941652607,34.918210631],[139.942000791,34.918316063],[139.941691829,34.918822883],[139.94293952,34.919896514],[139.942250298,34.919628577],[139.942706576,34.919950991],[139.94213275,34.920119],[139.942746965,34.920935649],[139.942218521,34.920511072],[139.942247925,34.920810072],[139.942819326,34.92103655],[139.942276226,34.920944721],[139.942516018,34.921510009],[139.942314008,34.921202784],[139.941967043,34.921781937],[139.942336316,34.922600523],[139.942052374,34.922826054],[139.942519248,34.923200919],[139.942057795,34.923122099],[139.942338755,34.923450252],[139.941476394,34.924131378],[139.941086589,34.923763108],[139.940791881,34.923959351],[139.941870285,34.925018991],[139.942368508,34.924681568],[139.941595331,34.924259459],[139.942656498,34.923535342],[139.942495577,34.924008856],[139.943269676,34.923803252],[139.944323048,34.924445955],[139.944279728,34.924060423],[139.946155914,34.924014703],[139.945409429,34.924242748],[139.946575201,34.924716757],[139.946087899,34.925022811],[139.946852659,34.924944297],[139.946330752,34.925088477],[139.947031829,34.925100811],[139.946590233,34.925380324],[139.947410558,34.925354405],[139.947507432,34.92607009],[139.948436615,34.926309189],[139.947498781,34.926144198],[139.947990428,34.926512982],[139.947654021,34.926875703],[139.947898547,34.927585838],[139.948532672,34.927452631],[139.947872892,34.927629495],[139.947894981,34.92816973],[139.949017925,34.92770855],[139.94894035,34.927184865],[139.949578249,34.928564333],[139.951773191,34.928844649],[139.953240649,34.929850351],[139.953567393,34.929556685],[139.954083152,34.93013709],[139.953818859,34.930473874],[139.954185214,34.930248225],[139.954152153,34.930767243],[139.95442585,34.930644009],[139.954698911,34.931283523],[139.955054955,34.931105207],[139.954830285,34.931369027],[139.955364488,34.932200928],[139.956136316,34.932786108],[139.955274643,34.932218054],[139.954727276,34.931368775],[139.954544721,34.932201658],[139.954570986,34.931457811],[139.953553995,34.930803541],[139.953263567,34.931005396],[139.954073268,34.931983153],[139.953284423,34.931344063],[139.953015045,34.931660207],[139.953595357,34.932288243],[139.953945759,34.932067838],[139.954353826,34.932359604],[139.953534799,34.93257091],[139.954288923,34.933034523],[139.954066239,34.933538937],[139.95485227,34.933951396],[139.955093048,34.933481036],[139.954999274,34.934093595],[139.955942244,34.934258703],[139.956665006,34.935771018],[139.95694262,34.935405],[139.956543787,34.934713252],[139.957402594,34.935253712],[139.95776406,34.935685514],[139.957370169,34.935523018],[139.957338677,34.936058982],[139.956870246,34.935977063],[139.956868833,34.936564018],[139.957889455,34.935937532],[139.958347484,34.936524649],[139.958899572,34.936187108],[139.958439118,34.93681564],[139.959683333,34.936872595],[139.959768898,34.937422676],[139.960226368,34.937134712],[139.960692633,34.937577937],[139.96089,34.937992595],[139.960150571,34.937601676],[139.960571868,34.937985712],[139.960257575,34.937915369],[139.959681258,34.938950414],[139.960238495,34.938605198],[139.96084035,34.939013396],[139.960157717,34.939040432],[139.960547821,34.939499865],[139.961112944,34.939024108],[139.961061738,34.939531333],[139.96179201,34.939303387],[139.961237795,34.939761658],[139.961377471,34.940244793],[139.961948042,34.939672919],[139.961729235,34.940042937],[139.962444656,34.939912369],[139.961842464,34.940350045],[139.962576433,34.940172396],[139.961362516,34.940619829],[139.961391193,34.941113991],[139.962254514,34.941317171],[139.962079728,34.940925477],[139.962988962,34.941651288],[139.962784254,34.942146063],[139.963922815,34.942557901],[139.963523632,34.942546613],[139.963974734,34.943127577],[139.963354565,34.943143207],[139.963161518,34.943678892],[139.963925006,34.943944919],[139.963213398,34.944223964],[139.964031102,34.944291333],[139.964298664,34.94511473],[139.96506214,34.945224153],[139.964988482,34.945785135],[139.964324345,34.945565982],[139.964383256,34.946193892],[139.963773022,34.945931315],[139.963663982,34.946276964],[139.964029442,34.946701802],[139.964567095,34.946339369],[139.964434514,34.946828928],[139.964890908,34.94693264],[139.964729351,34.947372739],[139.965214267,34.947724964],[139.964743891,34.947700595],[139.965078742,34.948279883],[139.964611128,34.948482955],[139.965425798,34.948885937],[139.964903074,34.948726667],[139.965196148,34.949401378],[139.964389818,34.949633297],[139.965248547,34.949987099],[139.964254189,34.949710613],[139.964689494,34.950186577],[139.963991375,34.949823586],[139.963826394,34.950112955],[139.964766576,34.950598649],[139.964252192,34.950589198],[139.964954578,34.951081369],[139.964418936,34.951278559],[139.96480607,34.951884387],[139.965118431,34.951256712],[139.965896641,34.951636919],[139.965320687,34.952301667],[139.966368664,34.953814559],[139.964593684,34.955947495],[139.964523658,34.956665144],[139.96490214,34.957050297],[139.964319261,34.956828991],[139.964477406,34.956706577],[139.964394293,34.956296495],[139.964792166,34.955449396],[139.964485966,34.955348577],[139.964800337,34.95541982],[139.965851907,34.953164162],[139.964987873,34.952394793],[139.964428949,34.952824856],[139.964838236,34.953233955],[139.964340584,34.952816027],[139.964092892,34.953008486],[139.964016693,34.954048252],[139.964596744,34.95457391],[139.96359275,34.954403351],[139.962701647,34.955207604],[139.962684332,34.956246586],[139.963814825,34.956354901],[139.963751569,34.956784072],[139.962653476,34.956676351],[139.962366018,34.958757541],[139.9632369,34.958846036],[139.963170428,34.959262144],[139.96221904,34.959089982],[139.962182114,34.959560685],[139.963007237,34.959580811],[139.962952399,34.960225784],[139.962109481,34.960592144],[139.962106524,34.961424658],[139.963619274,34.961409703],[139.963861102,34.958259856],[139.964548755,34.957643766],[139.963913606,34.958291892],[139.96368716,34.961751108],[139.961453217,34.961766739],[139.960826161,34.962874865],[139.9606531,34.967308874],[139.961909209,34.970760126],[139.964338366,34.974542468],[139.96673441,34.97694527],[139.967737354,34.977107874],[139.968141193,34.976450604],[139.968614267,34.977745414],[139.967006809,34.978976081],[139.967104215,34.98153145],[139.968095733,34.982600523],[139.968948664,34.982604081],[139.969117925,34.983223568],[139.969912503,34.983446243],[139.970231427,34.984607793],[139.970727756,34.984499955],[139.970251193,34.984773459],[139.970745357,34.985592883],[139.971314553,34.985626225],[139.970794008,34.986196459],[139.97137275,34.98596755],[139.971788677,34.986506252],[139.971944656,34.985721423],[139.971529222,34.985674297],[139.971833165,34.985666477],[139.971988314,34.985697847],[139.97185668,34.986359955],[139.972342789,34.986485423],[139.971632166,34.987492009],[139.971673645,34.990201703],[139.972838807,34.996063919],[139.976270311,35.00400127],[139.978795499,35.008367072],[139.984657626,35.015299964],[139.987602983,35.01786473],[139.987448327,35.018367405],[139.987988949,35.018230955],[139.989138612,35.019138793],[139.990579442,35.020895432],[139.990332114,35.021410676],[139.991105266,35.021438423],[139.993567575,35.024013946],[140.000710921,35.029918207],[140.004733502,35.032043387],[140.006366706,35.032611703],[140.006373852,35.032362072],[140.006712231,35.033108541],[140.009392464,35.034952964],[140.010908366,35.035023577],[140.011728755,35.033213324],[140.012441933,35.032971586],[140.011381089,35.034110883],[140.012477626,35.034510153],[140.011406018,35.034184955],[140.011242737,35.034550378],[140.012461738,35.034963613],[140.012274708,35.035733315],[140.012760999,35.035541559],[140.01253546,35.035248459],[140.013076939,35.035270378],[140.012753087,35.035428342],[140.013137536,35.036117667],[140.012661556,35.036072667],[140.012948742,35.036439135],[140.014896576,35.035981811],[140.014661543,35.035512495],[140.013883113,35.035647252],[140.013969728,35.03590882],[140.013476693,35.035737108],[140.01397738,35.035550658],[140.013608962,35.035376234],[140.013803191,35.034739054],[140.013894293,35.035346423],[140.014992698,35.035093811],[140.016031336,35.035464018],[140.01603668,35.035059703],[140.017300078,35.035657721],[140.017163515,35.036199162],[140.018022776,35.036189297],[140.017528301,35.035671523],[140.017930311,35.035622234],[140.017829274,35.035724793],[140.018053619,35.035916288],[140.017937549,35.035424261],[140.014074358,35.034249333],[140.013921466,35.034498369],[140.014048145,35.034144468],[140.013409883,35.033760288],[140.017948625,35.035383405],[140.018110752,35.035491793],[140.018091154,35.036178919],[140.017936693,35.036457883],[140.019252685,35.037036784],[140.019335058,35.037786856],[140.024656213,35.043983369],[140.027924799,35.046547351],[140.036442088,35.051025568],[140.037676563,35.052018856]]]},"properties":{"N03_001":"千葉県","N03_002":null,"N03_003":null,"N03_004":"南房総市","N03_005":null,"N03_007":"12234"}},
{"type":"Feature","geometry":{"type":"Polygon","coordinates":[[[139.892615927,34.904767847],[139.892646706,34.905123108],[139.890347588,34.904282586],[139.892012944,34.903487216],[139.893313696,34.904712153],[139.892615927,34.904767847]]]},"properties":{"N03_001":"千葉県","N03_002":null,"N03_003":null,"N03_004":"南房総市","N03_005":null,"N03_007":"12234"}},
{"type":"Feature","geometry":{"type":"Polygon","coordinates":[[[139.896248067,34.903233405],[139.895698508,34.902763378],[139.89856179,34.902160586],[139.897445422,34.903111892],[139.896248067,34.903233405]]]},"properties":{"N03_001":"千葉県","N03_002":null,"N03_003":null,"N03_004":"南房総市","N03_005":null,"N03_007":"12234"}},
{"type":"Feature","geometry":{"type":"Polygon","coordinates":[[[139.893022594,34.904218649],[139.892147977,34.903495991],[139.892244099,34.903251459],[139.893171933,34.903433018],[139.892438016,34.903574009],[139.893274747,34.903669333],[139.893586628,34.904141739],[139.893022594,34.904218649]]]},"properties":{"N03_001":"千葉県","N03_002":null,"N03_003":null,"N03_004":"南房総市","N03_005":null,"N03_007":"12234"}},
{"type":"Feature","geometry":{"type":"Polygon","coordinates":[[[139.902374747,34.904606919],[139.90122345,34.90405018],[139.902403424,34.904225036],[139.902724176,34.904502514],[139.902374747,34.904606919]]]},"properties":{"N03_001":"千葉県","N03_002":null,"N03_003":null,"N03_004":"南房総市","N03_005":null,"N03_007":"12234"}},
{"type":"Feature","geometry":{"type":"Polygon","coordinates":[[[139.927156589,34.909743676],[139.926599857,34.909896153],[139.925951958,34.909482595],[139.927156589,34.909743676]]]},"properties":{"N03_001":"千葉県","N03_002":null,"N03_003":null,"N03_004":"南房総市","N03_005":null,"N03_007":"12234"}},
{"type":"Feature","geometry":{"type":"Polygon","coordinates":[[[139.895537743,34.903307423],[139.894667315,34.903379712],[139.895620156,34.902905315],[139.895537743,34.903307423]]]},"properties":{"N03_001":"千葉県","N03_002":null,"N03_003":null,"N03_004":"南房総市","N03_005":null,"N03_007":"12234"}},
{"type":"Feature","geometry":{"type":"Polygon","coordinates":[[[139.929751154,34.910494018],[139.92974716,34.909697198],[139.928824955,34.908566468],[139.929836576,34.909521874],[139.929751154,34.910494018]]]},"properties":{"N03_001":"千葉県","N03_002":null,"N03_003":null,"N03_004":"南房総市","N03_005":null,"N03_007":"12234"}},
{"type":"Feature","geometry":{"type":"Polygon","coordinates":[[[139.965849831,34.942850802],[139.965991219,34.94313164],[139.965367056,34.943073306],[139.965367056,34.942781919],[139.965849831,34.942850802]]]},"properties":{"N03_001":"千葉県","N03_002":null,"N03_003":null,"N03_004":"南房総市","N03_005":null,"N03_007":"12234"}},
{"type":"Feature","geometry":{"type":"Polygon","coordinates":[[[139.964642075,34.943173288],[139.964151375,34.943091514],[139.964108288,34.942642982],[139.964642075,34.943173288]]]},"properties":{"N03_001":"千葉県","N03_002":null,"N03_003":null,"N03_004":"南房総市","N03_005":null,"N03_007":"12234"}},
{"type":"Feature","geometry":{"type":"Polygon","coordinates":[[[139.820918249,35.028808622],[139.819693878,35.028779198],[139.82065703,35.028461802],[139.820918249,35.028808622]]]},"properties":{"N03_001":"千葉県","N03_002":null,"N03_003":null,"N03_004":"南房総市","N03_005":null,"N03_007":"12234"}},
{"type":"Feature","geometry":{"type":"Polygon","coordinates":[[[139.885417601,34.903270171],[139.884713658,34.903090351],[139.885248651,34.902766667],[139.885417601,34.903270171]]]},"properties":{"N03_001":"千葉県","N03_002":null,"N03_003":null,"N03_004":"南房総市","N03_005":null,"N03_007":"12234"}},
{"type":"Feature","geometry":null,"properties":{"N03_001":"千葉県","N03_002":null,"N03_003":null,"N03_004":"南房総市","N03_005":null,"N03_007":"12234"}},
{"type":"Feature","geometry":null,"properties":{"N03_001":"千葉県","N03_002":null,"N03_003":null,"N03_004":"南房総市","N03_005":null,"N03_007":"12234"}},
{"type":"Feature","geometry":null,"properties":{"N03_001":"千葉県","N03_002":null,"N03_003":null,"N03_004":"南房総市","N03_005":null,"N03_007":"12234"}},
{"type":"Feature","geometry":null,"properties":{"N03_001":"千葉県","N03_002":null,"N03_003":null,"N03_004":"南房総市","N03_005":null,"N03_007":"12234"}},
{"type":"Feature","geometry":null,"properties":{"N03_001":"千葉県","N03_002":null,"N03_003":null,"N03_004":"南房総市","N03_005":null,"N03_007":"12234"}},
{"type":"Feature","geometry":{"type":"Polygon","coordinates":[[[139.909215123,34.90527445],[139.908351505,34.905019865],[139.909026719,34.904950757],[139.909215123,34.90527445]]]},"properties":{"N03_001":"千葉県","N03_002":null,"N03_003":null,"N03_004":"南房総市","N03_005":null,"N03_007":"12234"}},
{"type":"Feature","geometry":{"type":"Polygon","coordinates":[[[139.97104035,34.984558468],[139.972421505,34.98536182],[139.971173113,34.984821459],[139.970885396,34.98444218],[139.970943969,34.984170135],[139.97104035,34.984558468]]]},"properties":{"N03_001":"千葉県","N03_002":null,"N03_003":null,"N03_004":"南房総市","N03_005":null,"N03_007":"12234"}},
{"type":"Feature","geometry":null,"properties":{"N03_001":"千葉県","N03_002":null,"N03_003":null,"N03_004":"南房総市","N03_005":null,"N03_007":"12234"}},
{"type":"Feature","geometry":null,"properties":{"N03_001":"千葉県","N03_002":null,"N03_003":null,"N03_004":"南房総市","N03_005":null,"N03_007":"12234"}},
{"type":"Feature","geometry":{"type":"Polygon","coordinates":[[[139.915187471,34.906581252],[139.914734994,34.906368351],[139.915087756,34.906224685],[139.915187471,34.906581252]]]},"properties":{"N03_001":"千葉県","N03_002":null,"N03_003":null,"N03_004":"南房総市","N03_005":null,"N03_007":"12234"}},
{"type":"Feature","geometry":{"type":"Polygon","coordinates":[[[139.884305045,34.903054919],[139.883733515,34.902699423],[139.884309105,34.902718748],[139.884305045,34.903054919]]]},"properties":{"N03_001":"千葉県","N03_002":null,"N03_003":null,"N03_004":"南房総市","N03_005":null,"N03_007":"12234"}},
{"type":"Feature","geometry":null,"properties":{"N03_001":"千葉県","N03_002":null,"N03_003":null,"N03_004":"南房総市","N03_005":null,"N03_007":"12234"}},
{"type":"Feature","geometry":{"type":"Polygon","coordinates":[[[139.950965032,34.926639694],[139.950909754,34.927094694],[139.950605305,34.926684973],[139.950965032,34.926639694]]]},"properties":{"N03_001":"千葉県","N03_002":null,"N03_003":null,"N03_004":"南房総市","N03_005":null,"N03_007":"12234"}},
{"type":"Feature","geometry":{"type":"Polygon","coordinates":[[[139.886998249,34.900236964],[139.886735357,34.899641559],[139.887465045,34.900081703],[139.886998249,34.900236964]]]},"properties":{"N03_001":"千葉県","N03_002":null,"N03_003":null,"N03_004":"南房総市","N03_005":null,"N03_007":"12234"}},
{"type":"Feature","geometry":null,"properties":{"N03_001":"千葉県","N03_002":null,"N03_003":null,"N03_004":"南房総市","N03_005":null,"N03_007":"12234"}},
{"type":"Feature","geometry":null,"properties":{"N03_001":"千葉県","N03_002":null,"N03_003":null,"N03_004":"南房総市","N03_005":null,"N03_007":"12234"}},
{"type":"Feature","geometry":null,"properties":{"N03_001":"千葉県","N03_002":null,"N03_003":null,"N03_004":"南房総市","N03_005":null,"N03_007":"12234"}},
{"type":"Feature","geometry":null,"properties":{"N03_001":"千葉県","N03_002":null,"N03_003":null,"N03_004":"南房総市","N03_005":null,"N03_007":"12234"}},
{"type":"Feature","geometry":null,"properties":{"N03_001":"千葉県","N03_002":null,"N03_003":null,"N03_004":"南房総市","N03_005":null,"N03_007":"12234"}},
{"type":"Feature","geometry":null,"properties":{"N03_001":"千葉県","N03_002":null,"N03_003":null,"N03_004":"南房総市","N03_005":null,"N03_007":"12234"}},
{"type":"Feature","geometry":null,"properties":{"N03_001":"千葉県","N03_002":null,"N03_003":null,"N03_004":"南房総市","N03_005":null,"N03_007":"12234"}},
{"type":"Feature","geometry":null,"properties":{"N03_001":"千葉県","N03_002":null,"N03_003":null,"N03_004":"南房総市","N03_005":null,"N03_007":"12234"}},
{"type":"Feature","geometry":null,"properties":{"N03_001":"千葉県","N03_002":null,"N03_003":null,"N03_004":"南房総市","N03_005":null,"N03_007":"12234"}},
{"type":"Feature","geometry":null,"properties":{"N03_001":"千葉県","N03_002":null,"N03_003":null,"N03_004":"南房総市","N03_005":null,"N03_007":"12234"}},
{"type":"Feature","geometry":null,"properties":{"N03_001":"千葉県","N03_002":null,"N03_003":null,"N03_004":"南房総市","N03_005":null,"N03_007":"12234"}},
{"type":"Feature","geometry":{"type":"Polygon","coordinates":[[[139.895790882,34.902343784],[139.895475253,34.902286793],[139.896343982,34.902159775],[139.895790882,34.902343784]]]},"properties":{"N03_001":"千葉県","N03_002":null,"N03_003":null,"N03_004":"南房総市","N03_005":null,"N03_007":"12234"}},
{"type":"Feature","geometry":null,"properties":{"N03_001":"千葉県","N03_002":null,"N03_003":null,"N03_004":"南房総市","N03_005":null,"N03_007":"12234"}},
{"type":"Feature","geometry":null,"properties":{"N03_001":"千葉県","N03_002":null,"N03_003":null,"N03_004":"南房総市","N03_005":null,"N03_007":"12234"}},
{"type":"Feature","geometry":null,"properties":{"N03_001":"千葉県","N03_002":null,"N03_003":null,"N03_004":"南房総市","N03_005":null,"N03_007":"12234"}},
{"type":"Feature","geometry":null,"properties":{"N03_001":"千葉県","N03_002":null,"N03_003":null,"N03_004":"南房総市","N03_005":null,"N03_007":"12234"}},
{"type":"Feature","geometry":null,"properties":{"N03_001":"千葉県","N03_002":null,"N03_003":null,"N03_004":"南房総市","N03_005":null,"N03_007":"12234"}},
{"type":"Feature","geometry":null,"properties":{"N03_001":"千葉県","N03_002":null,"N03_003":null,"N03_004":"南房総市","N03_005":null,"N03_007":"12234"}},
{"type":"Feature","geometry":{"type":"Polygon","coordinates":[[[139.882489922,34.903086676],[139.882250208,34.903337928],[139.882117185,34.903038505],[139.882489922,34.903086676]]]},"properties":{"N03_001":"千葉県","N03_002":null,"N03_003":null,"N03_004":"南房総市","N03_005":null,"N03_007":"12234"}},
{"type":"Feature","geometry":null,"properties":{"N03_001":"千葉県","N03_002":null,"N03_003":null,"N03_004":"南房総市","N03_005":null,"N03_007":"12234"}},
{"type":"Feature","geometry":null,"properties":{"N03_001":"千葉県","N03_002":null,"N03_003":null,"N03_004":"南房総市","N03_005":null,"N03_007":"12234"}},
{"type":"Feature","geometry":null,"properties":{"N03_001":"千葉県","N03_002":null,"N03_003":null,"N03_004":"南房総市","N03_005":null,"N03_007":"12234"}},
{"type":"Feature","geometry":null,"properties":{"N03_001":"千葉県","N03_002":null,"N03_003":null,"N03_004":"南房総市","N03_005":null,"N03_007":"12234"}},
{"type":"Feature","geometry":null,"properties":{"N03_001":"千葉県","N03_002":null,"N03_003":null,"N03_004":"南房総市","N03_005":null,"N03_007":"12234"}},
{"type":"Feature","geometry":null,"properties":{"N03_001":"千葉県","N03_002":null,"N03_003":null,"N03_004":"南房総市","N03_005":null,"N03_007":"12234"}},
{"type":"Feature","geometry":null,"properties":{"N03_001":"千葉県","N03_002":null,"N03_003":null,"N03_004":"南房総市","N03_005":null,"N03_007":"12234"}},
{"type":"Feature","geometry":null,"properties":{"N03_001":"千葉県","N03_002":null,"N03_003":null,"N03_004":"南房総市","N03_005":null,"N03_007":"12234"}},
{"type":"Feature","geometry":null,"properties":{"N03_001":"千葉県","N03_002":null,"N03_003":null,"N03_004":"南房総市","N03_005":null,"N03_007":"12234"}},
{"type":"Feature","geometry":null,"properties":{"N03_001":"千葉県","N03_002":null,"N03_003":null,"N03_004":"南房総市","N03_005":null,"N03_007":"12234"}},
{"type":"Feature","geometry":null,"properties":{"N03_001":"千葉県","N03_002":null,"N03_003":null,"N03_004":"南房総市","N03_005":null,"N03_007":"12234"}},
{"type":"Feature","geometry":null,"properties":{"N03_001":"千葉県","N03_002":null,"N03_003":null,"N03_004":"南房総市","N03_005":null,"N03_007":"12234"}},
{"type":"Feature","geometry":null,"properties":{"N03_001":"千葉県","N03_002":null,"N03_003":null,"N03_004":"南房総市","N03_005":null,"N03_007":"12234"}},
{"type":"Feature","geometry":null,"properties":{"N03_001":"千葉県","N03_002":null,"N03_003":null,"N03_004":"南房総市","N03_005":null,"N03_007":"12234"}},
{"type":"Feature","geometry":null,"properties":{"N03_001":"千葉県","N03_002":null,"N03_003":null,"N03_004":"南房総市","N03_005":null,"N03_007":"12234"}},
{"type":"Feature","geometry":null,"properties":{"N03_001":"千葉県","N03_002":null,"N03_003":null,"N03_004":"南房総市","N03_005":null,"N03_007":"12234"}},
{"type":"Feature","geometry":null,"properties":{"N03_001":"千葉県","N03_002":null,"N03_003":null,"N03_004":"南房総市","N03_005":null,"N03_007":"12234"}},
{"type":"Feature","geometry":null,"properties":{"N03_001":"千葉県","N03_002":null,"N03_003":null,"N03_004":"南房総市","N03_005":null,"N03_007":"12234"}},
{"type":"Feature","geometry":null,"properties":{"N03_001":"千葉県","N03_002":null,"N03_003":null,"N03_004":"南房総市","N03_005":null,"N03_007":"12234"}},
{"type":"Feature","geometry":{"type":"Polygon","coordinates":[[[139.887728184,34.89955755],[139.887410519,34.899529477],[139.887652607,34.899264514],[139.887728184,34.89955755]]]},"properties":{"N03_001":"千葉県","N03_002":null,"N03_003":null,"N03_004":"南房総市","N03_005":null,"N03_007":"12234"}},
{"type":"Feature","geometry":null,"properties":{"N03_001":"千葉県","N03_002":null,"N03_003":null,"N03_004":"南房総市","N03_005":null,"N03_007":"12234"}},
{"type":"Feature","geometry":null,"properties":{"N03_001":"千葉県","N03_002":null,"N03_003":null,"N03_004":"南房総市","N03_005":null,"N03_007":"12234"}},
{"type":"Feature","geometry":null,"properties":{"N03_001":"千葉県","N03_002":null,"N03_003":null,"N03_004":"南房総市","N03_005":null,"N03_007":"12234"}},
{"type":"Feature","geometry":null,"properties":{"N03_001":"千葉県","N03_002":null,"N03_003":null,"N03_004":"南房総市","N03_005":null,"N03_007":"12234"}},
{"type":"Feature","geometry":{"type":"Polygon","coordinates":[[[139.82677214,35.05347927],[139.826708975,35.053728342],[139.826452036,35.053457171],[139.82677214,35.05347927]]]},"properties":{"N03_001":"千葉県","N03_002":null,"N03_003":null,"N03_004":"南房総市","N03_005":null,"N03_007":"12234"}},
{"type":"Feature","geometry":null,"properties":{"N03_001":"千葉県","N03_002":null,"N03_003":null,"N03_004":"南房総市","N03_005":null,"N03_007":"12234"}},
{"type":"Feature","geometry":null,"properties":{"N03_001":"千葉県","N03_002":null,"N03_003":null,"N03_004":"南房総市","N03_005":null,"N03_007":"12234"}},
{"type":"Feature","geometry":null,"properties":{"N03_001":"千葉県","N03_002":null,"N03_003":null,"N03_004":"南房総市","N03_005":null,"N03_007":"12234"}},
{"type":"Feature","geometry":null,"properties":{"N03_001":"千葉県","N03_002":null,"N03_003":null,"N03_004":"南房総市","N03_005":null,"N03_007":"12234"}},
{"type":"Feature","geometry":null,"properties":{"N03_001":"千葉県","N03_002":null,"N03_003":null,"N03_004":"南房総市","N03_005":null,"N03_007":"12234"}},
{"type":"Feature","geometry":null,"properties":{"N03_001":"千葉県","N03_002":null,"N03_003":null,"N03_004":"南房総市","N03_005":null,"N03_007":"12234"}},
{"type":"Feature","geometry":null,"properties":{"N03_001":"千葉県","N03_002":null,"N03_003":null,"N03_004":"南房総市","N03_005":null,"N03_007":"12234"}},
{"type":"Feature","geometry":null,"properties":{"N03_001":"千葉県","N03_002":null,"N03_003":null,"N03_004":"南房総市","N03_005":null,"N03_007":"12234"}},
{"type":"Feature","geometry":null,"properties":{"N03_001":"千葉県","N03_002":null,"N03_003":null,"N03_004":"南房総市","N03_005":null,"N03_007":"12234"}},
{"type":"Feature","geometry":null,"properties":{"N03_001":"千葉県","N03_002":null,"N03_003":null,"N03_004":"南房総市","N03_005":null,"N03_007":"12234"}},
{"type":"Feature","geometry":null,"properties":{"N03_001":"千葉県","N03_002":null,"N03_003":null,"N03_004":"南房総市","N03_005":null,"N03_007":"12234"}},
{"type":"Feature","geometry":null,"properties":{"N03_001":"千葉県","N03_002":null,"N03_003":null,"N03_004":"南房総市","N03_005":null,"N03_007":"12234"}},
{"type":"Feature","geometry":null,"properties":{"N03_001":"千葉県","N03_002":null,"N03_003":null,"N03_004":"南房総市","N03_005":null,"N03_007":"12234"}},
{"type":"Feature","geometry":null,"properties":{"N03_001":"千葉県","N03_002":null,"N03_003":null,"N03_004":"南房総市","N03_005":null,"N03_007":"12234"}},
{"type":"Feature","geometry":null,"properties":{"N03_001":"千葉県","N03_002":null,"N03_003":null,"N03_004":"南房総市","N03_005":null,"N03_007":"12234"}},
{"type":"Feature","geometry":null,"properties":{"N03_001":"千葉県","N03_002":null,"N03_003":null,"N03_004":"南房総市","N03_005":null,"N03_007":"12234"}},
{"type":"Feature","geometry":null,"properties":{"N03_001":"千葉県","N03_002":null,"N03_003":null,"N03_004":"南房総市","N03_005":null,"N03_007":"12234"}},
{"type":"Feature","geometry":null,"properties":{"N03_001":"千葉県","N03_002":null,"N03_003":null,"N03_004":"南房総市","N03_005":null,"N03_007":"12234"}},
{"type":"Feature","geometry":null,"properties":{"N03_001":"千葉県","N03_002":null,"N03_003":null,"N03_004":"南房総市","N03_005":null,"N03_007":"12234"}},
{"type":"Feature","geometry":null,"properties":{"N03_001":"千葉県","N03_002":null,"N03_003":null,"N03_004":"南房総市","N03_005":null,"N03_007":"12234"}},
{"type":"Feature","geometry":null,"properties":{"N03_001":"千葉県","N03_002":null,"N03_003":null,"N03_004":"南房総市","N03_005":null,"N03_007":"12234"}},
{"type":"Feature","geometry":null,"properties":{"N03_001":"千葉県","N03_002":null,"N03_003":null,"N03_004":"南房総市","N03_005":null,"N03_007":"12234"}},
{"type":"Feature","geometry":null,"properties":{"N03_001":"千葉県","N03_002":null,"N03_003":null,"N03_004":"南房総市","N03_005":null,"N03_007":"12234"}},
{"type":"Feature","geometry":null,"properties":{"N03_001":"千葉県","N03_002":null,"N03_003":null,"N03_004":"南房総市","N03_005":null,"N03_007":"12234"}},
{"type":"Feature","geometry":null,"properties":{"N03_001":"千葉県","N03_002":null,"N03_003":null,"N03_004":"南房総市","N03_005":null,"N03_007":"12234"}},
{"type":"Feature","geometry":null,"properties":{"N03_001":"千葉県","N03_002":null,"N03_003":null,"N03_004":"南房総市","N03_005":null,"N03_007":"12234"}},
{"type":"Feature","geometry":null,"properties":{"N03_001":"千葉県","N03_002":null,"N03_003":null,"N03_004":"南房総市","N03_005":null,"N03_007":"12234"}},
{"type":"Feature","geometry":null,"properties":{"N03_001":"千葉県","N03_002":null,"N03_003":null,"N03_004":"南房総市","N03_005":null,"N03_007":"12234"}},
{"type":"Feature","geometry":null,"properties":{"N03_001":"千葉県","N03_002":null,"N03_003":null,"N03_004":"南房総市","N03_005":null,"N03_007":"12234"}},
{"type":"Feature","geometry":null,"properties":{"N03_001":"千葉県","N03_002":null,"N03_003":null,"N03_004":"南房総市","N03_005":null,"N03_007":"12234"}},
{"type":"Feature","geometry":null,"properties":{"N03_001":"千葉県","N03_002":null,"N03_003":null,"N03_004":"南房総市","N03_005":null,"N03_007":"12234"}},
{"type":"Feature","geometry":null,"properties":{"N03_001":"千葉県","N03_002":null,"N03_003":null,"N03_004":"南房総市","N03_005":null,"N03_007":"12234"}},
{"type":"Feature","geometry":null,"properties":{"N03_001":"千葉県","N03_002":null,"N03_003":null,"N03_004":"南房総市","N03_005":null,"N03_007":"12234"}},
{"type":"Feature","geometry":null,"properties":{"N03_001":"千葉県","N03_002":null,"N03_003":null,"N03_004":"南房総市","N03_005":null,"N03_007":"12234"}},
{"type":"Feature","geometry":null,"properties":{"N03_001":"千葉県","N03_002":null,"N03_003":null,"N03_004":"南房総市","N03_005":null,"N03_007":"12234"}},
{"type":"Feature","geometry":null,"properties":{"N03_001":"千葉県","N03_002":null,"N03_003":null,"N03_004":"南房総市","N03_005":null,"N03_007":"12234"}},
{"type":"Feature","geometry":null,"properties":{"N03_001":"千葉県","N03_002":null,"N03_003":null,"N03_004":"南房総市","N03_005":null,"N03_007":"12234"}},
{"type":"Feature","geometry":null,"properties":{"N03_001":"千葉県","N03_002":null,"N03_003":null,"N03_004":"南房総市","N03_005":null,"N03_007":"12234"}},
{"type":"Feature","geometry":null,"properties":{"N03_001":"千葉県","N03_002":null,"N03_003":null,"N03_004":"南房総市","N03_005":null,"N03_007":"12234"}},
{"type":"Feature","geometry":null,"properties":{"N03_001":"千葉県","N03_002":null,"N03_003":null,"N03_004":"南房総市","N03_005":null,"N03_007":"12234"}},
{"type":"Feature","geometry":null,"properties":{"N03_001":"千葉県","N03_002":null,"N03_003":null,"N03_004":"南房総市","N03_005":null,"N03_007":"12234"}},
{"type":"Feature","geometry":null,"properties":{"N03_001":"千葉県","N03_002":null,"N03_003":null,"N03_004":"南房総市","N03_005":null,"N03_007":"12234"}},
{"type":"Feature","geometry":null,"properties":{"N03_001":"千葉県","N03_002":null,"N03_003":null,"N03_004":"南房総市","N03_005":null,"N03_007":"12234"}},
{"type":"Feature","geometry":null,"properties":{"N03_001":"千葉県","N03_002":null,"N03_003":null,"N03_004":"南房総市","N03_005":null,"N03_007":"12234"}},
{"type":"Feature","geometry":null,"properties":{"N03_001":"千葉県","N03_002":null,"N03_003":null,"N03_004":"南房総市","N03_005":null,"N03_007":"12234"}},
{"type":"Feature","geometry":null,"properties":{"N03_001":"千葉県","N03_002":null,"N03_003":null,"N03_004":"南房総市","N03_005":null,"N03_007":"12234"}},
{"type":"Feature","geometry":{"type":"Polygon","coordinates":[[[139.960670415,34.93814355],[139.960969092,34.938381856],[139.960366744,34.938074541],[139.960670415,34.93814355]]]},"properties":{"N03_001":"千葉県","N03_002":null,"N03_003":null,"N03_004":"南房総市","N03_005":null,"N03_007":"12234"}},
{"type":"Feature","geometry":null,"properties":{"N03_001":"千葉県","N03_002":null,"N03_003":null,"N03_004":"南房総市","N03_005":null,"N03_007":"12234"}},
{"type":"Feature","geometry":null,"properties":{"N03_001":"千葉県","N03_002":null,"N03_003":null,"N03_004":"南房総市","N03_005":null,"N03_007":"12234"}},
{"type":"Feature","geometry":null,"properties":{"N03_001":"千葉県","N03_002":null,"N03_003":null,"N03_004":"南房総市","N03_005":null,"N03_007":"12234"}},
{"type":"Feature","geometry":null,"properties":{"N03_001":"千葉県","N03_002":null,"N03_003":null,"N03_004":"南房総市","N03_005":null,"N03_007":"12234"}},
{"type":"Feature","geometry":null,"properties":{"N03_001":"千葉県","N03_002":null,"N03_003":null,"N03_004":"南房総市","N03_005":null,"N03_007":"12234"}},
{"type":"Feature","geometry":null,"properties":{"N03_001":"千葉県","N03_002":null,"N03_003":null,"N03_004":"南房総市","N03_005":null,"N03_007":"12234"}},
{"type":"Feature","geometry":null,"properties":{"N03_001":"千葉県","N03_002":null,"N03_003":null,"N03_004":"南房総市","N03_005":null,"N03_007":"12234"}},
{"type":"Feature","geometry":null,"properties":{"N03_001":"千葉県","N03_002":null,"N03_003":null,"N03_004":"南房総市","N03_005":null,"N03_007":"12234"}},
{"type":"Feature","geometry":null,"properties":{"N03_001":"千葉県","N03_002":null,"N03_003":null,"N03_004":"南房総市","N03_005":null,"N03_007":"12234"}},
{"type":"Feature","geometry":null,"properties":{"N03_001":"千葉県","N03_002":null,"N03_003":null,"N03_004":"南房総市","N03_005":null,"N03_007":"12234"}},
{"type":"Feature","geometry":{"type":"Polygon","coordinates":[[[139.841477315,34.903132586],[139.841606252,34.903418162],[139.841069261,34.903037144],[139.841477315,34.903132586]]]},"properties":{"N03_001":"千葉県","N03_002":null,"N03_003":null,"N03_004":"南房総市","N03_005":null,"N03_007":"12234"}},
{"type":"Feature","geometry":null,"properties":{"N03_001":"千葉県","N03_002":null,"N03_003":null,"N03_004":"南房総市","N03_005":null,"N03_007":"12234"}},
{"type":"Feature","geometry":null,"properties":{"N03_001":"千葉県","N03_002":null,"N03_003":null,"N03_004":"南房総市","N03_005":null,"N03_007":"12234"}},
{"type":"Feature","geometry":null,"properties":{"N03_001":"千葉県","N03_002":null,"N03_003":null,"N03_004":"南房総市","N03_005":null,"N03_007":"12234"}},
{"type":"Feature","geometry":null,"properties":{"N03_001":"千葉県","N03_002":null,"N03_003":null,"N03_004":"南房総市","N03_005":null,"N03_007":"12234"}},
{"type":"Feature","geometry":null,"properties":{"N03_001":"千葉県","N03_002":null,"N03_003":null,"N03_004":"南房総市","N03_005":null,"N03_007":"12234"}},
{"type":"Feature","geometry":null,"properties":{"N03_001":"千葉県","N03_002":null,"N03_003":null,"N03_004":"南房総市","N03_005":null,"N03_007":"12234"}},
{"type":"Feature","geometry":null,"properties":{"N03_001":"千葉県","N03_002":null,"N03_003":null,"N03_004":"南房総市","N03_005":null,"N03_007":"12234"}},
{"type":"Feature","geometry":null,"properties":{"N03_001":"千葉県","N03_002":null,"N03_003":null,"N03_004":"南房総市","N03_005":null,"N03_007":"12234"}},
{"type":"Feature","geometry":null,"properties":{"N03_001":"千葉県","N03_002":null,"N03_003":null,"N03_004":"南房総市","N03_005":null,"N03_007":"12234"}},
{"type":"Feature","geometry":null,"properties":{"N03_001":"千葉県","N03_002":null,"N03_003":null,"N03_004":"南房総市","N03_005":null,"N03_007":"12234"}},
{"type":"Feature","geometry":null,"properties":{"N03_001":"千葉県","N03_002":null,"N03_003":null,"N03_004":"南房総市","N03_005":null,"N03_007":"12234"}},
{"type":"Feature","geometry":null,"properties":{"N03_001":"千葉県","N03_002":null,"N03_003":null,"N03_004":"南房総市","N03_005":null,"N03_007":"12234"}},
{"type":"Feature","geometry":null,"properties":{"N03_001":"千葉県","N03_002":null,"N03_003":null,"N03_004":"南房総市","N03_005":null,"N03_007":"12234"}},
{"type":"Feature","geometry":null,"properties":{"N03_001":"千葉県","N03_002":null,"N03_003":null,"N03_004":"南房総市","N03_005":null,"N03_007":"12234"}},
{"type":"Feature","geometry":null,"properties":{"N03_001":"千葉県","N03_002":null,"N03_003":null,"N03_004":"南房総市","N03_005":null,"N03_007":"12234"}},
{"type":"Feature","geometry":null,"properties":{"N03_001":"千葉県","N03_002":null,"N03_003":null,"N03_004":"南房総市","N03_005":null,"N03_007":"12234"}},
{"type":"Feature","geometry":null,"properties":{"N03_001":"千葉県","N03_002":null,"N03_003":null,"N03_004":"南房総市","N03_005":null,"N03_007":"12234"}},
{"type":"Feature","geometry":null,"properties":{"N03_001":"千葉県","N03_002":null,"N03_003":null,"N03_004":"南房総市","N03_005":null,"N03_007":"12234"}},
{"type":"Feature","geometry":null,"properties":{"N03_001":"千葉県","N03_002":null,"N03_003":null,"N03_004":"南房総市","N03_005":null,"N03_007":"12234"}},
{"type":"Feature","geometry":null,"properties":{"N03_001":"千葉県","N03_002":null,"N03_003":null,"N03_004":"南房総市","N03_005":null,"N03_007":"12234"}},
{"type":"Feature","geometry":null,"properties":{"N03_001":"千葉県","N03_002":null,"N03_003":null,"N03_004":"南房総市","N03_005":null,"N03_007":"12234"}},
{"type":"Feature","geometry":null,"properties":{"N03_001":"千葉県","N03_002":null,"N03_003":null,"N03_004":"南房総市","N03_005":null,"N03_007":"12234"}},
{"type":"Feature","geometry":null,"properties":{"N03_001":"千葉県","N03_002":null,"N03_003":null,"N03_004":"南房総市","N03_005":null,"N03_007":"12234"}},
{"type":"Feature","geometry":null,"properties":{"N03_001":"千葉県","N03_002":null,"N03_003":null,"N03_004":"南房総市","N03_005":null,"N03_007":"12234"}},
{"type":"Feature","geometry":null,"properties":{"N03_001":"千葉県","N03_002":null,"N03_003":null,"N03_004":"南房総市","N03_005":null,"N03_007":"12234"}},
{"type":"Feature","geometry":null,"properties":{"N03_001":"千葉県","N03_002":null,"N03_003":null,"N03_004":"南房総市","N03_005":null,"N03_007":"12234"}},
{"type":"Feature","geometry":null,"properties":{"N03_001":"千葉県","N03_002":null,"N03_003":null,"N03_004":"南房総市","N03_005":null,"N03_007":"12234"}},
{"type":"Feature","geometry":null,"properties":{"N03_001":"千葉県","N03_002":null,"N03_003":null,"N03_004":"南房総市","N03_005":null,"N03_007":"12234"}},
{"type":"Feature","geometry":null,"properties":{"N03_001":"千葉県","N03_002":null,"N03_003":null,"N03_004":"南房総市","N03_005":null,"N03_007":"12234"}},
{"type":"Feature","geometry":null,"properties":{"N03_001":"千葉県","N03_002":null,"N03_003":null,"N03_004":"南房総市","N03_005":null,"N03_007":"12234"}},
{"type":"Feature","geometry":null,"properties":{"N03_001":"千葉県","N03_002":null,"N03_003":null,"N03_004":"南房総市","N03_005":null,"N03_007":"12234"}},
{"type":"Feature","geometry":null,"properties":{"N03_001":"千葉県","N03_002":null,"N03_003":null,"N03_004":"南房総市","N03_005":null,"N03_007":"12234"}},
{"type":"Feature","geometry":null,"properties":{"N03_001":"千葉県","N03_002":null,"N03_003":null,"N03_004":"南房総市","N03_005":null,"N03_007":"12234"}},
{"type":"Feature","geometry":null,"properties":{"N03_001":"千葉県","N03_002":null,"N03_003":null,"N03_004":"南房総市","N03_005":null,"N03_007":"12234"}},
{"type":"Feature","geometry":null,"properties":{"N03_001":"千葉県","N03_002":null,"N03_003":null,"N03_004":"南房総市","N03_005":null,"N03_007":"12234"}},
{"type":"Feature","geometry":null,"properties":{"N03_001":"千葉県","N03_002":null,"N03_003":null,"N03_004":"南房総市","N03_005":null,"N03_007":"12234"}},
{"type":"Feature","geometry":null,"properties":{"N03_001":"千葉県","N03_002":null,"N03_003":null,"N03_004":"南房総市","N03_005":null,"N03_007":"12234"}},
{"type":"Feature","geometry":null,"properties":{"N03_001":"千葉県","N03_002":null,"N03_003":null,"N03_004":"南房総市","N03_005":null,"N03_007":"12234"}},
{"type":"Feature","geometry":null,"properties":{"N03_001":"千葉県","N03_002":null,"N03_003":null,"N03_004":"南房総市","N03_005":null,"N03_007":"12234"}},
{"type":"Feature","geometry":null,"properties":{"N03_001":"千葉県","N03_002":null,"N03_003":null,"N03_004":"南房総市","N03_005":null,"N03_007":"12234"}},
{"type":"Feature","geometry":null,"properties":{"N03_001":"千葉県","N03_002":null,"N03_003":null,"N03_004":"南房総市","N03_005":null,"N03_007":"12234"}},
{"type":"Feature","geometry":null,"properties":{"N03_001":"千葉県","N03_002":null,"N03_003":null,"N03_004":"南房総市","N03_005":null,"N03_007":"12234"}},
{"type":"Feature","geometry":null,"properties":{"N03_001":"千葉県","N03_002":null,"N03_003":null,"N03_004":"南房総市","N03_005":null,"N03_007":"12234"}},
{"type":"Feature","geometry":null,"properties":{"N03_001":"千葉県","N03_002":null,"N03_003":null,"N03_004":"南房総市","N03_005":null,"N03_007":"12234"}},
{"type":"Feature","geometry":null,"properties":{"N03_001":"千葉県","N03_002":null,"N03_003":null,"N03_004":"南房総市","N03_005":null,"N03_007":"12234"}},
{"type":"Feature","geometry":null,"properties":{"N03_001":"千葉県","N03_002":null,"N03_003":null,"N03_004":"南房総市","N03_005":null,"N03_007":"12234"}},
{"type":"Feature","geometry":null,"properties":{"N03_001":"千葉県","N03_002":null,"N03_003":null,"N03_004":"南房総市","N03_005":null,"N03_007":"12234"}},
{"type":"Feature","geometry":null,"properties":{"N03_001":"千葉県","N03_002":null,"N03_003":null,"N03_004":"南房総市","N03_005":null,"N03_007":"12234"}},
{"type":"Feature","geometry":null,"properties":{"N03_001":"千葉県","N03_002":null,"N03_003":null,"N03_004":"南房総市","N03_005":null,"N03_007":"12234"}},
{"type":"Feature","geometry":null,"properties":{"N03_001":"千葉県","N03_002":null,"N03_003":null,"N03_004":"南房総市","N03_005":null,"N03_007":"12234"}},
{"type":"Feature","geometry":null,"properties":{"N03_001":"千葉県","N03_002":null,"N03_003":null,"N03_004":"南房総市","N03_005":null,"N03_007":"12234"}},
{"type":"Feature","geometry":null,"properties":{"N03_001":"千葉県","N03_002":null,"N03_003":null,"N03_004":"南房総市","N03_005":null,"N03_007":"12234"}},
{"type":"Feature","geometry":null,"properties":{"N03_001":"千葉県","N03_002":null,"N03_003":null,"N03_004":"南房総市","N03_005":null,"N03_007":"12234"}},
{"type":"Feature","geometry":null,"properties":{"N03_001":"千葉県","N03_002":null,"N03_003":null,"N03_004":"南房総市","N03_005":null,"N03_007":"12234"}},
{"type":"Feature","geometry":null,"properties":{"N03_001":"千葉県","N03_002":null,"N03_003":null,"N03_004":"南房総市","N03_005":null,"N03_007":"12234"}},
{"type":"Feature","geometry":null,"properties":{"N03_001":"千葉県","N03_002":null,"N03_003":null,"N03_004":"南房総市","N03_005":null,"N03_007":"12234"}},
{"type":"Feature","geometry":null,"properties":{"N03_001":"千葉県","N03_002":null,"N03_003":null,"N03_004":"南房総市","N03_005":null,"N03_007":"12234"}},
{"type":"Feature","geometry":null,"properties":{"N03_001":"千葉県","N03_002":null,"N03_003":null,"N03_004":"南房総市","N03_005":null,"N03_007":"12234"}},
{"type":"Feature","geometry":null,"properties":{"N03_001":"千葉県","N03_002":null,"N03_003":null,"N03_004":"南房総市","N03_005":null,"N03_007":"12234"}},
{"type":"Feature","geometry":null,"properties":{"N03_001":"千葉県","N03_002":null,"N03_003":null,"N03_004":"南房総市","N03_005":null,"N03_007":"12234"}},
{"type":"Feature","geometry":null,"properties":{"N03_001":"千葉県","N03_002":null,"N03_003":null,"N03_004":"南房総市","N03_005":null,"N03_007":"12234"}},
{"type":"Feature","geometry":null,"properties":{"N03_001":"千葉県","N03_002":null,"N03_003":null,"N03_004":"南房総市","N03_005":null,"N03_007":"12234"}},
{"type":"Feature","geometry":null,"properties":{"N03_001":"千葉県","N03_002":null,"N03_003":null,"N03_004":"南房総市","N03_005":null,"N03_007":"12234"}},
{"type":"Feature","geometry":null,"properties":{"N03_001":"千葉県","N03_002":null,"N03_003":null,"N03_004":"南房総市","N03_005":null,"N03_007":"12234"}},
{"type":"Feature","geometry":null,"properties":{"N03_001":"千葉県","N03_002":null,"N03_003":null,"N03_004":"南房総市","N03_005":null,"N03_007":"12234"}},
{"type":"Feature","geometry":null,"properties":{"N03_001":"千葉県","N03_002":null,"N03_003":null,"N03_004":"南房総市","N03_005":null,"N03_007":"12234"}},
{"type":"Feature","geometry":null,"properties":{"N03_001":"千葉県","N03_002":null,"N03_003":null,"N03_004":"南房総市","N03_005":null,"N03_007":"12234"}},
{"type":"Feature","geometry":null,"properties":{"N03_001":"千葉県","N03_002":null,"N03_003":null,"N03_004":"南房総市","N03_005":null,"N03_007":"12234"}},
{"type":"Feature","geometry":null,"properties":{"N03_001":"千葉県","N03_002":null,"N03_003":null,"N03_004":"南房総市","N03_005":null,"N03_007":"12234"}},
{"type":"Feature","geometry":null,"properties":{"N03_001":"千葉県","N03_002":null,"N03_003":null,"N03_004":"南房総市","N03_005":null,"N03_007":"12234"}},
{"type":"Feature","geometry":null,"properties":{"N03_001":"千葉県","N03_002":null,"N03_003":null,"N03_004":"南房総市","N03_005":null,"N03_007":"12234"}},
{"type":"Feature","geometry":null,"properties":{"N03_001":"千葉県","N03_002":null,"N03_003":null,"N03_004":"南房総市","N03_005":null,"N03_007":"12234"}},
{"type":"Feature","geometry":null,"properties":{"N03_001":"千葉県","N03_002":null,"N03_003":null,"N03_004":"南房総市","N03_005":null,"N03_007":"12234"}},
{"type":"Feature","geometry":null,"properties":{"N03_001":"千葉県","N03_002":null,"N03_003":null,"N03_004":"南房総市","N03_005":null,"N03_007":"12234"}},
{"type":"Feature","geometry":null,"properties":{"N03_001":"千葉県","N03_002":null,"N03_003":null,"N03_004":"南房総市","N03_005":null,"N03_007":"12234"}},
{"type":"Feature","geometry":null,"properties":{"N03_001":"千葉県","N03_002":null,"N03_003":null,"N03_004":"南房総市","N03_005":null,"N03_007":"12234"}},
{"type":"Feature","geometry":null,"properties":{"N03_001":"千葉県","N03_002":null,"N03_003":null,"N03_004":"南房総市","N03_005":null,"N03_007":"12234"}},
{"type":"Feature","geometry":null,"properties":{"N03_001":"千葉県","N03_002":null,"N03_003":null,"N03_004":"南房総市","N03_005":null,"N03_007":"12234"}},
{"type":"Feature","geometry":null,"properties":{"N03_001":"千葉県","N03_002":null,"N03_003":null,"N03_004":"南房総市","N03_005":null,"N03_007":"12234"}},
{"type":"Feature","geometry":null,"properties":{"N03_001":"千葉県","N03_002":null,"N03_003":null,"N03_004":"南房総市","N03_005":null,"N03_007":"12234"}},
{"type":"Feature","geometry":null,"properties":{"N03_001":"千葉県","N03_002":null,"N03_003":null,"N03_004":"南房総市","N03_005":null,"N03_007":"12234"}},
{"type":"Feature","geometry":null,"properties":{"N03_001":"千葉県","N03_002":null,"N03_003":null,"N03_004":"南房総市","N03_005":null,"N03_007":"12234"}},
{"type":"Feature","geometry":null,"properties":{"N03_001":"千葉県","N03_002":null,"N03_003":null,"N03_004":"南房総市","N03_005":null,"N03_007":"12234"}},
{"type":"Feature","geometry":null,"properties":{"N03_001":"千葉県","N03_002":null,"N03_003":null,"N03_004":"南房総市","N03_005":null,"N03_007":"12234"}},
{"type":"Feature","geometry":null,"properties":{"N03_001":"千葉県","N03_002":null,"N03_003":null,"N03_004":"南房総市","N03_005":null,"N03_007":"12234"}},
{"type":"Feature","geometry":null,"properties":{"N03_001":"千葉県","N03_002":null,"N03_003":null,"N03_004":"南房総市","N03_005":null,"N03_007":"12234"}},
{"type":"Feature","geometry":null,"properties":{"N03_001":"千葉県","N03_002":null,"N03_003":null,"N03_004":"南房総市","N03_005":null,"N03_007":"12234"}},
{"type":"Feature","geometry":null,"properties":{"N03_001":"千葉県","N03_002":null,"N03_003":null,"N03_004":"南房総市","N03_005":null,"N03_007":"12234"}},
{"type":"Feature","geometry":null,"properties":{"N03_001":"千葉県","N03_002":null,"N03_003":null,"N03_004":"南房総市","N03_005":null,"N03_007":"12234"}},
{"type":"Feature","geometry":null,"properties":{"N03_001":"千葉県","N03_002":null,"N03_003":null,"N03_004":"南房総市","N03_005":null,"N03_007":"12234"}},
{"type":"Feature","geometry":null,"properties":{"N03_001":"千葉県","N03_002":null,"N03_003":null,"N03_004":"南房総市","N03_005":null,"N03_007":"12234"}},
{"type":"Feature","geometry":null,"properties":{"N03_001":"千葉県","N03_002":null,"N03_003":null,"N03_004":"南房総市","N03_005":null,"N03_007":"12234"}},
{"type":"Feature","geometry":null,"properties":{"N03_001":"千葉県","N03_002":null,"N03_003":null,"N03_004":"南房総市","N03_005":null,"N03_007":"12234"}},
{"type":"Feature","geometry":null,"properties":{"N03_001":"千葉県","N03_002":null,"N03_003":null,"N03_004":"南房総市","N03_005":null,"N03_007":"12234"}},
{"type":"Feature","geometry":null,"properties":{"N03_001":"千葉県","N03_002":null,"N03_003":null,"N03_004":"南房総市","N03_005":null,"N03_007":"12234"}},
{"type":"Feature","geometry":null,"properties":{"N03_001":"千葉県","N03_002":null,"N03_003":null,"N03_004":"南房総市","N03_005":null,"N03_007":"12234"}},
{"type":"Feature","geometry":null,"properties":{"N03_001":"千葉県","N03_002":null,"N03_003":null,"N03_004":"南房総市","N03_005":null,"N03_007":"12234"}},
{"type":"Feature","geometry":null,"properties":{"N03_001":"千葉県","N03_002":null,"N03_003":null,"N03_004":"南房総市","N03_005":null,"N03_007":"12234"}},
{"type":"Feature","geometry":null,"properties":{"N03_001":"千葉県","N03_002":null,"N03_003":null,"N03_004":"南房総市","N03_005":null,"N03_007":"12234"}},
{"type":"Feature","geometry":null,"properties":{"N03_001":"千葉県","N03_002":null,"N03_003":null,"N03_004":"南房総市","N03_005":null,"N03_007":"12234"}},
{"type":"Feature","geometry":null,"properties":{"N03_001":"千葉県","N03_002":null,"N03_003":null,"N03_004":"南房総市","N03_005":null,"N03_007":"12234"}},
{"type":"Feature","geometry":null,"properties":{"N03_001":"千葉県","N03_002":null,"N03_003":null,"N03_004":"南房総市","N03_005":null,"N03_007":"12234"}},
{"type":"Feature","geometry":null,"properties":{"N03_001":"千葉県","N03_002":null,"N03_003":null,"N03_004":"南房総市","N03_005":null,"N03_007":"12234"}},
{"type":"Feature","geometry":null,"properties":{"N03_001":"千葉県","N03_002":null,"N03_003":null,"N03_004":"南房総市","N03_005":null,"N03_007":"12234"}},
{"type":"Feature","geometry":null,"properties":{"N03_001":"千葉県","N03_002":null,"N03_003":null,"N03_004":"南房総市","N03_005":null,"N03_007":"12234"}},
{"type":"Feature","geometry":null,"properties":{"N03_001":"千葉県","N03_002":null,"N03_003":null,"N03_004":"南房総市","N03_005":null,"N03_007":"12234"}},
{"type":"Feature","geometry":null,"properties":{"N03_001":"千葉県","N03_002":null,"N03_003":null,"N03_004":"南房総市","N03_005":null,"N03_007":"12234"}},
{"type":"Feature","geometry":null,"properties":{"N03_001":"千葉県","N03_002":null,"N03_003":null,"N03_004":"南房総市","N03_005":null,"N03_007":"12234"}},
{"type":"Feature","geometry":null,"properties":{"N03_001":"千葉県","N03_002":null,"N03_003":null,"N03_004":"南房総市","N03_005":null,"N03_007":"12234"}},
{"type":"Feature","geometry":null,"properties":{"N03_001":"千葉県","N03_002":null,"N03_003":null,"N03_004":"南房総市","N03_005":null,"N03_007":"12234"}},
{"type":"Feature","geometry":null,"properties":{"N03_001":"千葉県","N03_002":null,"N03_003":null,"N03_004":"南房総市","N03_005":null,"N03_007":"12234"}},
{"type":"Feature","geometry":null,"properties":{"N03_001":"千葉県","N03_002":null,"N03_003":null,"N03_004":"南房総市","N03_005":null,"N03_007":"12234"}},
{"type":"Feature","geometry":null,"properties":{"N03_001":"千葉県","N03_002":null,"N03_003":null,"N03_004":"南房総市","N03_005":null,"N03_007":"12234"}},
{"type":"Feature","geometry":null,"properties":{"N03_001":"千葉県","N03_002":null,"N03_003":null,"N03_004":"南房総市","N03_005":null,"N03_007":"12234"}},
{"type":"Feature","geometry":null,"properties":{"N03_001":"千葉県","N03_002":null,"N03_003":null,"N03_004":"南房総市","N03_005":null,"N03_007":"12234"}},
{"type":"Feature","geometry":null,"properties":{"N03_001":"千葉県","N03_002":null,"N03_003":null,"N03_004":"南房総市","N03_005":null,"N03_007":"12234"}},
{"type":"Feature","geometry":null,"properties":{"N03_001":"千葉県","N03_002":null,"N03_003":null,"N03_004":"南房総市","N03_005":null,"N03_007":"12234"}},
{"type":"Feature","geometry":null,"properties":{"N03_001":"千葉県","N03_002":null,"N03_003":null,"N03_004":"南房総市","N03_005":null,"N03_007":"12234"}},
{"type":"Feature","geometry":null,"properties":{"N03_001":"千葉県","N03_002":null,"N03_003":null,"N03_004":"南房総市","N03_005":null,"N03_007":"12234"}},
{"type":"Feature","geometry":null,"properties":{"N03_001":"千葉県","N03_002":null,"N03_003":null,"N03_004":"南房総市","N03_005":null,"N03_007":"12234"}},
{"type":"Feature","geometry":null,"properties":{"N03_001":"千葉県","N03_002":null,"N03_003":null,"N03_004":"南房総市","N03_005":null,"N03_007":"12234"}},
{"type":"Feature","geometry":null,"properties":{"N03_001":"千葉県","N03_002":null,"N03_003":null,"N03_004":"南房総市","N03_005":null,"N03_007":"12234"}},
{"type":"Feature","geometry":null,"properties":{"N03_001":"千葉県","N03_002":null,"N03_003":null,"N03_004":"南房総市","N03_005":null,"N03_007":"12234"}},
{"type":"Feature","geometry":null,"properties":{"N03_001":"千葉県","N03_002":null,"N03_003":null,"N03_004":"南房総市","N03_005":null,"N03_007":"12234"}},
{"type":"Feature","geometry":null,"properties":{"N03_001":"千葉県","N03_002":null,"N03_003":null,"N03_004":"南房総市","N03_005":null,"N03_007":"12234"}},
{"type":"Feature","geometry":null,"properties":{"N03_001":"千葉県","N03_002":null,"N03_003":null,"N03_004":"南房総市","N03_005":null,"N03_007":"12234"}},
{"type":"Feature","geometry":null,"properties":{"N03_001":"千葉県","N03_002":null,"N03_003":null,"N03_004":"南房総市","N03_005":null,"N03_007":"12234"}},
{"type":"Feature","geometry":null,"properties":{"N03_001":"千葉県","N03_002":null,"N03_003":null,"N03_004":"南房総市","N03_005":null,"N03_007":"12234"}},
{"type":"Feature","geometry":null,"properties":{"N03_001":"千葉県","N03_002":null,"N03_003":null,"N03_004":"南房総市","N03_005":null,"N03_007":"12234"}},
{"type":"Feature","geometry":null,"properties":{"N03_001":"千葉県","N03_002":null,"N03_003":null,"N03_004":"南房総市","N03_005":null,"N03_007":"12234"}},
{"type":"Feature","geometry":null,"properties":{"N03_001":"千葉県","N03_002":null,"N03_003":null,"N03_004":"南房総市","N03_005":null,"N03_007":"12234"}},
{"type":"Feature","geometry":null,"properties":{"N03_001":"千葉県","N03_002":null,"N03_003":null,"N03_004":"南房総市","N03_005":null,"N03_007":"12234"}},
{"type":"Feature","geometry":null,"properties":{"N03_001":"千葉県","N03_002":null,"N03_003":null,"N03_004":"南房総市","N03_005":null,"N03_007":"12234"}},
{"type":"Feature","geometry":null,"properties":{"N03_001":"千葉県","N03_002":null,"N03_003":null,"N03_004":"南房総市","N03_005":null,"N03_007":"12234"}},
{"type":"Feature","geometry":null,"properties":{"N03_001":"千葉県","N03_002":null,"N03_003":null,"N03_004":"南房総市","N03_005":null,"N03_007":"12234"}},
{"type":"Feature","geometry":null,"properties":{"N03_001":"千葉県","N03_002":null,"N03_003":null,"N03_004":"南房総市","N03_005":null,"N03_007":"12234"}},
{"type":"Feature","geometry":null,"properties":{"N03_001":"千葉県","N03_002":null,"N03_003":null,"N03_004":"南房総市","N03_005":null,"N03_007":"12234"}},
{"type":"Feature","geometry":null,"properties":{"N03_001":"千葉県","N03_002":null,"N03_003":null,"N03_004":"南房総市","N03_005":null,"N03_007":"12234"}},
{"type":"Feature","geometry":null,"properties":{"N03_001":"千葉県","N03_002":null,"N03_003":null,"N03_004":"南房総市","N03_005":null,"N03_007":"12234"}},
{"type":"Feature","geometry":null,"properties":{"N03_001":"千葉県","N03_002":null,"N03_003":null,"N03_004":"南房総市","N03_005":null,"N03_007":"12234"}},
{"type":"Feature","geometry":null,"properties":{"N03_001":"千葉県","N03_002":null,"N03_003":null,"N03_004":"南房総市","N03_005":null,"N03_007":"12234"}},
{"type":"Feature","geometry":null,"properties":{"N03_001":"千葉県","N03_002":null,"N03_003":null,"N03_004":"南房総市","N03_005":null,"N03_007":"12234"}},
{"type":"Feature","geometry":null,"properties":{"N03_001":"千葉県","N03_002":null,"N03_003":null,"N03_004":"南房総市","N03_005":null,"N03_007":"12234"}},
{"type":"Feature","geometry":null,"properties":{"N03_001":"千葉県","N03_002":null,"N03_003":null,"N03_004":"南房総市","N03_005":null,"N03_007":"12234"}},
{"type":"Feature","geometry":null,"properties":{"N03_001":"千葉県","N03_002":null,"N03_003":null,"N03_004":"南房総市","N03_005":null,"N03_007":"12234"}},
{"type":"Feature","geometry":null,"properties":{"N03_001":"千葉県","N03_002":null,"N03_003":null,"N03_004":"南房総市","N03_005":null,"N03_007":"12234"}},
{"type":"Feature","geometry":null,"properties":{"N03_001":"千葉県","N03_002":null,"N03_003":null,"N03_004":"南房総市","N03_005":null,"N03_007":"12234"}},
{"type":"Feature","geometry":null,"properties":{"N03_001":"千葉県","N03_002":null,"N03_003":null,"N03_004":"南房総市","N03_005":null,"N03_007":"12234"}},
{"type":"Feature","geometry":null,"properties":{"N03_001":"千葉県","N03_002":null,"N03_003":null,"N03_004":"南房総市","N03_005":null,"N03_007":"12234"}},
{"type":"Feature","geometry":null,"properties":{"N03_001":"千葉県","N03_002":null,"N03_003":null,"N03_004":"南房総市","N03_005":null,"N03_007":"12234"}},
{"type":"Feature","geometry":null,"properties":{"N03_001":"千葉県","N03_002":null,"N03_003":null,"N03_004":"南房総市","N03_005":null,"N03_007":"12234"}},
{"type":"Feature","geometry":null,"properties":{"N03_001":"千葉県","N03_002":null,"N03_003":null,"N03_004":"南房総市","N03_005":null,"N03_007":"12234"}},
{"type":"Feature","geometry":null,"properties":{"N03_001":"千葉県","N03_002":null,"N03_003":null,"N03_004":"南房総市","N03_005":null,"N03_007":"12234"}},
{"type":"Feature","geometry":null,"properties":{"N03_001":"千葉県","N03_002":null,"N03_003":null,"N03_004":"南房総市","N03_005":null,"N03_007":"12234"}},
{"type":"Feature","geometry":null,"properties":{"N03_001":"千葉県","N03_002":null,"N03_003":null,"N03_004":"南房総市","N03_005":null,"N03_007":"12234"}},
{"type":"Feature","geometry":null,"properties":{"N03_001":"千葉県","N03_002":null,"N03_003":null,"N03_004":"南房総市","N03_005":null,"N03_007":"12234"}},
{"type":"Feature","geometry":null,"properties":{"N03_001":"千葉県","N03_002":null,"N03_003":null,"N03_004":"南房総市","N03_005":null,"N03_007":"12234"}},
{"type":"Feature","geometry":null,"properties":{"N03_001":"千葉県","N03_002":null,"N03_003":null,"N03_004":"南房総市","N03_005":null,"N03_007":"12234"}},
{"type":"Feature","geometry":null,"properties":{"N03_001":"千葉県","N03_002":null,"N03_003":null,"N03_004":"南房総市","N03_005":null,"N03_007":"12234"}},
{"type":"Feature","geometry":null,"properties":{"N03_001":"千葉県","N03_002":null,"N03_003":null,"N03_004":"南房総市","N03_005":null,"N03_007":"12234"}},
{"type":"Feature","geometry":null,"properties":{"N03_001":"千葉県","N03_002":null,"N03_003":null,"N03_004":"南房総市","N03_005":null,"N03_007":"12234"}},
{"type":"Feature","geometry":null,"properties":{"N03_001":"千葉県","N03_002":null,"N03_003":null,"N03_004":"南房総市","N03_005":null,"N03_007":"12234"}},
{"type":"Feature","geometry":null,"properties":{"N03_001":"千葉県","N03_002":null,"N03_003":null,"N03_004":"南房総市","N03_005":null,"N03_007":"12234"}},
{"type":"Feature","geometry":null,"properties":{"N03_001":"千葉県","N03_002":null,"N03_003":null,"N03_004":"南房総市","N03_005":null,"N03_007":"12234"}},
{"type":"Feature","geometry":null,"properties":{"N03_001":"千葉県","N03_002":null,"N03_003":null,"N03_004":"南房総市","N03_005":null,"N03_007":"12234"}},
{"type":"Feature","geometry":null,"properties":{"N03_001":"千葉県","N03_002":null,"N03_003":null,"N03_004":"南房総市","N03_005":null,"N03_007":"12234"}},
{"type":"Feature","geometry":null,"properties":{"N03_001":"千葉県","N03_002":null,"N03_003":null,"N03_004":"南房総市","N03_005":null,"N03_007":"12234"}},
{"type":"Feature","geometry":null,"properties":{"N03_001":"千葉県","N03_002":null,"N03_003":null,"N03_004":"南房総市","N03_005":null,"N03_007":"12234"}},
{"type":"Feature","geometry":null,"properties":{"N03_001":"千葉県","N03_002":null,"N03_003":null,"N03_004":"南房総市","N03_005":null,"N03_007":"12234"}},
{"type":"Feature","geometry":null,"properties":{"N03_001":"千葉県","N03_002":null,"N03_003":null,"N03_004":"南房総市","N03_005":null,"N03_007":"12234"}},
{"type":"Feature","geometry":null,"properties":{"N03_001":"千葉県","N03_002":null,"N03_003":null,"N03_004":"南房総市","N03_005":null,"N03_007":"12234"}},
{"type":"Feature","geometry":null,"properties":{"N03_001":"千葉県","N03_002":null,"N03_003":null,"N03_004":"南房総市","N03_005":null,"N03_007":"12234"}},
{"type":"Feature","geometry":null,"properties":{"N03_001":"千葉県","N03_002":null,"N03_003":null,"N03_004":"南房総市","N03_005":null,"N03_007":"12234"}},
{"type":"Feature","geometry":null,"properties":{"N03_001":"千葉県","N03_002":null,"N03_003":null,"N03_004":"南房総市","N03_005":null,"N03_007":"12234"}},
{"type":"Feature","geometry":null,"properties":{"N03_001":"千葉県","N03_002":null,"N03_003":null,"N03_004":"南房総市","N03_005":null,"N03_007":"12234"}},
{"type":"Feature","geometry":null,"properties":{"N03_001":"千葉県","N03_002":null,"N03_003":null,"N03_004":"南房総市","N03_005":null,"N03_007":"12234"}},
{"type":"Feature","geometry":null,"properties":{"N03_001":"千葉県","N03_002":null,"N03_003":null,"N03_004":"南房総市","N03_005":null,"N03_007":"12234"}},
{"type":"Feature","geometry":null,"properties":{"N03_001":"千葉県","N03_002":null,"N03_003":null,"N03_004":"南房総市","N03_005":null,"N03_007":"12234"}},
{"type":"Feature","geometry":null,"properties":{"N03_001":"千葉県","N03_002":null,"N03_003":null,"N03_004":"南房総市","N03_005":null,"N03_007":"12234"}},
{"type":"Feature","geometry":null,"properties":{"N03_001":"千葉県","N03_002":null,"N03_003":null,"N03_004":"南房総市","N03_005":null,"N03_007":"12234"}},
{"type":"Feature","geometry":null,"properties":{"N03_001":"千葉県","N03_002":null,"N03_003":null,"N03_004":"南房総市","N03_005":null,"N03_007":"12234"}},
{"type":"Feature","geometry":null,"properties":{"N03_001":"千葉県","N03_002":null,"N03_003":null,"N03_004":"南房総市","N03_005":null,"N03_007":"12234"}},
{"type":"Feature","geometry":null,"properties":{"N03_001":"千葉県","N03_002":null,"N03_003":null,"N03_004":"南房総市","N03_005":null,"N03_007":"12234"}},
{"type":"Feature","geometry":null,"properties":{"N03_001":"千葉県","N03_002":null,"N03_003":null,"N03_004":"南房総市","N03_005":null,"N03_007":"12234"}},
{"type":"Feature","geometry":null,"properties":{"N03_001":"千葉県","N03_002":null,"N03_003":null,"N03_004":"南房総市","N03_005":null,"N03_007":"12234"}},
{"type":"Feature","geometry":null,"properties":{"N03_001":"千葉県","N03_002":null,"N03_003":null,"N03_004":"南房総市","N03_005":null,"N03_007":"12234"}},
{"type":"Feature","geometry":null,"properties":{"N03_001":"千葉県","N03_002":null,"N03_003":null,"N03_004":"南房総市","N03_005":null,"N03_007":"12234"}},
{"type":"Feature","geometry":null,"properties":{"N03_001":"千葉県","N03_002":null,"N03_003":null,"N03_004":"南房総市","N03_005":null,"N03_007":"12234"}},
{"type":"Feature","geometry":null,"properties":{"N03_001":"千葉県","N03_002":null,"N03_003":null,"N03_004":"南房総市","N03_005":null,"N03_007":"12234"}},
{"type":"Feature","geometry":null,"properties":{"N03_001":"千葉県","N03_002":null,"N03_003":null,"N03_004":"南房総市","N03_005":null,"N03_007":"12234"}},
{"type":"Feature","geometry":null,"properties":{"N03_001":"千葉県","N03_002":null,"N03_003":null,"N03_004":"南房総市","N03_005":null,"N03_007":"12234"}},
{"type":"Feature","geometry":null,"properties":{"N03_001":"千葉県","N03_002":null,"N03_003":null,"N03_004":"南房総市","N03_005":null,"N03_007":"12234"}},
{"type":"Feature","geometry":null,"properties":{"N03_001":"千葉県","N03_002":null,"N03_003":null,"N03_004":"南房総市","N03_005":null,"N03_007":"12234"}},
{"type":"Feature","geometry":null,"properties":{"N03_001":"千葉県","N03_002":null,"N03_003":null,"N03_004":"南房総市","N03_005":null,"N03_007":"12234"}},
{"type":"Feature","geometry":null,"properties":{"N03_001":"千葉県","N03_002":null,"N03_003":null,"N03_004":"南房総市","N03_005":null,"N03_007":"12234"}},
{"type":"Feature","geometry":null,"properties":{"N03_001":"千葉県","N03_002":null,"N03_003":null,"N03_004":"南房総市","N03_005":null,"N03_007":"12234"}},
{"type":"Feature","geometry":null,"properties":{"N03_001":"千葉県","N03_002":null,"N03_003":null,"N03_004":"南房総市","N03_005":null,"N03_007":"12234"}},
{"type":"Feature","geometry":null,"properties":{"N03_001":"千葉県","N03_002":null,"N03_003":null,"N03_004":"南房総市","N03_005":null,"N03_007":"12234"}},
{"type":"Feature","geometry":null,"properties":{"N03_001":"千葉県","N03_002":null,"N03_003":null,"N03_004":"南房総市","N03_005":null,"N03_007":"12234"}},
{"type":"Feature","geometry":null,"properties":{"N03_001":"千葉県","N03_002":null,"N03_003":null,"N03_004":"南房総市","N03_005":null,"N03_007":"12234"}},
{"type":"Feature","geometry":null,"properties":{"N03_001":"千葉県","N03_002":null,"N03_003":null,"N03_004":"南房総市","N03_005":null,"N03_007":"12234"}},
{"type":"Feature","geometry":null,"properties":{"N03_001":"千葉県","N03_002":null,"N03_003":null,"N03_004":"南房総市","N03_005":null,"N03_007":"12234"}},
{"type":"Feature","geometry":null,"properties":{"N03_001":"千葉県","N03_002":null,"N03_003":null,"N03_004":"南房総市","N03_005":null,"N03_007":"12234"}},
{"type":"Feature","geometry":null,"properties":{"N03_001":"千葉県","N03_002":null,"N03_003":null,"N03_004":"南房総市","N03_005":null,"N03_007":"12234"}},
{"type":"Feature","geometry":null,"properties":{"N03_001":"千葉県","N03_002":null,"N03_003":null,"N03_004":"南房総市","N03_005":null,"N03_007":"12234"}},
{"type":"Feature","geometry":null,"properties":{"N03_001":"千葉県","N03_002":null,"N03_003":null,"N03_004":"南房総市","N03_005":null,"N03_007":"12234"}},
{"type":"Feature","geometry":null,"properties":{"N03_001":"千葉県","N03_002":null,"N03_003":null,"N03_004":"南房総市","N03_005":null,"N03_007":"12234"}},
{"type":"Feature","geometry":null,"properties":{"N03_001":"千葉県","N03_002":null,"N03_003":null,"N03_004":"南房総市","N03_005":null,"N03_007":"12234"}},
{"type":"Feature","geometry":null,"properties":{"N03_001":"千葉県","N03_002":null,"N03_003":null,"N03_004":"南房総市","N03_005":null,"N03_007":"12234"}},
{"type":"Feature","geometry":null,"properties":{"N03_001":"千葉県","N03_002":null,"N03_003":null,"N03_004":"南房総市","N03_005":null,"N03_007":"12234"}},
{"type":"Feature","geometry":null,"properties":{"N03_001":"千葉県","N03_002":null,"N03_003":null,"N03_004":"南房総市","N03_005":null,"N03_007":"12234"}},
{"type":"Feature","geometry":null,"properties":{"N03_001":"千葉県","N03_002":null,"N03_003":null,"N03_004":"南房総市","N03_005":null,"N03_007":"12234"}},
{"type":"Feature","geometry":null,"properties":{"N03_001":"千葉県","N03_002":null,"N03_003":null,"N03_004":"南房総市","N03_005":null,"N03_007":"12234"}},
{"type":"Feature","geometry":null,"properties":{"N03_001":"千葉県","N03_002":null,"N03_003":null,"N03_004":"南房総市","N03_005":null,"N03_007":"12234"}},
{"type":"Feature","geometry":null,"properties":{"N03_001":"千葉県","N03_002":null,"N03_003":null,"N03_004":"南房総市","N03_005":null,"N03_007":"12234"}},
{"type":"Feature","geometry":null,"properties":{"N03_001":"千葉県","N03_002":null,"N03_003":null,"N03_004":"南房総市","N03_005":null,"N03_007":"12234"}},
{"type":"Feature","geometry":null,"properties":{"N03_001":"千葉県","N03_002":null,"N03_003":null,"N03_004":"南房総市","N03_005":null,"N03_007":"12234"}},
{"type":"Feature","geometry":null,"properties":{"N03_001":"千葉県","N03_002":null,"N03_003":null,"N03_004":"南房総市","N03_005":null,"N03_007":"12234"}},
{"type":"Feature","geometry":null,"properties":{"N03_001":"千葉県","N03_002":null,"N03_003":null,"N03_004":"南房総市","N03_005":null,"N03_007":"12234"}},
{"type":"Feature","geometry":null,"properties":{"N03_001":"千葉県","N03_002":null,"N03_003":null,"N03_004":"南房総市","N03_005":null,"N03_007":"12234"}},
{"type":"Feature","geometry":null,"properties":{"N03_001":"千葉県","N03_002":null,"N03_003":null,"N03_004":"南房総市","N03_005":null,"N03_007":"12234"}},
{"type":"Feature","geometry":null,"properties":{"N03_001":"千葉県","N03_002":null,"N03_003":null,"N03_004":"南房総市","N03_005":null,"N03_007":"12234"}},
{"type":"Feature","geometry":null,"properties":{"N03_001":"千葉県","N03_002":null,"N03_003":null,"N03_004":"南房総市","N03_005":null,"N03_007":"12234"}},
{"type":"Feature","geometry":null,"properties":{"N03_001":"千葉県","N03_002":null,"N03_003":null,"N03_004":"南房総市","N03_005":null,"N03_007":"12234"}},
{"type":"Feature","geometry":null,"properties":{"N03_001":"千葉県","N03_002":null,"N03_003":null,"N03_004":"南房総市","N03_005":null,"N03_007":"12234"}},
{"type":"Feature","geometry":null,"properties":{"N03_001":"千葉県","N03_002":null,"N03_003":null,"N03_004":"南房総市","N03_005":null,"N03_007":"12234"}},
{"type":"Feature","geometry":null,"properties":{"N03_001":"千葉県","N03_002":null,"N03_003":null,"N03_004":"南房総市","N03_005":null,"N03_007":"12234"}},
{"type":"Feature","geometry":null,"properties":{"N03_001":"千葉県","N03_002":null,"N03_003":null,"N03_004":"南房総市","N03_005":null,"N03_007":"12234"}},
{"type":"Feature","geometry":null,"properties":{"N03_001":"千葉県","N03_002":null,"N03_003":null,"N03_004":"南房総市","N03_005":null,"N03_007":"12234"}},
{"type":"Feature","geometry":null,"properties":{"N03_001":"千葉県","N03_002":null,"N03_003":null,"N03_004":"南房総市","N03_005":null,"N03_007":"12234"}},
{"type":"Feature","geometry":null,"properties":{"N03_001":"千葉県","N03_002":null,"N03_003":null,"N03_004":"南房総市","N03_005":null,"N03_007":"12234"}},
{"type":"Feature","geometry":null,"properties":{"N03_001":"千葉県","N03_002":null,"N03_003":null,"N03_004":"南房総市","N03_005":null,"N03_007":"12234"}},
{"type":"Feature","geometry":null,"properties":{"N03_001":"千葉県","N03_002":null,"N03_003":null,"N03_004":"南房総市","N03_005":null,"N03_007":"12234"}},
{"type":"Feature","geometry":null,"properties":{"N03_001":"千葉県","N03_002":null,"N03_003":null,"N03_004":"南房総市","N03_005":null,"N03_007":"12234"}},
{"type":"Feature","geometry":null,"properties":{"N03_001":"千葉県","N03_002":null,"N03_003":null,"N03_004":"南房総市","N03_005":null,"N03_007":"12234"}},
{"type":"Feature","geometry":null,"properties":{"N03_001":"千葉県","N03_002":null,"N03_003":null,"N03_004":"南房総市","N03_005":null,"N03_007":"12234"}},
{"type":"Feature","geometry":null,"properties":{"N03_001":"千葉県","N03_002":null,"N03_003":null,"N03_004":"南房総市","N03_005":null,"N03_007":"12234"}},
{"type":"Feature","geometry":null,"properties":{"N03_001":"千葉県","N03_002":null,"N03_003":null,"N03_004":"南房総市","N03_005":null,"N03_007":"12234"}},
{"type":"Feature","geometry":null,"properties":{"N03_001":"千葉県","N03_002":null,"N03_003":null,"N03_004":"南房総市","N03_005":null,"N03_007":"12234"}},
{"type":"Feature","geometry":null,"properties":{"N03_001":"千葉県","N03_002":null,"N03_003":null,"N03_004":"南房総市","N03_005":null,"N03_007":"12234"}},
{"type":"Feature","geometry":null,"properties":{"N03_001":"千葉県","N03_002":null,"N03_003":null,"N03_004":"南房総市","N03_005":null,"N03_007":"12234"}},
{"type":"Feature","geometry":null,"properties":{"N03_001":"千葉県","N03_002":null,"N03_003":null,"N03_004":"南房総市","N03_005":null,"N03_007":"12234"}},
{"type":"Feature","geometry":null,"properties":{"N03_001":"千葉県","N03_002":null,"N03_003":null,"N03_004":"南房総市","N03_005":null,"N03_007":"12234"}},
{"type":"Feature","geometry":null,"properties":{"N03_001":"千葉県","N03_002":null,"N03_003":null,"N03_004":"南房総市","N03_005":null,"N03_007":"12234"}},
{"type":"Feature","geometry":null,"properties":{"N03_001":"千葉県","N03_002":null,"N03_003":null,"N03_004":"南房総市","N03_005":null,"N03_007":"12234"}},
{"type":"Feature","geometry":null,"properties":{"N03_001":"千葉県","N03_002":null,"N03_003":null,"N03_004":"南房総市","N03_005":null,"N03_007":"12234"}},
{"type":"Feature","geometry":null,"properties":{"N03_001":"千葉県","N03_002":null,"N03_003":null,"N03_004":"南房総市","N03_005":null,"N03_007":"12234"}},
{"type":"Feature","geometry":null,"properties":{"N03_001":"千葉県","N03_002":null,"N03_003":null,"N03_004":"南房総市","N03_005":null,"N03_007":"12234"}},
{"type":"Feature","geometry":null,"properties":{"N03_001":"千葉県","N03_002":null,"N03_003":null,"N03_004":"南房総市","N03_005":null,"N03_007":"12234"}},
{"type":"Feature","geometry":null,"properties":{"N03_001":"千葉県","N03_002":null,"N03_003":null,"N03_004":"南房総市","N03_005":null,"N03_007":"12234"}},
{"type":"Feature","geometry":null,"properties":{"N03_001":"千葉県","N03_002":null,"N03_003":null,"N03_004":"南房総市","N03_005":null,"N03_007":"12234"}},
{"type":"Feature","geometry":null,"properties":{"N03_001":"千葉県","N03_002":null,"N03_003":null,"N03_004":"南房総市","N03_005":null,"N03_007":"12234"}},
{"type":"Feature","geometry":null,"properties":{"N03_001":"千葉県","N03_002":null,"N03_003":null,"N03_004":"南房総市","N03_005":null,"N03_007":"12234"}},
{"type":"Feature","geometry":null,"properties":{"N03_001":"千葉県","N03_002":null,"N03_003":null,"N03_004":"南房総市","N03_005":null,"N03_007":"12234"}},
{"type":"Feature","geometry":null,"properties":{"N03_001":"千葉県","N03_002":null,"N03_003":null,"N03_004":"南房総市","N03_005":null,"N03_007":"12234"}},
{"type":"Feature","geometry":null,"properties":{"N03_001":"千葉県","N03_002":null,"N03_003":null,"N03_004":"南房総市","N03_005":null,"N03_007":"12234"}},
{"type":"Feature","geometry":null,"properties":{"N03_001":"千葉県","N03_002":null,"N03_003":null,"N03_004":"南房総市","N03_005":null,"N03_007":"12234"}},
{"type":"Feature","geometry":null,"properties":{"N03_001":"千葉県","N03_002":null,"N03_003":null,"N03_004":"南房総市","N03_005":null,"N03_007":"12234"}},
{"type":"Feature","geometry":null,"properties":{"N03_001":"千葉県","N03_002":null,"N03_003":null,"N03_004":"南房総市","N03_005":null,"N03_007":"12234"}},
{"type":"Feature","geometry":null,"properties":{"N03_001":"千葉県","N03_002":null,"N03_003":null,"N03_004":"南房総市","N03_005":null,"N03_007":"12234"}},
{"type":"Feature","geometry":null,"properties":{"N03_001":"千葉県","N03_002":null,"N03_003":null,"N03_004":"南房総市","N03_005":null,"N03_007":"12234"}},
{"type":"Feature","geometry":null,"properties":{"N03_001":"千葉県","N03_002":null,"N03_003":null,"N03_004":"南房総市","N03_005":null,"N03_007":"12234"}},
{"type":"Feature","geometry":null,"properties":{"N03_001":"千葉県","N03_002":null,"N03_003":null,"N03_004":"南房総市","N03_005":null,"N03_007":"12234"}},
{"type":"Feature","geometry":null,"properties":{"N03_001":"千葉県","N03_002":null,"N03_003":null,"N03_004":"南房総市","N03_005":null,"N03_007":"12234"}},
{"type":"Feature","geometry":null,"properties":{"N03_001":"千葉県","N03_002":null,"N03_003":null,"N03_004":"南房総市","N03_005":null,"N03_007":"12234"}},
{"type":"Feature","geometry":null,"properties":{"N03_001":"千葉県","N03_002":null,"N03_003":null,"N03_004":"南房総市","N03_005":null,"N03_007":"12234"}},
{"type":"Feature","geometry":null,"properties":{"N03_001":"千葉県","N03_002":null,"N03_003":null,"N03_004":"南房総市","N03_005":null,"N03_007":"12234"}},
{"type":"Feature","geometry":null,"properties":{"N03_001":"千葉県","N03_002":null,"N03_003":null,"N03_004":"南房総市","N03_005":null,"N03_007":"12234"}},
{"type":"Feature","geometry":null,"properties":{"N03_001":"千葉県","N03_002":null,"N03_003":null,"N03_004":"南房総市","N03_005":null,"N03_007":"12234"}},
{"type":"Feature","geometry":null,"properties":{"N03_001":"千葉県","N03_002":null,"N03_003":null,"N03_004":"南房総市","N03_005":null,"N03_007":"12234"}},
{"type":"Feature","geometry":null,"properties":{"N03_001":"千葉県","N03_002":null,"N03_003":null,"N03_004":"南房総市","N03_005":null,"N03_007":"12234"}},
{"type":"Feature","geometry":null,"properties":{"N03_001":"千葉県","N03_002":null,"N03_003":null,"N03_004":"南房総市","N03_005":null,"N03_007":"12234"}},
{"type":"Feature","geometry":null,"properties":{"N03_001":"千葉県","N03_002":null,"N03_003":null,"N03_004":"南房総市","N03_005":null,"N03_007":"12234"}},
{"type":"Feature","geometry":null,"properties":{"N03_001":"千葉県","N03_002":null,"N03_003":null,"N03_004":"南房総市","N03_005":null,"N03_007":"12234"}},
{"type":"Feature","geometry":null,"properties":{"N03_001":"千葉県","N03_002":null,"N03_003":null,"N03_004":"南房総市","N03_005":null,"N03_007":"12234"}},
{"type":"Feature","geometry":null,"properties":{"N03_001":"千葉県","N03_002":null,"N03_003":null,"N03_004":"南房総市","N03_005":null,"N03_007":"12234"}},
{"type":"Feature","geometry":null,"properties":{"N03_001":"千葉県","N03_002":null,"N03_003":null,"N03_004":"南房総市","N03_005":null,"N03_007":"12234"}},
{"type":"Feature","geometry":null,"properties":{"N03_001":"千葉県","N03_002":null,"N03_003":null,"N03_004":"南房総市","N03_005":null,"N03_007":"12234"}},
{"type":"Feature","geometry":null,"properties":{"N03_001":"千葉県","N03_002":null,"N03_003":null,"N03_004":"南房総市","N03_005":null,"N03_007":"12234"}},
{"type":"Feature","geometry":null,"properties":{"N03_001":"千葉県","N03_002":null,"N03_003":null,"N03_004":"南房総市","N03_005":null,"N03_007":"12234"}},
{"type":"Feature","geometry":null,"properties":{"N03_001":"千葉県","N03_002":null,"N03_003":null,"N03_004":"南房総市","N03_005":null,"N03_007":"12234"}},
{"type":"Feature","geometry":null,"properties":{"N03_001":"千葉県","N03_002":null,"N03_003":null,"N03_004":"南房総市","N03_005":null,"N03_007":"12234"}},
{"type":"Feature","geometry":null,"properties":{"N03_001":"千葉県","N03_002":null,"N03_003":null,"N03_004":"南房総市","N03_005":null,"N03_007":"12234"}},
{"type":"Feature","geometry":null,"properties":{"N03_001":"千葉県","N03_002":null,"N03_003":null,"N03_004":"南房総市","N03_005":null,"N03_007":"12234"}},
{"type":"Feature","geometry":null,"properties":{"N03_001":"千葉県","N03_002":null,"N03_003":null,"N03_004":"南房総市","N03_005":null,"N03_007":"12234"}},
{"type":"Feature","geometry":null,"properties":{"N03_001":"千葉県","N03_002":null,"N03_003":null,"N03_004":"南房総市","N03_005":null,"N03_007":"12234"}},
{"type":"Feature","geometry":null,"properties":{"N03_001":"千葉県","N03_002":null,"N03_003":null,"N03_004":"南房総市","N03_005":null,"N03_007":"12234"}},
{"type":"Feature","geometry":null,"properties":{"N03_001":"千葉県","N03_002":null,"N03_003":null,"N03_004":"南房総市","N03_005":null,"N03_007":"12234"}},
{"type":"Feature","geometry":null,"properties":{"N03_001":"千葉県","N03_002":null,"N03_003":null,"N03_004":"南房総市","N03_005":null,"N03_007":"12234"}},
{"type":"Feature","geometry":null,"properties":{"N03_001":"千葉県","N03_002":null,"N03_003":null,"N03_004":"南房総市","N03_005":null,"N03_007":"12234"}},
{"type":"Feature","geometry":null,"properties":{"N03_001":"千葉県","N03_002":null,"N03_003":null,"N03_004":"南房総市","N03_005":null,"N03_007":"12234"}},
{"type":"Feature","geometry":null,"properties":{"N03_001":"千葉県","N03_002":null,"N03_003":null,"N03_004":"南房総市","N03_005":null,"N03_007":"12234"}},
{"type":"Feature","geometry":null,"properties":{"N03_001":"千葉県","N03_002":null,"N03_003":null,"N03_004":"南房総市","N03_005":null,"N03_007":"12234"}},
{"type":"Feature","geometry":null,"properties":{"N03_001":"千葉県","N03_002":null,"N03_003":null,"N03_004":"南房総市","N03_005":null,"N03_007":"12234"}},
{"type":"Feature","geometry":null,"properties":{"N03_001":"千葉県","N03_002":null,"N03_003":null,"N03_004":"南房総市","N03_005":null,"N03_007":"12234"}},
{"type":"Feature","geometry":null,"properties":{"N03_001":"千葉県","N03_002":null,"N03_003":null,"N03_004":"南房総市","N03_005":null,"N03_007":"12234"}},
{"type":"Feature","geometry":null,"properties":{"N03_001":"千葉県","N03_002":null,"N03_003":null,"N03_004":"南房総市","N03_005":null,"N03_007":"12234"}},
{"type":"Feature","geometry":null,"properties":{"N03_001":"千葉県","N03_002":null,"N03_003":null,"N03_004":"南房総市","N03_005":null,"N03_007":"12234"}},
{"type":"Feature","geometry":null,"properties":{"N03_001":"千葉県","N03_002":null,"N03_003":null,"N03_004":"南房総市","N03_005":null,"N03_007":"12234"}},
{"type":"Feature","geometry":null,"properties":{"N03_001":"千葉県","N03_002":null,"N03_003":null,"N03_004":"南房総市","N03_005":null,"N03_007":"12234"}},
{"type":"Feature","geometry":null,"properties":{"N03_001":"千葉県","N03_002":null,"N03_003":null,"N03_004":"南房総市","N03_005":null,"N03_007":"12234"}},
{"type":"Feature","geometry":null,"properties":{"N03_001":"千葉県","N03_002":null,"N03_003":null,"N03_004":"南房総市","N03_005":null,"N03_007":"12234"}},
{"type":"Feature","geometry":null,"properties":{"N03_001":"千葉県","N03_002":null,"N03_003":null,"N03_004":"南房総市","N03_005":null,"N03_007":"12234"}},
{"type":"Feature","geometry":null,"properties":{"N03_001":"千葉県","N03_002":null,"N03_003":null,"N03_004":"南房総市","N03_005":null,"N03_007":"12234"}},
{"type":"Feature","geometry":null,"properties":{"N03_001":"千葉県","N03_002":null,"N03_003":null,"N03_004":"南房総市","N03_005":null,"N03_007":"12234"}},
{"type":"Feature","geometry":null,"properties":{"N03_001":"千葉県","N03_002":null,"N03_003":null,"N03_004":"南房総市","N03_005":null,"N03_007":"12234"}},
{"type":"Feature","geometry":null,"properties":{"N03_001":"千葉県","N03_002":null,"N03_003":null,"N03_004":"南房総市","N03_005":null,"N03_007":"12234"}},
{"type":"Feature","geometry":null,"properties":{"N03_001":"千葉県","N03_002":null,"N03_003":null,"N03_004":"南房総市","N03_005":null,"N03_007":"12234"}},
{"type":"Feature","geometry":null,"properties":{"N03_001":"千葉県","N03_002":null,"N03_003":null,"N03_004":"南房総市","N03_005":null,"N03_007":"12234"}},
{"type":"Feature","geometry":null,"properties":{"N03_001":"千葉県","N03_002":null,"N03_003":null,"N03_004":"南房総市","N03_005":null,"N03_007":"12234"}},
{"type":"Feature","geometry":null,"properties":{"N03_001":"千葉県","N03_002":null,"N03_003":null,"N03_004":"南房総市","N03_005":null,"N03_007":"12234"}},
{"type":"Feature","geometry":null,"properties":{"N03_001":"千葉県","N03_002":null,"N03_003":null,"N03_004":"南房総市","N03_005":null,"N03_007":"12234"}},
{"type":"Feature","geometry":null,"properties":{"N03_001":"千葉県","N03_002":null,"N03_003":null,"N03_004":"南房総市","N03_005":null,"N03_007":"12234"}},
{"type":"Feature","geometry":null,"properties":{"N03_001":"千葉県","N03_002":null,"N03_003":null,"N03_004":"南房総市","N03_005":null,"N03_007":"12234"}},
{"type":"Feature","geometry":null,"properties":{"N03_001":"千葉県","N03_002":null,"N03_003":null,"N03_004":"南房総市","N03_005":null,"N03_007":"12234"}},
{"type":"Feature","geometry":null,"properties":{"N03_001":"千葉県","N03_002":null,"N03_003":null,"N03_004":"南房総市","N03_005":null,"N03_007":"12234"}},
{"type":"Feature","geometry":null,"properties":{"N03_001":"千葉県","N03_002":null,"N03_003":null,"N03_004":"南房総市","N03_005":null,"N03_007":"12234"}},
{"type":"Feature","geometry":null,"properties":{"N03_001":"千葉県","N03_002":null,"N03_003":null,"N03_004":"南房総市","N03_005":null,"N03_007":"12234"}},
{"type":"Feature","geometry":null,"properties":{"N03_001":"千葉県","N03_002":null,"N03_003":null,"N03_004":"南房総市","N03_005":null,"N03_007":"12234"}},
{"type":"Feature","geometry":null,"properties":{"N03_001":"千葉県","N03_002":null,"N03_003":null,"N03_004":"南房総市","N03_005":null,"N03_007":"12234"}},
{"type":"Feature","geometry":null,"properties":{"N03_001":"千葉県","N03_002":null,"N03_003":null,"N03_004":"南房総市","N03_005":null,"N03_007":"12234"}},
{"type":"Feature","geometry":null,"properties":{"N03_001":"千葉県","N03_002":null,"N03_003":null,"N03_004":"南房総市","N03_005":null,"N03_007":"12234"}},
{"type":"Feature","geometry":null,"properties":{"N03_001":"千葉県","N03_002":null,"N03_003":null,"N03_004":"南房総市","N03_005":null,"N03_007":"12234"}},
{"type":"Feature","geometry":null,"properties":{"N03_001":"千葉県","N03_002":null,"N03_003":null,"N03_004":"南房総市","N03_005":null,"N03_007":"12234"}},
{"type":"Feature","geometry":null,"properties":{"N03_001":"千葉県","N03_002":null,"N03_003":null,"N03_004":"南房総市","N03_005":null,"N03_007":"12234"}},
{"type":"Feature","geometry":null,"properties":{"N03_001":"千葉県","N03_002":null,"N03_003":null,"N03_004":"南房総市","N03_005":null,"N03_007":"12234"}},
{"type":"Feature","geometry":null,"properties":{"N03_001":"千葉県","N03_002":null,"N03_003":null,"N03_004":"南房総市","N03_005":null,"N03_007":"12234"}},
{"type":"Feature","geometry":null,"properties":{"N03_001":"千葉県","N03_002":null,"N03_003":null,"N03_004":"南房総市","N03_005":null,"N03_007":"12234"}},
{"type":"Feature","geometry":null,"properties":{"N03_001":"千葉県","N03_002":null,"N03_003":null,"N03_004":"南房総市","N03_005":null,"N03_007":"12234"}},
{"type":"Feature","geometry":null,"properties":{"N03_001":"千葉県","N03_002":null,"N03_003":null,"N03_004":"南房総市","N03_005":null,"N03_007":"12234"}},
{"type":"Feature","geometry":null,"properties":{"N03_001":"千葉県","N03_002":null,"N03_003":null,"N03_004":"南房総市","N03_005":null,"N03_007":"12234"}},
{"type":"Feature","geometry":null,"properties":{"N03_001":"千葉県","N03_002":null,"N03_003":null,"N03_004":"南房総市","N03_005":null,"N03_007":"12234"}},
{"type":"Feature","geometry":null,"properties":{"N03_001":"千葉県","N03_002":null,"N03_003":null,"N03_004":"南房総市","N03_005":null,"N03_007":"12234"}},
{"type":"Feature","geometry":null,"properties":{"N03_001":"千葉県","N03_002":null,"N03_003":null,"N03_004":"南房総市","N03_005":null,"N03_007":"12234"}},
{"type":"Feature","geometry":null,"properties":{"N03_001":"千葉県","N03_002":null,"N03_003":null,"N03_004":"南房総市","N03_005":null,"N03_007":"12234"}},
{"type":"Feature","geometry":null,"properties":{"N03_001":"千葉県","N03_002":null,"N03_003":null,"N03_004":"南房総市","N03_005":null,"N03_007":"12234"}},
{"type":"Feature","geometry":null,"properties":{"N03_001":"千葉県","N03_002":null,"N03_003":null,"N03_004":"南房総市","N03_005":null,"N03_007":"12234"}},
{"type":"Feature","geometry":null,"properties":{"N03_001":"千葉県","N03_002":null,"N03_003":null,"N03_004":"南房総市","N03_005":null,"N03_007":"12234"}},
{"type":"Feature","geometry":null,"properties":{"N03_001":"千葉県","N03_002":null,"N03_003":null,"N03_004":"南房総市","N03_005":null,"N03_007":"12234"}},
{"type":"Feature","geometry":null,"properties":{"N03_001":"千葉県","N03_002":null,"N03_003":null,"N03_004":"南房総市","N03_005":null,"N03_007":"12234"}},
{"type":"Feature","geometry":null,"properties":{"N03_001":"千葉県","N03_002":null,"N03_003":null,"N03_004":"南房総市","N03_005":null,"N03_007":"12234"}},
{"type":"Feature","geometry":null,"properties":{"N03_001":"千葉県","N03_002":null,"N03_003":null,"N03_004":"南房総市","N03_005":null,"N03_007":"12234"}},
{"type":"Feature","geometry":null,"properties":{"N03_001":"千葉県","N03_002":null,"N03_003":null,"N03_004":"南房総市","N03_005":null,"N03_007":"12234"}},
{"type":"Feature","geometry":null,"properties":{"N03_001":"千葉県","N03_002":null,"N03_003":null,"N03_004":"南房総市","N03_005":null,"N03_007":"12234"}},
{"type":"Feature","geometry":null,"properties":{"N03_001":"千葉県","N03_002":null,"N03_003":null,"N03_004":"南房総市","N03_005":null,"N03_007":"12234"}},
{"type":"Feature","geometry":null,"properties":{"N03_001":"千葉県","N03_002":null,"N03_003":null,"N03_004":"南房総市","N03_005":null,"N03_007":"12234"}},
{"type":"Feature","geometry":null,"properties":{"N03_001":"千葉県","N03_002":null,"N03_003":null,"N03_004":"南房総市","N03_005":null,"N03_007":"12234"}},
{"type":"Feature","geometry":null,"properties":{"N03_001":"千葉県","N03_002":null,"N03_003":null,"N03_004":"南房総市","N03_005":null,"N03_007":"12234"}},
{"type":"Feature","geometry":null,"properties":{"N03_001":"千葉県","N03_002":null,"N03_003":null,"N03_004":"南房総市","N03_005":null,"N03_007":"12234"}},
{"type":"Feature","geometry":null,"properties":{"N03_001":"千葉県","N03_002":null,"N03_003":null,"N03_004":"南房総市","N03_005":null,"N03_007":"12234"}},
{"type":"Feature","geometry":null,"properties":{"N03_001":"千葉県","N03_002":null,"N03_003":null,"N03_004":"南房総市","N03_005":null,"N03_007":"12234"}},
{"type":"Feature","geometry":null,"properties":{"N03_001":"千葉県","N03_002":null,"N03_003":null,"N03_004":"南房総市","N03_005":null,"N03_007":"12234"}},
{"type":"Feature","geometry":null,"properties":{"N03_001":"千葉県","N03_002":null,"N03_003":null,"N03_004":"南房総市","N03_005":null,"N03_007":"12234"}},
{"type":"Feature","geometry":null,"properties":{"N03_001":"千葉県","N03_002":null,"N03_003":null,"N03_004":"南房総市","N03_005":null,"N03_007":"12234"}},
{"type":"Feature","geometry":null,"properties":{"N03_001":"千葉県","N03_002":null,"N03_003":null,"N03_004":"南房総市","N03_005":null,"N03_007":"12234"}},
{"type":"Feature","geometry":null,"properties":{"N03_001":"千葉県","N03_002":null,"N03_003":null,"N03_004":"南房総市","N03_005":null,"N03_007":"12234"}},
{"type":"Feature","geometry":null,"properties":{"N03_001":"千葉県","N03_002":null,"N03_003":null,"N03_004":"南房総市","N03_005":null,"N03_007":"12234"}},
{"type":"Feature","geometry":null,"properties":{"N03_001":"千葉県","N03_002":null,"N03_003":null,"N03_004":"南房総市","N03_005":null,"N03_007":"12234"}},
{"type":"Feature","geometry":null,"properties":{"N03_001":"千葉県","N03_002":null,"N03_003":null,"N03_004":"南房総市","N03_005":null,"N03_007":"12234"}},
{"type":"Feature","geometry":null,"properties":{"N03_001":"千葉県","N03_002":null,"N03_003":null,"N03_004":"南房総市","N03_005":null,"N03_007":"12234"}},
{"type":"Feature","geometry":null,"properties":{"N03_001":"千葉県","N03_002":null,"N03_003":null,"N03_004":"南房総市","N03_005":null,"N03_007":"12234"}},
{"type":"Feature","geometry":null,"properties":{"N03_001":"千葉県","N03_002":null,"N03_003":null,"N03_004":"南房総市","N03_005":null,"N03_007":"12234"}},
{"type":"Feature","geometry":null,"properties":{"N03_001":"千葉県","N03_002":null,"N03_003":null,"N03_004":"南房総市","N03_005":null,"N03_007":"12234"}},
{"type":"Feature","geometry":null,"properties":{"N03_001":"千葉県","N03_002":null,"N03_003":null,"N03_004":"南房総市","N03_005":null,"N03_007":"12234"}},
{"type":"Feature","geometry":null,"properties":{"N03_001":"千葉県","N03_002":null,"N03_003":null,"N03_004":"南房総市","N03_005":null,"N03_007":"12234"}},
{"type":"Feature","geometry":null,"properties":{"N03_001":"千葉県","N03_002":null,"N03_003":null,"N03_004":"南房総市","N03_005":null,"N03_007":"12234"}},
{"type":"Feature","geometry":null,"properties":{"N03_001":"千葉県","N03_002":null,"N03_003":null,"N03_004":"南房総市","N03_005":null,"N03_007":"12234"}},
{"type":"Feature","geometry":null,"properties":{"N03_001":"千葉県","N03_002":null,"N03_003":null,"N03_004":"南房総市","N03_005":null,"N03_007":"12234"}},
{"type":"Feature","geometry":null,"properties":{"N03_001":"千葉県","N03_002":null,"N03_003":null,"N03_004":"南房総市","N03_005":null,"N03_007":"12234"}},
{"type":"Feature","geometry":null,"properties":{"N03_001":"千葉県","N03_002":null,"N03_003":null,"N03_004":"南房総市","N03_005":null,"N03_007":"12234"}},
{"type":"Feature","geometry":null,"properties":{"N03_001":"千葉県","N03_002":null,"N03_003":null,"N03_004":"南房総市","N03_005":null,"N03_007":"12234"}},
{"type":"Feature","geometry":null,"properties":{"N03_001":"千葉県","N03_002":null,"N03_003":null,"N03_004":"南房総市","N03_005":null,"N03_007":"12234"}},
{"type":"Feature","geometry":null,"properties":{"N03_001":"千葉県","N03_002":null,"N03_003":null,"N03_004":"南房総市","N03_005":null,"N03_007":"12234"}},
{"type":"Feature","geometry":null,"properties":{"N03_001":"千葉県","N03_002":null,"N03_003":null,"N03_004":"南房総市","N03_005":null,"N03_007":"12234"}},
{"type":"Feature","geometry":null,"properties":{"N03_001":"千葉県","N03_002":null,"N03_003":null,"N03_004":"南房総市","N03_005":null,"N03_007":"12234"}},
{"type":"Feature","geometry":null,"properties":{"N03_001":"千葉県","N03_002":null,"N03_003":null,"N03_004":"南房総市","N03_005":null,"N03_007":"12234"}},
{"type":"Feature","geometry":null,"properties":{"N03_001":"千葉県","N03_002":null,"N03_003":null,"N03_004":"南房総市","N03_005":null,"N03_007":"12234"}},
{"type":"Feature","geometry":null,"properties":{"N03_001":"千葉県","N03_002":null,"N03_003":null,"N03_004":"南房総市","N03_005":null,"N03_007":"12234"}},
{"type":"Feature","geometry":null,"properties":{"N03_001":"千葉県","N03_002":null,"N03_003":null,"N03_004":"南房総市","N03_005":null,"N03_007":"12234"}},
{"type":"Feature","geometry":null,"properties":{"N03_001":"千葉県","N03_002":null,"N03_003":null,"N03_004":"南房総市","N03_005":null,"N03_007":"12234"}},
{"type":"Feature","geometry":null,"properties":{"N03_001":"千葉県","N03_002":null,"N03_003":null,"N03_004":"南房総市","N03_005":null,"N03_007":"12234"}},
{"type":"Feature","geometry":null,"properties":{"N03_001":"千葉県","N03_002":null,"N03_003":null,"N03_004":"南房総市","N03_005":null,"N03_007":"12234"}},
{"type":"Feature","geometry":null,"properties":{"N03_001":"千葉県","N03_002":null,"N03_003":null,"N03_004":"南房総市","N03_005":null,"N03_007":"12234"}},
{"type":"Feature","geometry":null,"properties":{"N03_001":"千葉県","N03_002":null,"N03_003":null,"N03_004":"南房総市","N03_005":null,"N03_007":"12234"}},
{"type":"Feature","geometry":null,"properties":{"N03_001":"千葉県","N03_002":null,"N03_003":null,"N03_004":"南房総市","N03_005":null,"N03_007":"12234"}},
{"type":"Feature","geometry":null,"properties":{"N03_001":"千葉県","N03_002":null,"N03_003":null,"N03_004":"南房総市","N03_005":null,"N03_007":"12234"}},
{"type":"Feature","geometry":null,"properties":{"N03_001":"千葉県","N03_002":null,"N03_003":null,"N03_004":"南房総市","N03_005":null,"N03_007":"12234"}},
{"type":"Feature","geometry":null,"properties":{"N03_001":"千葉県","N03_002":null,"N03_003":null,"N03_004":"南房総市","N03_005":null,"N03_007":"12234"}},
{"type":"Feature","geometry":null,"properties":{"N03_001":"千葉県","N03_002":null,"N03_003":null,"N03_004":"南房総市","N03_005":null,"N03_007":"12234"}},
{"type":"Feature","geometry":null,"properties":{"N03_001":"千葉県","N03_002":null,"N03_003":null,"N03_004":"南房総市","N03_005":null,"N03_007":"12234"}},
{"type":"Feature","geometry":null,"properties":{"N03_001":"千葉県","N03_002":null,"N03_003":null,"N03_004":"南房総市","N03_005":null,"N03_007":"12234"}},
{"type":"Feature","geometry":null,"properties":{"N03_001":"千葉県","N03_002":null,"N03_003":null,"N03_004":"南房総市","N03_005":null,"N03_007":"12234"}},
{"type":"Feature","geometry":null,"properties":{"N03_001":"千葉県","N03_002":null,"N03_003":null,"N03_004":"南房総市","N03_005":null,"N03_007":"12234"}},
{"type":"Feature","geometry":null,"properties":{"N03_001":"千葉県","N03_002":null,"N03_003":null,"N03_004":"南房総市","N03_005":null,"N03_007":"12234"}},
{"type":"Feature","geometry":null,"properties":{"N03_001":"千葉県","N03_002":null,"N03_003":null,"N03_004":"南房総市","N03_005":null,"N03_007":"12234"}},
{"type":"Feature","geometry":null,"properties":{"N03_001":"千葉県","N03_002":null,"N03_003":null,"N03_004":"南房総市","N03_005":null,"N03_007":"12234"}},
{"type":"Feature","geometry":null,"properties":{"N03_001":"千葉県","N03_002":null,"N03_003":null,"N03_004":"南房総市","N03_005":null,"N03_007":"12234"}},
{"type":"Feature","geometry":null,"properties":{"N03_001":"千葉県","N03_002":null,"N03_003":null,"N03_004":"南房総市","N03_005":null,"N03_007":"12234"}},
{"type":"Feature","geometry":null,"properties":{"N03_001":"千葉県","N03_002":null,"N03_003":null,"N03_004":"南房総市","N03_005":null,"N03_007":"12234"}},
{"type":"Feature","geometry":null,"properties":{"N03_001":"千葉県","N03_002":null,"N03_003":null,"N03_004":"南房総市","N03_005":null,"N03_007":"12234"}},
{"type":"Feature","geometry":null,"properties":{"N03_001":"千葉県","N03_002":null,"N03_003":null,"N03_004":"南房総市","N03_005":null,"N03_007":"12234"}},
{"type":"Feature","geometry":null,"properties":{"N03_001":"千葉県","N03_002":null,"N03_003":null,"N03_004":"南房総市","N03_005":null,"N03_007":"12234"}},
{"type":"Feature","geometry":null,"properties":{"N03_001":"千葉県","N03_002":null,"N03_003":null,"N03_004":"南房総市","N03_005":null,"N03_007":"12234"}},
{"type":"Feature","geometry":null,"properties":{"N03_001":"千葉県","N03_002":null,"N03_003":null,"N03_004":"南房総市","N03_005":null,"N03_007":"12234"}},
{"type":"Feature","geometry":null,"properties":{"N03_001":"千葉県","N03_002":null,"N03_003":null,"N03_004":"南房総市","N03_005":null,"N03_007":"12234"}},
{"type":"Feature","geometry":null,"properties":{"N03_001":"千葉県","N03_002":null,"N03_003":null,"N03_004":"南房総市","N03_005":null,"N03_007":"12234"}},
{"type":"Feature","geometry":null,"properties":{"N03_001":"千葉県","N03_002":null,"N03_003":null,"N03_004":"南房総市","N03_005":null,"N03_007":"12234"}},
{"type":"Feature","geometry":null,"properties":{"N03_001":"千葉県","N03_002":null,"N03_003":null,"N03_004":"南房総市","N03_005":null,"N03_007":"12234"}},
{"type":"Feature","geometry":null,"properties":{"N03_001":"千葉県","N03_002":null,"N03_003":null,"N03_004":"南房総市","N03_005":null,"N03_007":"12234"}},
{"type":"Feature","geometry":null,"properties":{"N03_001":"千葉県","N03_002":null,"N03_003":null,"N03_004":"南房総市","N03_005":null,"N03_007":"12234"}},
{"type":"Feature","geometry":null,"properties":{"N03_001":"千葉県","N03_002":null,"N03_003":null,"N03_004":"南房総市","N03_005":null,"N03_007":"12234"}},
{"type":"Feature","geometry":null,"properties":{"N03_001":"千葉県","N03_002":null,"N03_003":null,"N03_004":"南房総市","N03_005":null,"N03_007":"12234"}},
{"type":"Feature","geometry":null,"properties":{"N03_001":"千葉県","N03_002":null,"N03_003":null,"N03_004":"南房総市","N03_005":null,"N03_007":"12234"}},
{"type":"Feature","geometry":null,"properties":{"N03_001":"千葉県","N03_002":null,"N03_003":null,"N03_004":"南房総市","N03_005":null,"N03_007":"12234"}},
{"type":"Feature","geometry":null,"properties":{"N03_001":"千葉県","N03_002":null,"N03_003":null,"N03_004":"南房総市","N03_005":null,"N03_007":"12234"}},
{"type":"Feature","geometry":null,"properties":{"N03_001":"千葉県","N03_002":null,"N03_003":null,"N03_004":"南房総市","N03_005":null,"N03_007":"12234"}},
{"type":"Feature","geometry":null,"properties":{"N03_001":"千葉県","N03_002":null,"N03_003":null,"N03_004":"南房総市","N03_005":null,"N03_007":"12234"}},
{"type":"Feature","geometry":null,"properties":{"N03_001":"千葉県","N03_002":null,"N03_003":null,"N03_004":"南房総市","N03_005":null,"N03_007":"12234"}},
{"type":"Feature","geometry":null,"properties":{"N03_001":"千葉県","N03_002":null,"N03_003":null,"N03_004":"南房総市","N03_005":null,"N03_007":"12234"}},
{"type":"Feature","geometry":null,"properties":{"N03_001":"千葉県","N03_002":null,"N03_003":null,"N03_004":"南房総市","N03_005":null,"N03_007":"12234"}},
{"type":"Feature","geometry":null,"properties":{"N03_001":"千葉県","N03_002":null,"N03_003":null,"N03_004":"南房総市","N03_005":null,"N03_007":"12234"}},
{"type":"Feature","geometry":null,"properties":{"N03_001":"千葉県","N03_002":null,"N03_003":null,"N03_004":"南房総市","N03_005":null,"N03_007":"12234"}},
{"type":"Feature","geometry":null,"properties":{"N03_001":"千葉県","N03_002":null,"N03_003":null,"N03_004":"南房総市","N03_005":null,"N03_007":"12234"}},
{"type":"Feature","geometry":null,"properties":{"N03_001":"千葉県","N03_002":null,"N03_003":null,"N03_004":"南房総市","N03_005":null,"N03_007":"12234"}},
{"type":"Feature","geometry":null,"properties":{"N03_001":"千葉県","N03_002":null,"N03_003":null,"N03_004":"南房総市","N03_005":null,"N03_007":"12234"}},
{"type":"Feature","geometry":null,"properties":{"N03_001":"千葉県","N03_002":null,"N03_003":null,"N03_004":"南房総市","N03_005":null,"N03_007":"12234"}},
{"type":"Feature","geometry":null,"properties":{"N03_001":"千葉県","N03_002":null,"N03_003":null,"N03_004":"南房総市","N03_005":null,"N03_007":"12234"}},
{"type":"Feature","geometry":null,"properties":{"N03_001":"千葉県","N03_002":null,"N03_003":null,"N03_004":"南房総市","N03_005":null,"N03_007":"12234"}},
{"type":"Feature","geometry":null,"properties":{"N03_001":"千葉県","N03_002":null,"N03_003":null,"N03_004":"南房総市","N03_005":null,"N03_007":"12234"}},
{"type":"Feature","geometry":null,"properties":{"N03_001":"千葉県","N03_002":null,"N03_003":null,"N03_004":"南房総市","N03_005":null,"N03_007":"12234"}},
{"type":"Feature","geometry":null,"properties":{"N03_001":"千葉県","N03_002":null,"N03_003":null,"N03_004":"南房総市","N03_005":null,"N03_007":"12234"}},
{"type":"Feature","geometry":null,"properties":{"N03_001":"千葉県","N03_002":null,"N03_003":null,"N03_004":"南房総市","N03_005":null,"N03_007":"12234"}},
{"type":"Feature","geometry":null,"properties":{"N03_001":"千葉県","N03_002":null,"N03_003":null,"N03_004":"南房総市","N03_005":null,"N03_007":"12234"}},
{"type":"Feature","geometry":null,"properties":{"N03_001":"千葉県","N03_002":null,"N03_003":null,"N03_004":"南房総市","N03_005":null,"N03_007":"12234"}},
{"type":"Feature","geometry":null,"properties":{"N03_001":"千葉県","N03_002":null,"N03_003":null,"N03_004":"南房総市","N03_005":null,"N03_007":"12234"}},
{"type":"Feature","geometry":null,"properties":{"N03_001":"千葉県","N03_002":null,"N03_003":null,"N03_004":"南房総市","N03_005":null,"N03_007":"12234"}},
{"type":"Feature","geometry":null,"properties":{"N03_001":"千葉県","N03_002":null,"N03_003":null,"N03_004":"南房総市","N03_005":null,"N03_007":"12234"}},
{"type":"Feature","geometry":null,"properties":{"N03_001":"千葉県","N03_002":null,"N03_003":null,"N03_004":"南房総市","N03_005":null,"N03_007":"12234"}},
{"type":"Feature","geometry":null,"properties":{"N03_001":"千葉県","N03_002":null,"N03_003":null,"N03_004":"南房総市","N03_005":null,"N03_007":"12234"}},
{"type":"Feature","geometry":null,"properties":{"N03_001":"千葉県","N03_002":null,"N03_003":null,"N03_004":"南房総市","N03_005":null,"N03_007":"12234"}},
{"type":"Feature","geometry":null,"properties":{"N03_001":"千葉県","N03_002":null,"N03_003":null,"N03_004":"南房総市","N03_005":null,"N03_007":"12234"}},
{"type":"Feature","geometry":null,"properties":{"N03_001":"千葉県","N03_002":null,"N03_003":null,"N03_004":"南房総市","N03_005":null,"N03_007":"12234"}},
{"type":"Feature","geometry":null,"properties":{"N03_001":"千葉県","N03_002":null,"N03_003":null,"N03_004":"南房総市","N03_005":null,"N03_007":"12234"}},
{"type":"Feature","geometry":null,"properties":{"N03_001":"千葉県","N03_002":null,"N03_003":null,"N03_004":"南房総市","N03_005":null,"N03_007":"12234"}},
{"type":"Feature","geometry":null,"properties":{"N03_001":"千葉県","N03_002":null,"N03_003":null,"N03_004":"南房総市","N03_005":null,"N03_007":"12234"}},
{"type":"Feature","geometry":null,"properties":{"N03_001":"千葉県","N03_002":null,"N03_003":null,"N03_004":"南房総市","N03_005":null,"N03_007":"12234"}},
{"type":"Feature","geometry":null,"properties":{"N03_001":"千葉県","N03_002":null,"N03_003":null,"N03_004":"南房総市","N03_005":null,"N03_007":"12234"}},
{"type":"Feature","geometry":null,"properties":{"N03_001":"千葉県","N03_002":null,"N03_003":null,"N03_004":"南房総市","N03_005":null,"N03_007":"12234"}},
{"type":"Feature","geometry":null,"properties":{"N03_001":"千葉県","N03_002":null,"N03_003":null,"N03_004":"南房総市","N03_005":null,"N03_007":"12234"}},
{"type":"Feature","geometry":null,"properties":{"N03_001":"千葉県","N03_002":null,"N03_003":null,"N03_004":"南房総市","N03_005":null,"N03_007":"12234"}},
{"type":"Feature","geometry":null,"properties":{"N03_001":"千葉県","N03_002":null,"N03_003":null,"N03_004":"南房総市","N03_005":null,"N03_007":"12234"}},
{"type":"Feature","geometry":null,"properties":{"N03_001":"千葉県","N03_002":null,"N03_003":null,"N03_004":"南房総市","N03_005":null,"N03_007":"12234"}},
{"type":"Feature","geometry":null,"properties":{"N03_001":"千葉県","N03_002":null,"N03_003":null,"N03_004":"南房総市","N03_005":null,"N03_007":"12234"}},
{"type":"Feature","geometry":null,"properties":{"N03_001":"千葉県","N03_002":null,"N03_003":null,"N03_004":"南房総市","N03_005":null,"N03_007":"12234"}},
{"type":"Feature","geometry":null,"properties":{"N03_001":"千葉県","N03_002":null,"N03_003":null,"N03_004":"南房総市","N03_005":null,"N03_007":"12234"}},
{"type":"Feature","geometry":null,"properties":{"N03_001":"千葉県","N03_002":null,"N03_003":null,"N03_004":"南房総市","N03_005":null,"N03_007":"12234"}},
{"type":"Feature","geometry":null,"properties":{"N03_001":"千葉県","N03_002":null,"N03_003":null,"N03_004":"南房総市","N03_005":null,"N03_007":"12234"}},
{"type":"Feature","geometry":null,"properties":{"N03_001":"千葉県","N03_002":null,"N03_003":null,"N03_004":"南房総市","N03_005":null,"N03_007":"12234"}},
{"type":"Feature","geometry":null,"properties":{"N03_001":"千葉県","N03_002":null,"N03_003":null,"N03_004":"南房総市","N03_005":null,"N03_007":"12234"}},
{"type":"Feature","geometry":null,"properties":{"N03_001":"千葉県","N03_002":null,"N03_003":null,"N03_004":"南房総市","N03_005":null,"N03_007":"12234"}},
{"type":"Feature","geometry":null,"properties":{"N03_001":"千葉県","N03_002":null,"N03_003":null,"N03_004":"南房総市","N03_005":null,"N03_007":"12234"}},
{"type":"Feature","geometry":null,"properties":{"N03_001":"千葉県","N03_002":null,"N03_003":null,"N03_004":"南房総市","N03_005":null,"N03_007":"12234"}},
{"type":"Feature","geometry":null,"properties":{"N03_001":"千葉県","N03_002":null,"N03_003":null,"N03_004":"南房総市","N03_005":null,"N03_007":"12234"}},
{"type":"Feature","geometry":null,"properties":{"N03_001":"千葉県","N03_002":null,"N03_003":null,"N03_004":"南房総市","N03_005":null,"N03_007":"12234"}},
{"type":"Feature","geometry":null,"properties":{"N03_001":"千葉県","N03_002":null,"N03_003":null,"N03_004":"南房総市","N03_005":null,"N03_007":"12234"}},
{"type":"Feature","geometry":null,"properties":{"N03_001":"千葉県","N03_002":null,"N03_003":null,"N03_004":"南房総市","N03_005":null,"N03_007":"12234"}},
{"type":"Feature","geometry":null,"properties":{"N03_001":"千葉県","N03_002":null,"N03_003":null,"N03_004":"南房総市","N03_005":null,"N03_007":"12234"}},
{"type":"Feature","geometry":null,"properties":{"N03_001":"千葉県","N03_002":null,"N03_003":null,"N03_004":"南房総市","N03_005":null,"N03_007":"12234"}},
{"type":"Feature","geometry":null,"properties":{"N03_001":"千葉県","N03_002":null,"N03_003":null,"N03_004":"南房総市","N03_005":null,"N03_007":"12234"}},
{"type":"Feature","geometry":null,"properties":{"N03_001":"千葉県","N03_002":null,"N03_003":null,"N03_004":"南房総市","N03_005":null,"N03_007":"12234"}},
{"type":"Feature","geometry":null,"properties":{"N03_001":"千葉県","N03_002":null,"N03_003":null,"N03_004":"南房総市","N03_005":null,"N03_007":"12234"}},
{"type":"Feature","geometry":null,"properties":{"N03_001":"千葉県","N03_002":null,"N03_003":null,"N03_004":"南房総市","N03_005":null,"N03_007":"12234"}},
{"type":"Feature","geometry":null,"properties":{"N03_001":"千葉県","N03_002":null,"N03_003":null,"N03_004":"南房総市","N03_005":null,"N03_007":"12234"}},
{"type":"Feature","geometry":null,"properties":{"N03_001":"千葉県","N03_002":null,"N03_003":null,"N03_004":"南房総市","N03_005":null,"N03_007":"12234"}},
{"type":"Feature","geometry":null,"properties":{"N03_001":"千葉県","N03_002":null,"N03_003":null,"N03_004":"南房総市","N03_005":null,"N03_007":"12234"}},
{"type":"Feature","geometry":null,"properties":{"N03_001":"千葉県","N03_002":null,"N03_003":null,"N03_004":"南房総市","N03_005":null,"N03_007":"12234"}},
{"type":"Feature","geometry":null,"properties":{"N03_001":"千葉県","N03_002":null,"N03_003":null,"N03_004":"南房総市","N03_005":null,"N03_007":"12234"}},
{"type":"Feature","geometry":null,"properties":{"N03_001":"千葉県","N03_002":null,"N03_003":null,"N03_004":"南房総市","N03_005":null,"N03_007":"12234"}},
{"type":"Feature","geometry":null,"properties":{"N03_001":"千葉県","N03_002":null,"N03_003":null,"N03_004":"南房総市","N03_005":null,"N03_007":"12234"}},
{"type":"Feature","geometry":null,"properties":{"N03_001":"千葉県","N03_002":null,"N03_003":null,"N03_004":"南房総市","N03_005":null,"N03_007":"12234"}},
{"type":"Feature","geometry":null,"properties":{"N03_001":"千葉県","N03_002":null,"N03_003":null,"N03_004":"南房総市","N03_005":null,"N03_007":"12234"}},
{"type":"Feature","geometry":null,"properties":{"N03_001":"千葉県","N03_002":null,"N03_003":null,"N03_004":"南房総市","N03_005":null,"N03_007":"12234"}},
{"type":"Feature","geometry":null,"properties":{"N03_001":"千葉県","N03_002":null,"N03_003":null,"N03_004":"南房総市","N03_005":null,"N03_007":"12234"}},
{"type":"Feature","geometry":null,"properties":{"N03_001":"千葉県","N03_002":null,"N03_003":null,"N03_004":"南房総市","N03_005":null,"N03_007":"12234"}},
{"type":"Feature","geometry":null,"properties":{"N03_001":"千葉県","N03_002":null,"N03_003":null,"N03_004":"南房総市","N03_005":null,"N03_007":"12234"}},
{"type":"Feature","geometry":null,"properties":{"N03_001":"千葉県","N03_002":null,"N03_003":null,"N03_004":"南房総市","N03_005":null,"N03_007":"12234"}},
{"type":"Feature","geometry":null,"properties":{"N03_001":"千葉県","N03_002":null,"N03_003":null,"N03_004":"南房総市","N03_005":null,"N03_007":"12234"}},
{"type":"Feature","geometry":null,"properties":{"N03_001":"千葉県","N03_002":null,"N03_003":null,"N03_004":"南房総市","N03_005":null,"N03_007":"12234"}},
{"type":"Feature","geometry":null,"properties":{"N03_001":"千葉県","N03_002":null,"N03_003":null,"N03_004":"南房総市","N03_005":null,"N03_007":"12234"}},
{"type":"Feature","geometry":null,"properties":{"N03_001":"千葉県","N03_002":null,"N03_003":null,"N03_004":"南房総市","N03_005":null,"N03_007":"12234"}},
{"type":"Feature","geometry":null,"properties":{"N03_001":"千葉県","N03_002":null,"N03_003":null,"N03_004":"南房総市","N03_005":null,"N03_007":"12234"}},
{"type":"Feature","geometry":null,"properties":{"N03_001":"千葉県","N03_002":null,"N03_003":null,"N03_004":"南房総市","N03_005":null,"N03_007":"12234"}},
{"type":"Feature","geometry":null,"properties":{"N03_001":"千葉県","N03_002":null,"N03_003":null,"N03_004":"南房総市","N03_005":null,"N03_007":"12234"}},
{"type":"Feature","geometry":null,"properties":{"N03_001":"千葉県","N03_002":null,"N03_003":null,"N03_004":"南房総市","N03_005":null,"N03_007":"12234"}},
{"type":"Feature","geometry":null,"properties":{"N03_001":"千葉県","N03_002":null,"N03_003":null,"N03_004":"南房総市","N03_005":null,"N03_007":"12234"}},
{"type":"Feature","geometry":null,"properties":{"N03_001":"千葉県","N03_002":null,"N03_003":null,"N03_004":"南房総市","N03_005":null,"N03_007":"12234"}},
{"type":"Feature","geometry":null,"properties":{"N03_001":"千葉県","N03_002":null,"N03_003":null,"N03_004":"南房総市","N03_005":null,"N03_007":"12234"}},
{"type":"Feature","geometry":null,"properties":{"N03_001":"千葉県","N03_002":null,"N03_003":null,"N03_004":"南房総市","N03_005":null,"N03_007":"12234"}},
{"type":"Feature","geometry":null,"properties":{"N03_001":"千葉県","N03_002":null,"N03_003":null,"N03_004":"南房総市","N03_005":null,"N03_007":"12234"}},
{"type":"Feature","geometry":null,"properties":{"N03_001":"千葉県","N03_002":null,"N03_003":null,"N03_004":"南房総市","N03_005":null,"N03_007":"12234"}},
{"type":"Feature","geometry":null,"properties":{"N03_001":"千葉県","N03_002":null,"N03_003":null,"N03_004":"南房総市","N03_005":null,"N03_007":"12234"}},
{"type":"Feature","geometry":null,"properties":{"N03_001":"千葉県","N03_002":null,"N03_003":null,"N03_004":"南房総市","N03_005":null,"N03_007":"12234"}},
{"type":"Feature","geometry":null,"properties":{"N03_001":"千葉県","N03_002":null,"N03_003":null,"N03_004":"南房総市","N03_005":null,"N03_007":"12234"}},
{"type":"Feature","geometry":null,"properties":{"N03_001":"千葉県","N03_002":null,"N03_003":null,"N03_004":"南房総市","N03_005":null,"N03_007":"12234"}},
{"type":"Feature","geometry":null,"properties":{"N03_001":"千葉県","N03_002":null,"N03_003":null,"N03_004":"南房総市","N03_005":null,"N03_007":"12234"}},
{"type":"Feature","geometry":null,"properties":{"N03_001":"千葉県","N03_002":null,"N03_003":null,"N03_004":"南房総市","N03_005":null,"N03_007":"12234"}},
{"type":"Feature","geometry":null,"properties":{"N03_001":"千葉県","N03_002":null,"N03_003":null,"N03_004":"南房総市","N03_005":null,"N03_007":"12234"}},
{"type":"Feature","geometry":null,"properties":{"N03_001":"千葉県","N03_002":null,"N03_003":null,"N03_004":"南房総市","N03_005":null,"N03_007":"12234"}},
{"type":"Feature","geometry":null,"properties":{"N03_001":"千葉県","N03_002":null,"N03_003":null,"N03_004":"南房総市","N03_005":null,"N03_007":"12234"}},
{"type":"Feature","geometry":null,"properties":{"N03_001":"千葉県","N03_002":null,"N03_003":null,"N03_004":"南房総市","N03_005":null,"N03_007":"12234"}},
{"type":"Feature","geometry":null,"properties":{"N03_001":"千葉県","N03_002":null,"N03_003":null,"N03_004":"南房総市","N03_005":null,"N03_007":"12234"}},
{"type":"Feature","geometry":null,"properties":{"N03_001":"千葉県","N03_002":null,"N03_003":null,"N03_004":"南房総市","N03_005":null,"N03_007":"12234"}},
{"type":"Feature","geometry":null,"properties":{"N03_001":"千葉県","N03_002":null,"N03_003":null,"N03_004":"南房総市","N03_005":null,"N03_007":"12234"}},
{"type":"Feature","geometry":null,"properties":{"N03_001":"千葉県","N03_002":null,"N03_003":null,"N03_004":"南房総市","N03_005":null,"N03_007":"12234"}},
{"type":"Feature","geometry":null,"properties":{"N03_001":"千葉県","N03_002":null,"N03_003":null,"N03_004":"南房総市","N03_005":null,"N03_007":"12234"}},
{"type":"Feature","geometry":null,"properties":{"N03_001":"千葉県","N03_002":null,"N03_003":null,"N03_004":"南房総市","N03_005":null,"N03_007":"12234"}},
{"type":"Feature","geometry":null,"properties":{"N03_001":"千葉県","N03_002":null,"N03_003":null,"N03_004":"南房総市","N03_005":null,"N03_007":"12234"}},
{"type":"Feature","geometry":null,"properties":{"N03_001":"千葉県","N03_002":null,"N03_003":null,"N03_004":"南房総市","N03_005":null,"N03_007":"12234"}},
{"type":"Feature","geometry":null,"properties":{"N03_001":"千葉県","N03_002":null,"N03_003":null,"N03_004":"南房総市","N03_005":null,"N03_007":"12234"}},
{"type":"Feature","geometry":null,"properties":{"N03_001":"千葉県","N03_002":null,"N03_003":null,"N03_004":"南房総市","N03_005":null,"N03_007":"12234"}},
{"type":"Feature","geometry":null,"properties":{"N03_001":"千葉県","N03_002":null,"N03_003":null,"N03_004":"南房総市","N03_005":null,"N03_007":"12234"}},
{"type":"Feature","geometry":null,"properties":{"N03_001":"千葉県","N03_002":null,"N03_003":null,"N03_004":"南房総市","N03_005":null,"N03_007":"12234"}},
{"type":"Feature","geometry":null,"properties":{"N03_001":"千葉県","N03_002":null,"N03_003":null,"N03_004":"南房総市","N03_005":null,"N03_007":"12234"}},
{"type":"Feature","geometry":null,"properties":{"N03_001":"千葉県","N03_002":null,"N03_003":null,"N03_004":"南房総市","N03_005":null,"N03_007":"12234"}},
{"type":"Feature","geometry":null,"properties":{"N03_001":"千葉県","N03_002":null,"N03_003":null,"N03_004":"南房総市","N03_005":null,"N03_007":"12234"}},
{"type":"Feature","geometry":null,"properties":{"N03_001":"千葉県","N03_002":null,"N03_003":null,"N03_004":"南房総市","N03_005":null,"N03_007":"12234"}},
{"type":"Feature","geometry":null,"properties":{"N03_001":"千葉県","N03_002":null,"N03_003":null,"N03_004":"南房総市","N03_005":null,"N03_007":"12234"}},
{"type":"Feature","geometry":null,"properties":{"N03_001":"千葉県","N03_002":null,"N03_003":null,"N03_004":"南房総市","N03_005":null,"N03_007":"12234"}},
{"type":"Feature","geometry":null,"properties":{"N03_001":"千葉県","N03_002":null,"N03_003":null,"N03_004":"南房総市","N03_005":null,"N03_007":"12234"}},
{"type":"Feature","geometry":null,"properties":{"N03_001":"千葉県","N03_002":null,"N03_003":null,"N03_004":"南房総市","N03_005":null,"N03_007":"12234"}},
{"type":"Feature","geometry":null,"properties":{"N03_001":"千葉県","N03_002":null,"N03_003":null,"N03_004":"南房総市","N03_005":null,"N03_007":"12234"}},
{"type":"Feature","geometry":null,"properties":{"N03_001":"千葉県","N03_002":null,"N03_003":null,"N03_004":"南房総市","N03_005":null,"N03_007":"12234"}},
{"type":"Feature","geometry":null,"properties":{"N03_001":"千葉県","N03_002":null,"N03_003":null,"N03_004":"南房総市","N03_005":null,"N03_007":"12234"}},
{"type":"Feature","geometry":null,"properties":{"N03_001":"千葉県","N03_002":null,"N03_003":null,"N03_004":"南房総市","N03_005":null,"N03_007":"12234"}},
{"type":"Feature","geometry":null,"properties":{"N03_001":"千葉県","N03_002":null,"N03_003":null,"N03_004":"南房総市","N03_005":null,"N03_007":"12234"}},
{"type":"Feature","geometry":null,"properties":{"N03_001":"千葉県","N03_002":null,"N03_003":null,"N03_004":"南房総市","N03_005":null,"N03_007":"12234"}},
{"type":"Feature","geometry":null,"properties":{"N03_001":"千葉県","N03_002":null,"N03_003":null,"N03_004":"南房総市","N03_005":null,"N03_007":"12234"}},
{"type":"Feature","geometry":null,"properties":{"N03_001":"千葉県","N03_002":null,"N03_003":null,"N03_004":"南房総市","N03_005":null,"N03_007":"12234"}},
{"type":"Feature","geometry":null,"properties":{"N03_001":"千葉県","N03_002":null,"N03_003":null,"N03_004":"南房総市","N03_005":null,"N03_007":"12234"}},
{"type":"Feature","geometry":null,"properties":{"N03_001":"千葉県","N03_002":null,"N03_003":null,"N03_004":"南房総市","N03_005":null,"N03_007":"12234"}},
{"type":"Feature","geometry":null,"properties":{"N03_001":"千葉県","N03_002":null,"N03_003":null,"N03_004":"南房総市","N03_005":null,"N03_007":"12234"}},
{"type":"Feature","geometry":null,"properties":{"N03_001":"千葉県","N03_002":null,"N03_003":null,"N03_004":"南房総市","N03_005":null,"N03_007":"12234"}},
{"type":"Feature","geometry":null,"properties":{"N03_001":"千葉県","N03_002":null,"N03_003":null,"N03_004":"南房総市","N03_005":null,"N03_007":"12234"}},
{"type":"Feature","geometry":null,"properties":{"N03_001":"千葉県","N03_002":null,"N03_003":null,"N03_004":"南房総市","N03_005":null,"N03_007":"12234"}},
{"type":"Feature","geometry":null,"properties":{"N03_001":"千葉県","N03_002":null,"N03_003":null,"N03_004":"南房総市","N03_005":null,"N03_007":"12234"}},
{"type":"Feature","geometry":null,"properties":{"N03_001":"千葉県","N03_002":null,"N03_003":null,"N03_004":"南房総市","N03_005":null,"N03_007":"12234"}},
{"type":"Feature","geometry":null,"properties":{"N03_001":"千葉県","N03_002":null,"N03_003":null,"N03_004":"南房総市","N03_005":null,"N03_007":"12234"}},
{"type":"Feature","geometry":null,"properties":{"N03_001":"千葉県","N03_002":null,"N03_003":null,"N03_004":"南房総市","N03_005":null,"N03_007":"12234"}},
{"type":"Feature","geometry":null,"properties":{"N03_001":"千葉県","N03_002":null,"N03_003":null,"N03_004":"南房総市","N03_005":null,"N03_007":"12234"}},
{"type":"Feature","geometry":null,"properties":{"N03_001":"千葉県","N03_002":null,"N03_003":null,"N03_004":"南房総市","N03_005":null,"N03_007":"12234"}},
{"type":"Feature","geometry":null,"properties":{"N03_001":"千葉県","N03_002":null,"N03_003":null,"N03_004":"南房総市","N03_005":null,"N03_007":"12234"}},
{"type":"Feature","geometry":null,"properties":{"N03_001":"千葉県","N03_002":null,"N03_003":null,"N03_004":"南房総市","N03_005":null,"N03_007":"12234"}},
{"type":"Feature","geometry":null,"properties":{"N03_001":"千葉県","N03_002":null,"N03_003":null,"N03_004":"南房総市","N03_005":null,"N03_007":"12234"}},
{"type":"Feature","geometry":null,"properties":{"N03_001":"千葉県","N03_002":null,"N03_003":null,"N03_004":"南房総市","N03_005":null,"N03_007":"12234"}},
{"type":"Feature","geometry":null,"properties":{"N03_001":"千葉県","N03_002":null,"N03_003":null,"N03_004":"南房総市","N03_005":null,"N03_007":"12234"}},
{"type":"Feature","geometry":null,"properties":{"N03_001":"千葉県","N03_002":null,"N03_003":null,"N03_004":"南房総市","N03_005":null,"N03_007":"12234"}},
{"type":"Feature","geometry":null,"properties":{"N03_001":"千葉県","N03_002":null,"N03_003":null,"N03_004":"南房総市","N03_005":null,"N03_007":"12234"}},
{"type":"Feature","geometry":null,"properties":{"N03_001":"千葉県","N03_002":null,"N03_003":null,"N03_004":"南房総市","N03_005":null,"N03_007":"12234"}},
{"type":"Feature","geometry":null,"properties":{"N03_001":"千葉県","N03_002":null,"N03_003":null,"N03_004":"南房総市","N03_005":null,"N03_007":"12234"}},
{"type":"Feature","geometry":null,"properties":{"N03_001":"千葉県","N03_002":null,"N03_003":null,"N03_004":"南房総市","N03_005":null,"N03_007":"12234"}},
{"type":"Feature","geometry":null,"properties":{"N03_001":"千葉県","N03_002":null,"N03_003":null,"N03_004":"南房総市","N03_005":null,"N03_007":"12234"}},
{"type":"Feature","geometry":null,"properties":{"N03_001":"千葉県","N03_002":null,"N03_003":null,"N03_004":"南房総市","N03_005":null,"N03_007":"12234"}},
{"type":"Feature","geometry":null,"properties":{"N03_001":"千葉県","N03_002":null,"N03_003":null,"N03_004":"南房総市","N03_005":null,"N03_007":"12234"}},
{"type":"Feature","geometry":null,"properties":{"N03_001":"千葉県","N03_002":null,"N03_003":null,"N03_004":"南房総市","N03_005":null,"N03_007":"12234"}},
{"type":"Feature","geometry":null,"properties":{"N03_001":"千葉県","N03_002":null,"N03_003":null,"N03_004":"南房総市","N03_005":null,"N03_007":"12234"}},
{"type":"Feature","geometry":null,"properties":{"N03_001":"千葉県","N03_002":null,"N03_003":null,"N03_004":"南房総市","N03_005":null,"N03_007":"12234"}},
{"type":"Feature","geometry":null,"properties":{"N03_001":"千葉県","N03_002":null,"N03_003":null,"N03_004":"南房総市","N03_005":null,"N03_007":"12234"}},
{"type":"Feature","geometry":null,"properties":{"N03_001":"千葉県","N03_002":null,"N03_003":null,"N03_004":"南房総市","N03_005":null,"N03_007":"12234"}},
{"type":"Feature","geometry":null,"properties":{"N03_001":"千葉県","N03_002":null,"N03_003":null,"N03_004":"南房総市","N03_005":null,"N03_007":"12234"}},
{"type":"Feature","geometry":null,"properties":{"N03_001":"千葉県","N03_002":null,"N03_003":null,"N03_004":"南房総市","N03_005":null,"N03_007":"12234"}},
{"type":"Feature","geometry":null,"properties":{"N03_001":"千葉県","N03_002":null,"N03_003":null,"N03_004":"南房総市","N03_005":null,"N03_007":"12234"}},
{"type":"Feature","geometry":null,"properties":{"N03_001":"千葉県","N03_002":null,"N03_003":null,"N03_004":"南房総市","N03_005":null,"N03_007":"12234"}},
{"type":"Feature","geometry":null,"properties":{"N03_001":"千葉県","N03_002":null,"N03_003":null,"N03_004":"南房総市","N03_005":null,"N03_007":"12234"}},
{"type":"Feature","geometry":null,"properties":{"N03_001":"千葉県","N03_002":null,"N03_003":null,"N03_004":"南房総市","N03_005":null,"N03_007":"12234"}},
{"type":"Feature","geometry":null,"properties":{"N03_001":"千葉県","N03_002":null,"N03_003":null,"N03_004":"南房総市","N03_005":null,"N03_007":"12234"}},
{"type":"Feature","geometry":null,"properties":{"N03_001":"千葉県","N03_002":null,"N03_003":null,"N03_004":"南房総市","N03_005":null,"N03_007":"12234"}},
{"type":"Feature","geometry":null,"properties":{"N03_001":"千葉県","N03_002":null,"N03_003":null,"N03_004":"南房総市","N03_005":null,"N03_007":"12234"}},
{"type":"Feature","geometry":null,"properties":{"N03_001":"千葉県","N03_002":null,"N03_003":null,"N03_004":"南房総市","N03_005":null,"N03_007":"12234"}},
{"type":"Feature","geometry":null,"properties":{"N03_001":"千葉県","N03_002":null,"N03_003":null,"N03_004":"南房総市","N03_005":null,"N03_007":"12234"}},
{"type":"Feature","geometry":null,"properties":{"N03_001":"千葉県","N03_002":null,"N03_003":null,"N03_004":"南房総市","N03_005":null,"N03_007":"12234"}},
{"type":"Feature","geometry":null,"properties":{"N03_001":"千葉県","N03_002":null,"N03_003":null,"N03_004":"南房総市","N03_005":null,"N03_007":"12234"}},
{"type":"Feature","geometry":null,"properties":{"N03_001":"千葉県","N03_002":null,"N03_003":null,"N03_004":"南房総市","N03_005":null,"N03_007":"12234"}},
{"type":"Feature","geometry":null,"properties":{"N03_001":"千葉県","N03_002":null,"N03_003":null,"N03_004":"南房総市","N03_005":null,"N03_007":"12234"}},
{"type":"Feature","geometry":null,"properties":{"N03_001":"千葉県","N03_002":null,"N03_003":null,"N03_004":"南房総市","N03_005":null,"N03_007":"12234"}},
{"type":"Feature","geometry":null,"properties":{"N03_001":"千葉県","N03_002":null,"N03_003":null,"N03_004":"南房総市","N03_005":null,"N03_007":"12234"}},
{"type":"Feature","geometry":null,"properties":{"N03_001":"千葉県","N03_002":null,"N03_003":null,"N03_004":"南房総市","N03_005":null,"N03_007":"12234"}},
{"type":"Feature","geometry":null,"properties":{"N03_001":"千葉県","N03_002":null,"N03_003":null,"N03_004":"南房総市","N03_005":null,"N03_007":"12234"}},
{"type":"Feature","geometry":null,"properties":{"N03_001":"千葉県","N03_002":null,"N03_003":null,"N03_004":"南房総市","N03_005":null,"N03_007":"12234"}},
{"type":"Feature","geometry":null,"properties":{"N03_001":"千葉県","N03_002":null,"N03_003":null,"N03_004":"南房総市","N03_005":null,"N03_007":"12234"}},
{"type":"Feature","geometry":null,"properties":{"N03_001":"千葉県","N03_002":null,"N03_003":null,"N03_004":"南房総市","N03_005":null,"N03_007":"12234"}},
{"type":"Feature","geometry":null,"properties":{"N03_001":"千葉県","N03_002":null,"N03_003":null,"N03_004":"南房総市","N03_005":null,"N03_007":"12234"}},
{"type":"Feature","geometry":null,"properties":{"N03_001":"千葉県","N03_002":null,"N03_003":null,"N03_004":"南房総市","N03_005":null,"N03_007":"12234"}},
{"type":"Feature","geometry":null,"properties":{"N03_001":"千葉県","N03_002":null,"N03_003":null,"N03_004":"南房総市","N03_005":null,"N03_007":"12234"}},
{"type":"Feature","geometry":null,"properties":{"N03_001":"千葉県","N03_002":null,"N03_003":null,"N03_004":"南房総市","N03_005":null,"N03_007":"12234"}},
{"type":"Feature","geometry":null,"properties":{"N03_001":"千葉県","N03_002":null,"N03_003":null,"N03_004":"南房総市","N03_005":null,"N03_007":"12234"}},
{"type":"Feature","geometry":null,"properties":{"N03_001":"千葉県","N03_002":null,"N03_003":null,"N03_004":"南房総市","N03_005":null,"N03_007":"12234"}},
{"type":"Feature","geometry":null,"properties":{"N03_001":"千葉県","N03_002":null,"N03_003":null,"N03_004":"南房総市","N03_005":null,"N03_007":"12234"}},
{"type":"Feature","geometry":null,"properties":{"N03_001":"千葉県","N03_002":null,"N03_003":null,"N03_004":"南房総市","N03_005":null,"N03_007":"12234"}},
{"type":"Feature","geometry":null,"properties":{"N03_001":"千葉県","N03_002":null,"N03_003":null,"N03_004":"南房総市","N03_005":null,"N03_007":"12234"}},
{"type":"Feature","geometry":null,"properties":{"N03_001":"千葉県","N03_002":null,"N03_003":null,"N03_004":"南房総市","N03_005":null,"N03_007":"12234"}},
{"type":"Feature","geometry":null,"properties":{"N03_001":"千葉県","N03_002":null,"N03_003":null,"N03_004":"南房総市","N03_005":null,"N03_007":"12234"}},
{"type":"Feature","geometry":null,"properties":{"N03_001":"千葉県","N03_002":null,"N03_003":null,"N03_004":"南房総市","N03_005":null,"N03_007":"12234"}},
{"type":"Feature","geometry":null,"properties":{"N03_001":"千葉県","N03_002":null,"N03_003":null,"N03_004":"南房総市","N03_005":null,"N03_007":"12234"}},
{"type":"Feature","geometry":null,"properties":{"N03_001":"千葉県","N03_002":null,"N03_003":null,"N03_004":"南房総市","N03_005":null,"N03_007":"12234"}},
{"type":"Feature","geometry":null,"properties":{"N03_001":"千葉県","N03_002":null,"N03_003":null,"N03_004":"南房総市","N03_005":null,"N03_007":"12234"}},
{"type":"Feature","geometry":null,"properties":{"N03_001":"千葉県","N03_002":null,"N03_003":null,"N03_004":"南房総市","N03_005":null,"N03_007":"12234"}},
{"type":"Feature","geometry":null,"properties":{"N03_001":"千葉県","N03_002":null,"N03_003":null,"N03_004":"南房総市","N03_005":null,"N03_007":"12234"}},
{"type":"Feature","geometry":null,"properties":{"N03_001":"千葉県","N03_002":null,"N03_003":null,"N03_004":"南房総市","N03_005":null,"N03_007":"12234"}},
{"type":"Feature","geometry":null,"properties":{"N03_001":"千葉県","N03_002":null,"N03_003":null,"N03_004":"南房総市","N03_005":null,"N03_007":"12234"}},
{"type":"Feature","geometry":null,"properties":{"N03_001":"千葉県","N03_002":null,"N03_003":null,"N03_004":"南房総市","N03_005":null,"N03_007":"12234"}},
{"type":"Feature","geometry":null,"properties":{"N03_001":"千葉県","N03_002":null,"N03_003":null,"N03_004":"南房総市","N03_005":null,"N03_007":"12234"}},
{"type":"Feature","geometry":null,"properties":{"N03_001":"千葉県","N03_002":null,"N03_003":null,"N03_004":"南房総市","N03_005":null,"N03_007":"12234"}},
{"type":"Feature","geometry":null,"properties":{"N03_001":"千葉県","N03_002":null,"N03_003":null,"N03_004":"南房総市","N03_005":null,"N03_007":"12234"}},
{"type":"Feature","geometry":null,"properties":{"N03_001":"千葉県","N03_002":null,"N03_003":null,"N03_004":"南房総市","N03_005":null,"N03_007":"12234"}},
{"type":"Feature","geometry":null,"properties":{"N03_001":"千葉県","N03_002":null,"N03_003":null,"N03_004":"南房総市","N03_005":null,"N03_007":"12234"}},
{"type":"Feature","geometry":null,"properties":{"N03_001":"千葉県","N03_002":null,"N03_003":null,"N03_004":"南房総市","N03_005":null,"N03_007":"12234"}},
{"type":"Feature","geometry":null,"properties":{"N03_001":"千葉県","N03_002":null,"N03_003":null,"N03_004":"南房総市","N03_005":null,"N03_007":"12234"}},
{"type":"Feature","geometry":null,"properties":{"N03_001":"千葉県","N03_002":null,"N03_003":null,"N03_004":"南房総市","N03_005":null,"N03_007":"12234"}},
{"type":"Feature","geometry":null,"properties":{"N03_001":"千葉県","N03_002":null,"N03_003":null,"N03_004":"南房総市","N03_005":null,"N03_007":"12234"}},
{"type":"Feature","geometry":null,"properties":{"N03_001":"千葉県","N03_002":null,"N03_003":null,"N03_004":"南房総市","N03_005":null,"N03_007":"12234"}},
{"type":"Feature","geometry":null,"properties":{"N03_001":"千葉県","N03_002":null,"N03_003":null,"N03_004":"南房総市","N03_005":null,"N03_007":"12234"}},
{"type":"Feature","geometry":null,"properties":{"N03_001":"千葉県","N03_002":null,"N03_003":null,"N03_004":"南房総市","N03_005":null,"N03_007":"12234"}},
{"type":"Feature","geometry":null,"properties":{"N03_001":"千葉県","N03_002":null,"N03_003":null,"N03_004":"南房総市","N03_005":null,"N03_007":"12234"}},
{"type":"Feature","geometry":null,"properties":{"N03_001":"千葉県","N03_002":null,"N03_003":null,"N03_004":"南房総市","N03_005":null,"N03_007":"12234"}},
{"type":"Feature","geometry":null,"properties":{"N03_001":"千葉県","N03_002":null,"N03_003":null,"N03_004":"南房総市","N03_005":null,"N03_007":"12234"}},
{"type":"Feature","geometry":null,"properties":{"N03_001":"千葉県","N03_002":null,"N03_003":null,"N03_004":"南房総市","N03_005":null,"N03_007":"12234"}},
{"type":"Feature","geometry":null,"properties":{"N03_001":"千葉県","N03_002":null,"N03_003":null,"N03_004":"南房総市","N03_005":null,"N03_007":"12234"}},
{"type":"Feature","geometry":null,"properties":{"N03_001":"千葉県","N03_002":null,"N03_003":null,"N03_004":"南房総市","N03_005":null,"N03_007":"12234"}},
{"type":"Feature","geometry":null,"properties":{"N03_001":"千葉県","N03_002":null,"N03_003":null,"N03_004":"南房総市","N03_005":null,"N03_007":"12234"}},
{"type":"Feature","geometry":null,"properties":{"N03_001":"千葉県","N03_002":null,"N03_003":null,"N03_004":"南房総市","N03_005":null,"N03_007":"12234"}},
{"type":"Feature","geometry":null,"properties":{"N03_001":"千葉県","N03_002":null,"N03_003":null,"N03_004":"南房総市","N03_005":null,"N03_007":"12234"}},
{"type":"Feature","geometry":null,"properties":{"N03_001":"千葉県","N03_002":null,"N03_003":null,"N03_004":"南房総市","N03_005":null,"N03_007":"12234"}},
{"type":"Feature","geometry":null,"properties":{"N03_001":"千葉県","N03_002":null,"N03_003":null,"N03_004":"南房総市","N03_005":null,"N03_007":"12234"}},
{"type":"Feature","geometry":null,"properties":{"N03_001":"千葉県","N03_002":null,"N03_003":null,"N03_004":"南房総市","N03_005":null,"N03_007":"12234"}},
{"type":"Feature","geometry":null,"properties":{"N03_001":"千葉県","N03_002":null,"N03_003":null,"N03_004":"南房総市","N03_005":null,"N03_007":"12234"}},
{"type":"Feature","geometry":null,"properties":{"N03_001":"千葉県","N03_002":null,"N03_003":null,"N03_004":"南房総市","N03_005":null,"N03_007":"12234"}},
{"type":"Feature","geometry":null,"properties":{"N03_001":"千葉県","N03_002":null,"N03_003":null,"N03_004":"南房総市","N03_005":null,"N03_007":"12234"}},
{"type":"Feature","geometry":null,"properties":{"N03_001":"千葉県","N03_002":null,"N03_003":null,"N03_004":"南房総市","N03_005":null,"N03_007":"12234"}},
{"type":"Feature","geometry":null,"properties":{"N03_001":"千葉県","N03_002":null,"N03_003":null,"N03_004":"南房総市","N03_005":null,"N03_007":"12234"}},
{"type":"Feature","geometry":null,"properties":{"N03_001":"千葉県","N03_002":null,"N03_003":null,"N03_004":"南房総市","N03_005":null,"N03_007":"12234"}},
{"type":"Feature","geometry":null,"properties":{"N03_001":"千葉県","N03_002":null,"N03_003":null,"N03_004":"南房総市","N03_005":null,"N03_007":"12234"}},
{"type":"Feature","geometry":null,"properties":{"N03_001":"千葉県","N03_002":null,"N03_003":null,"N03_004":"南房総市","N03_005":null,"N03_007":"12234"}},
{"type":"Feature","geometry":null,"properties":{"N03_001":"千葉県","N03_002":null,"N03_003":null,"N03_004":"南房総市","N03_005":null,"N03_007":"12234"}},
{"type":"Feature","geometry":null,"properties":{"N03_001":"千葉県","N03_002":null,"N03_003":null,"N03_004":"南房総市","N03_005":null,"N03_007":"12234"}},
{"type":"Feature","geometry":null,"properties":{"N03_001":"千葉県","N03_002":null,"N03_003":null,"N03_004":"南房総市","N03_005":null,"N03_007":"12234"}},
{"type":"Feature","geometry":null,"properties":{"N03_001":"千葉県","N03_002":null,"N03_003":null,"N03_004":"南房総市","N03_005":null,"N03_007":"12234"}},
{"type":"Feature","geometry":null,"properties":{"N03_001":"千葉県","N03_002":null,"N03_003":null,"N03_004":"南房総市","N03_005":null,"N03_007":"12234"}},
{"type":"Feature","geometry":null,"properties":{"N03_001":"千葉県","N03_002":null,"N03_003":null,"N03_004":"南房総市","N03_005":null,"N03_007":"12234"}},
{"type":"Feature","geometry":null,"properties":{"N03_001":"千葉県","N03_002":null,"N03_003":null,"N03_004":"南房総市","N03_005":null,"N03_007":"12234"}},
{"type":"Feature","geometry":null,"properties":{"N03_001":"千葉県","N03_002":null,"N03_003":null,"N03_004":"南房総市","N03_005":null,"N03_007":"12234"}},
{"type":"Feature","geometry":null,"properties":{"N03_001":"千葉県","N03_002":null,"N03_003":null,"N03_004":"南房総市","N03_005":null,"N03_007":"12234"}},
{"type":"Feature","geometry":null,"properties":{"N03_001":"千葉県","N03_002":null,"N03_003":null,"N03_004":"南房総市","N03_005":null,"N03_007":"12234"}},
{"type":"Feature","geometry":null,"properties":{"N03_001":"千葉県","N03_002":null,"N03_003":null,"N03_004":"南房総市","N03_005":null,"N03_007":"12234"}},
{"type":"Feature","geometry":null,"properties":{"N03_001":"千葉県","N03_002":null,"N03_003":null,"N03_004":"南房総市","N03_005":null,"N03_007":"12234"}},
{"type":"Feature","geometry":null,"properties":{"N03_001":"千葉県","N03_002":null,"N03_003":null,"N03_004":"南房総市","N03_005":null,"N03_007":"12234"}},
{"type":"Feature","geometry":null,"properties":{"N03_001":"千葉県","N03_002":null,"N03_003":null,"N03_004":"南房総市","N03_005":null,"N03_007":"12234"}},
{"type":"Feature","geometry":null,"properties":{"N03_001":"千葉県","N03_002":null,"N03_003":null,"N03_004":"南房総市","N03_005":null,"N03_007":"12234"}},
{"type":"Feature","geometry":null,"properties":{"N03_001":"千葉県","N03_002":null,"N03_003":null,"N03_004":"南房総市","N03_005":null,"N03_007":"12234"}},
{"type":"Feature","geometry":null,"properties":{"N03_001":"千葉県","N03_002":null,"N03_003":null,"N03_004":"南房総市","N03_005":null,"N03_007":"12234"}},
{"type":"Feature","geometry":null,"properties":{"N03_001":"千葉県","N03_002":null,"N03_003":null,"N03_004":"南房総市","N03_005":null,"N03_007":"12234"}},
{"type":"Feature","geometry":null,"properties":{"N03_001":"千葉県","N03_002":null,"N03_003":null,"N03_004":"南房総市","N03_005":null,"N03_007":"12234"}},
{"type":"Feature","geometry":null,"properties":{"N03_001":"千葉県","N03_002":null,"N03_003":null,"N03_004":"南房総市","N03_005":null,"N03_007":"12234"}},
{"type":"Feature","geometry":null,"properties":{"N03_001":"千葉県","N03_002":null,"N03_003":null,"N03_004":"南房総市","N03_005":null,"N03_007":"12234"}},
{"type":"Feature","geometry":null,"properties":{"N03_001":"千葉県","N03_002":null,"N03_003":null,"N03_004":"南房総市","N03_005":null,"N03_007":"12234"}},
{"type":"Feature","geometry":null,"properties":{"N03_001":"千葉県","N03_002":null,"N03_003":null,"N03_004":"南房総市","N03_005":null,"N03_007":"12234"}},
{"type":"Feature","geometry":null,"properties":{"N03_001":"千葉県","N03_002":null,"N03_003":null,"N03_004":"南房総市","N03_005":null,"N03_007":"12234"}},
{"type":"Feature","geometry":null,"properties":{"N03_001":"千葉県","N03_002":null,"N03_003":null,"N03_004":"南房総市","N03_005":null,"N03_007":"12234"}},
{"type":"Feature","geometry":null,"properties":{"N03_001":"千葉県","N03_002":null,"N03_003":null,"N03_004":"南房総市","N03_005":null,"N03_007":"12234"}},
{"type":"Feature","geometry":null,"properties":{"N03_001":"千葉県","N03_002":null,"N03_003":null,"N03_004":"南房総市","N03_005":null,"N03_007":"12234"}},
{"type":"Feature","geometry":null,"properties":{"N03_001":"千葉県","N03_002":null,"N03_003":null,"N03_004":"南房総市","N03_005":null,"N03_007":"12234"}},
{"type":"Feature","geometry":null,"properties":{"N03_001":"千葉県","N03_002":null,"N03_003":null,"N03_004":"南房総市","N03_005":null,"N03_007":"12234"}},
{"type":"Feature","geometry":null,"properties":{"N03_001":"千葉県","N03_002":null,"N03_003":null,"N03_004":"南房総市","N03_005":null,"N03_007":"12234"}},
{"type":"Feature","geometry":null,"properties":{"N03_001":"千葉県","N03_002":null,"N03_003":null,"N03_004":"南房総市","N03_005":null,"N03_007":"12234"}},
{"type":"Feature","geometry":null,"properties":{"N03_001":"千葉県","N03_002":null,"N03_003":null,"N03_004":"南房総市","N03_005":null,"N03_007":"12234"}},
{"type":"Feature","geometry":null,"properties":{"N03_001":"千葉県","N03_002":null,"N03_003":null,"N03_004":"南房総市","N03_005":null,"N03_007":"12234"}},
{"type":"Feature","geometry":null,"properties":{"N03_001":"千葉県","N03_002":null,"N03_003":null,"N03_004":"南房総市","N03_005":null,"N03_007":"12234"}},
{"type":"Feature","geometry":null,"properties":{"N03_001":"千葉県","N03_002":null,"N03_003":null,"N03_004":"南房総市","N03_005":null,"N03_007":"12234"}},
{"type":"Feature","geometry":null,"properties":{"N03_001":"千葉県","N03_002":null,"N03_003":null,"N03_004":"南房総市","N03_005":null,"N03_007":"12234"}},
{"type":"Feature","geometry":null,"properties":{"N03_001":"千葉県","N03_002":null,"N03_003":null,"N03_004":"南房総市","N03_005":null,"N03_007":"12234"}},
{"type":"Feature","geometry":null,"properties":{"N03_001":"千葉県","N03_002":null,"N03_003":null,"N03_004":"南房総市","N03_005":null,"N03_007":"12234"}},
{"type":"Feature","geometry":null,"properties":{"N03_001":"千葉県","N03_002":null,"N03_003":null,"N03_004":"南房総市","N03_005":null,"N03_007":"12234"}},
{"type":"Feature","geometry":null,"properties":{"N03_001":"千葉県","N03_002":null,"N03_003":null,"N03_004":"南房総市","N03_005":null,"N03_007":"12234"}},
{"type":"Feature","geometry":null,"properties":{"N03_001":"千葉県","N03_002":null,"N03_003":null,"N03_004":"南房総市","N03_005":null,"N03_007":"12234"}},
{"type":"Feature","geometry":null,"properties":{"N03_001":"千葉県","N03_002":null,"N03_003":null,"N03_004":"南房総市","N03_005":null,"N03_007":"12234"}},
{"type":"Feature","geometry":null,"properties":{"N03_001":"千葉県","N03_002":null,"N03_003":null,"N03_004":"南房総市","N03_005":null,"N03_007":"12234"}},
{"type":"Feature","geometry":null,"properties":{"N03_001":"千葉県","N03_002":null,"N03_003":null,"N03_004":"南房総市","N03_005":null,"N03_007":"12234"}},
{"type":"Feature","geometry":null,"properties":{"N03_001":"千葉県","N03_002":null,"N03_003":null,"N03_004":"南房総市","N03_005":null,"N03_007":"12234"}},
{"type":"Feature","geometry":null,"properties":{"N03_001":"千葉県","N03_002":null,"N03_003":null,"N03_004":"南房総市","N03_005":null,"N03_007":"12234"}},
{"type":"Feature","geometry":null,"properties":{"N03_001":"千葉県","N03_002":null,"N03_003":null,"N03_004":"南房総市","N03_005":null,"N03_007":"12234"}},
{"type":"Feature","geometry":null,"properties":{"N03_001":"千葉県","N03_002":null,"N03_003":null,"N03_004":"南房総市","N03_005":null,"N03_007":"12234"}},
{"type":"Feature","geometry":null,"properties":{"N03_001":"千葉県","N03_002":null,"N03_003":null,"N03_004":"南房総市","N03_005":null,"N03_007":"12234"}},
{"type":"Feature","geometry":null,"properties":{"N03_001":"千葉県","N03_002":null,"N03_003":null,"N03_004":"南房総市","N03_005":null,"N03_007":"12234"}},
{"type":"Feature","geometry":null,"properties":{"N03_001":"千葉県","N03_002":null,"N03_003":null,"N03_004":"南房総市","N03_005":null,"N03_007":"12234"}},
{"type":"Feature","geometry":null,"properties":{"N03_001":"千葉県","N03_002":null,"N03_003":null,"N03_004":"南房総市","N03_005":null,"N03_007":"12234"}},
{"type":"Feature","geometry":null,"properties":{"N03_001":"千葉県","N03_002":null,"N03_003":null,"N03_004":"南房総市","N03_005":null,"N03_007":"12234"}},
{"type":"Feature","geometry":null,"properties":{"N03_001":"千葉県","N03_002":null,"N03_003":null,"N03_004":"南房総市","N03_005":null,"N03_007":"12234"}},
{"type":"Feature","geometry":null,"properties":{"N03_001":"千葉県","N03_002":null,"N03_003":null,"N03_004":"南房総市","N03_005":null,"N03_007":"12234"}},
{"type":"Feature","geometry":null,"properties":{"N03_001":"千葉県","N03_002":null,"N03_003":null,"N03_004":"南房総市","N03_005":null,"N03_007":"12234"}},
{"type":"Feature","geometry":null,"properties":{"N03_001":"千葉県","N03_002":null,"N03_003":null,"N03_004":"南房総市","N03_005":null,"N03_007":"12234"}},
{"type":"Feature","geometry":null,"properties":{"N03_001":"千葉県","N03_002":null,"N03_003":null,"N03_004":"南房総市","N03_005":null,"N03_007":"12234"}},
{"type":"Feature","geometry":null,"properties":{"N03_001":"千葉県","N03_002":null,"N03_003":null,"N03_004":"南房総市","N03_005":null,"N03_007":"12234"}},
{"type":"Feature","geometry":null,"properties":{"N03_001":"千葉県","N03_002":null,"N03_003":null,"N03_004":"南房総市","N03_005":null,"N03_007":"12234"}},
{"type":"Feature","geometry":null,"properties":{"N03_001":"千葉県","N03_002":null,"N03_003":null,"N03_004":"南房総市","N03_005":null,"N03_007":"12234"}},
{"type":"Feature","geometry":null,"properties":{"N03_001":"千葉県","N03_002":null,"N03_003":null,"N03_004":"南房総市","N03_005":null,"N03_007":"12234"}},
{"type":"Feature","geometry":null,"properties":{"N03_001":"千葉県","N03_002":null,"N03_003":null,"N03_004":"南房総市","N03_005":null,"N03_007":"12234"}},
{"type":"Feature","geometry":null,"properties":{"N03_001":"千葉県","N03_002":null,"N03_003":null,"N03_004":"南房総市","N03_005":null,"N03_007":"12234"}},
{"type":"Feature","geometry":null,"properties":{"N03_001":"千葉県","N03_002":null,"N03_003":null,"N03_004":"南房総市","N03_005":null,"N03_007":"12234"}},
{"type":"Feature","geometry":null,"properties":{"N03_001":"千葉県","N03_002":null,"N03_003":null,"N03_004":"南房総市","N03_005":null,"N03_007":"12234"}},
{"type":"Feature","geometry":null,"properties":{"N03_001":"千葉県","N03_002":null,"N03_003":null,"N03_004":"南房総市","N03_005":null,"N03_007":"12234"}},
{"type":"Feature","geometry":null,"properties":{"N03_001":"千葉県","N03_002":null,"N03_003":null,"N03_004":"南房総市","N03_005":null,"N03_007":"12234"}},
{"type":"Feature","geometry":null,"properties":{"N03_001":"千葉県","N03_002":null,"N03_003":null,"N03_004":"南房総市","N03_005":null,"N03_007":"12234"}},
{"type":"Feature","geometry":null,"properties":{"N03_001":"千葉県","N03_002":null,"N03_003":null,"N03_004":"南房総市","N03_005":null,"N03_007":"12234"}},
{"type":"Feature","geometry":null,"properties":{"N03_001":"千葉県","N03_002":null,"N03_003":null,"N03_004":"南房総市","N03_005":null,"N03_007":"12234"}},
{"type":"Feature","geometry":null,"properties":{"N03_001":"千葉県","N03_002":null,"N03_003":null,"N03_004":"南房総市","N03_005":null,"N03_007":"12234"}},
{"type":"Feature","geometry":null,"properties":{"N03_001":"千葉県","N03_002":null,"N03_003":null,"N03_004":"南房総市","N03_005":null,"N03_007":"12234"}},
{"type":"Feature","geometry":null,"properties":{"N03_001":"千葉県","N03_002":null,"N03_003":null,"N03_004":"南房総市","N03_005":null,"N03_007":"12234"}},
{"type":"Feature","geometry":null,"properties":{"N03_001":"千葉県","N03_002":null,"N03_003":null,"N03_004":"南房総市","N03_005":null,"N03_007":"12234"}},
{"type":"Feature","geometry":null,"properties":{"N03_001":"千葉県","N03_002":null,"N03_003":null,"N03_004":"南房総市","N03_005":null,"N03_007":"12234"}},
{"type":"Feature","geometry":null,"properties":{"N03_001":"千葉県","N03_002":null,"N03_003":null,"N03_004":"南房総市","N03_005":null,"N03_007":"12234"}},
{"type":"Feature","geometry":null,"properties":{"N03_001":"千葉県","N03_002":null,"N03_003":null,"N03_004":"南房総市","N03_005":null,"N03_007":"12234"}},
{"type":"Feature","geometry":null,"properties":{"N03_001":"千葉県","N03_002":null,"N03_003":null,"N03_004":"南房総市","N03_005":null,"N03_007":"12234"}},
{"type":"Feature","geometry":null,"properties":{"N03_001":"千葉県","N03_002":null,"N03_003":null,"N03_004":"南房総市","N03_005":null,"N03_007":"12234"}},
{"type":"Feature","geometry":null,"properties":{"N03_001":"千葉県","N03_002":null,"N03_003":null,"N03_004":"南房総市","N03_005":null,"N03_007":"12234"}},
{"type":"Feature","geometry":null,"properties":{"N03_001":"千葉県","N03_002":null,"N03_003":null,"N03_004":"南房総市","N03_005":null,"N03_007":"12234"}},
{"type":"Feature","geometry":null,"properties":{"N03_001":"千葉県","N03_002":null,"N03_003":null,"N03_004":"南房総市","N03_005":null,"N03_007":"12234"}},
{"type":"Feature","geometry":null,"properties":{"N03_001":"千葉県","N03_002":null,"N03_003":null,"N03_004":"南房総市","N03_005":null,"N03_007":"12234"}},
{"type":"Feature","geometry":null,"properties":{"N03_001":"千葉県","N03_002":null,"N03_003":null,"N03_004":"南房総市","N03_005":null,"N03_007":"12234"}},
{"type":"Feature","geometry":null,"properties":{"N03_001":"千葉県","N03_002":null,"N03_003":null,"N03_004":"南房総市","N03_005":null,"N03_007":"12234"}},
{"type":"Feature","geometry":null,"properties":{"N03_001":"千葉県","N03_002":null,"N03_003":null,"N03_004":"南房総市","N03_005":null,"N03_007":"12234"}},
{"type":"Feature","geometry":null,"properties":{"N03_001":"千葉県","N03_002":null,"N03_003":null,"N03_004":"南房総市","N03_005":null,"N03_007":"12234"}},
{"type":"Feature","geometry":null,"properties":{"N03_001":"千葉県","N03_002":null,"N03_003":null,"N03_004":"南房総市","N03_005":null,"N03_007":"12234"}},
{"type":"Feature","geometry":null,"properties":{"N03_001":"千葉県","N03_002":null,"N03_003":null,"N03_004":"南房総市","N03_005":null,"N03_007":"12234"}},
{"type":"Feature","geometry":null,"properties":{"N03_001":"千葉県","N03_002":null,"N03_003":null,"N03_004":"南房総市","N03_005":null,"N03_007":"12234"}},
{"type":"Feature","geometry":null,"properties":{"N03_001":"千葉県","N03_002":null,"N03_003":null,"N03_004":"南房総市","N03_005":null,"N03_007":"12234"}},
{"type":"Feature","geometry":null,"properties":{"N03_001":"千葉県","N03_002":null,"N03_003":null,"N03_004":"南房総市","N03_005":null,"N03_007":"12234"}},
{"type":"Feature","geometry":null,"properties":{"N03_001":"千葉県","N03_002":null,"N03_003":null,"N03_004":"南房総市","N03_005":null,"N03_007":"12234"}},
{"type":"Feature","geometry":null,"properties":{"N03_001":"千葉県","N03_002":null,"N03_003":null,"N03_004":"南房総市","N03_005":null,"N03_007":"12234"}},
{"type":"Feature","geometry":null,"properties":{"N03_001":"千葉県","N03_002":null,"N03_003":null,"N03_004":"南房総市","N03_005":null,"N03_007":"12234"}},
{"type":"Feature","geometry":null,"properties":{"N03_001":"千葉県","N03_002":null,"N03_003":null,"N03_004":"南房総市","N03_005":null,"N03_007":"12234"}},
{"type":"Feature","geometry":null,"properties":{"N03_001":"千葉県","N03_002":null,"N03_003":null,"N03_004":"南房総市","N03_005":null,"N03_007":"12234"}},
{"type":"Feature","geometry":null,"properties":{"N03_001":"千葉県","N03_002":null,"N03_003":null,"N03_004":"南房総市","N03_005":null,"N03_007":"12234"}},
{"type":"Feature","geometry":null,"properties":{"N03_001":"千葉県","N03_002":null,"N03_003":null,"N03_004":"南房総市","N03_005":null,"N03_007":"12234"}},
{"type":"Feature","geometry":null,"properties":{"N03_001":"千葉県","N03_002":null,"N03_003":null,"N03_004":"南房総市","N03_005":null,"N03_007":"12234"}},
{"type":"Feature","geometry":null,"properties":{"N03_001":"千葉県","N03_002":null,"N03_003":null,"N03_004":"南房総市","N03_005":null,"N03_007":"12234"}},
{"type":"Feature","geometry":null,"properties":{"N03_001":"千葉県","N03_002":null,"N03_003":null,"N03_004":"南房総市","N03_005":null,"N03_007":"12234"}},
{"type":"Feature","geometry":null,"properties":{"N03_001":"千葉県","N03_002":null,"N03_003":null,"N03_004":"南房総市","N03_005":null,"N03_007":"12234"}},
{"type":"Feature","geometry":null,"properties":{"N03_001":"千葉県","N03_002":null,"N03_003":null,"N03_004":"南房総市","N03_005":null,"N03_007":"12234"}},
{"type":"Feature","geometry":null,"properties":{"N03_001":"千葉県","N03_002":null,"N03_003":null,"N03_004":"南房総市","N03_005":null,"N03_007":"12234"}},
{"type":"Feature","geometry":null,"properties":{"N03_001":"千葉県","N03_002":null,"N03_003":null,"N03_004":"南房総市","N03_005":null,"N03_007":"12234"}},
{"type":"Feature","geometry":null,"properties":{"N03_001":"千葉県","N03_002":null,"N03_003":null,"N03_004":"南房総市","N03_005":null,"N03_007":"12234"}},
{"type":"Feature","geometry":null,"properties":{"N03_001":"千葉県","N03_002":null,"N03_003":null,"N03_004":"南房総市","N03_005":null,"N03_007":"12234"}},
{"type":"Feature","geometry":null,"properties":{"N03_001":"千葉県","N03_002":null,"N03_003":null,"N03_004":"南房総市","N03_005":null,"N03_007":"12234"}},
{"type":"Feature","geometry":null,"properties":{"N03_001":"千葉県","N03_002":null,"N03_003":null,"N03_004":"南房総市","N03_005":null,"N03_007":"12234"}},
{"type":"Feature","geometry":null,"properties":{"N03_001":"千葉県","N03_002":null,"N03_003":null,"N03_004":"南房総市","N03_005":null,"N03_007":"12234"}},
{"type":"Feature","geometry":null,"properties":{"N03_001":"千葉県","N03_002":null,"N03_003":null,"N03_004":"南房総市","N03_005":null,"N03_007":"12234"}},
{"type":"Feature","geometry":null,"properties":{"N03_001":"千葉県","N03_002":null,"N03_003":null,"N03_004":"南房総市","N03_005":null,"N03_007":"12234"}},
{"type":"Feature","geometry":null,"properties":{"N03_001":"千葉県","N03_002":null,"N03_003":null,"N03_004":"南房総市","N03_005":null,"N03_007":"12234"}},
{"type":"Feature","geometry":null,"properties":{"N03_001":"千葉県","N03_002":null,"N03_003":null,"N03_004":"南房総市","N03_005":null,"N03_007":"12234"}},
{"type":"Feature","geometry":null,"properties":{"N03_001":"千葉県","N03_002":null,"N03_003":null,"N03_004":"南房総市","N03_005":null,"N03_007":"12234"}},
{"type":"Feature","geometry":null,"properties":{"N03_001":"千葉県","N03_002":null,"N03_003":null,"N03_004":"南房総市","N03_005":null,"N03_007":"12234"}},
{"type":"Feature","geometry":null,"properties":{"N03_001":"千葉県","N03_002":null,"N03_003":null,"N03_004":"南房総市","N03_005":null,"N03_007":"12234"}},
{"type":"Feature","geometry":null,"properties":{"N03_001":"千葉県","N03_002":null,"N03_003":null,"N03_004":"南房総市","N03_005":null,"N03_007":"12234"}},
{"type":"Feature","geometry":null,"properties":{"N03_001":"千葉県","N03_002":null,"N03_003":null,"N03_004":"南房総市","N03_005":null,"N03_007":"12234"}},
{"type":"Feature","geometry":null,"properties":{"N03_001":"千葉県","N03_002":null,"N03_003":null,"N03_004":"南房総市","N03_005":null,"N03_007":"12234"}},
{"type":"Feature","geometry":null,"properties":{"N03_001":"千葉県","N03_002":null,"N03_003":null,"N03_004":"南房総市","N03_005":null,"N03_007":"12234"}},
{"type":"Feature","geometry":null,"properties":{"N03_001":"千葉県","N03_002":null,"N03_003":null,"N03_004":"南房総市","N03_005":null,"N03_007":"12234"}},
{"type":"Feature","geometry":null,"properties":{"N03_001":"千葉県","N03_002":null,"N03_003":null,"N03_004":"南房総市","N03_005":null,"N03_007":"12234"}},
{"type":"Feature","geometry":null,"properties":{"N03_001":"千葉県","N03_002":null,"N03_003":null,"N03_004":"南房総市","N03_005":null,"N03_007":"12234"}},
{"type":"Feature","geometry":null,"properties":{"N03_001":"千葉県","N03_002":null,"N03_003":null,"N03_004":"南房総市","N03_005":null,"N03_007":"12234"}},
{"type":"Feature","geometry":null,"properties":{"N03_001":"千葉県","N03_002":null,"N03_003":null,"N03_004":"南房総市","N03_005":null,"N03_007":"12234"}},
{"type":"Feature","geometry":null,"properties":{"N03_001":"千葉県","N03_002":null,"N03_003":null,"N03_004":"南房総市","N03_005":null,"N03_007":"12234"}},
{"type":"Feature","geometry":null,"properties":{"N03_001":"千葉県","N03_002":null,"N03_003":null,"N03_004":"南房総市","N03_005":null,"N03_007":"12234"}},
{"type":"Feature","geometry":null,"properties":{"N03_001":"千葉県","N03_002":null,"N03_003":null,"N03_004":"南房総市","N03_005":null,"N03_007":"12234"}},
{"type":"Feature","geometry":null,"properties":{"N03_001":"千葉県","N03_002":null,"N03_003":null,"N03_004":"南房総市","N03_005":null,"N03_007":"12234"}},
{"type":"Feature","geometry":null,"properties":{"N03_001":"千葉県","N03_002":null,"N03_003":null,"N03_004":"南房総市","N03_005":null,"N03_007":"12234"}},
{"type":"Feature","geometry":null,"properties":{"N03_001":"千葉県","N03_002":null,"N03_003":null,"N03_004":"南房総市","N03_005":null,"N03_007":"12234"}},
{"type":"Feature","geometry":null,"properties":{"N03_001":"千葉県","N03_002":null,"N03_003":null,"N03_004":"南房総市","N03_005":null,"N03_007":"12234"}},
{"type":"Feature","geometry":null,"properties":{"N03_001":"千葉県","N03_002":null,"N03_003":null,"N03_004":"南房総市","N03_005":null,"N03_007":"12234"}},
{"type":"Feature","geometry":null,"properties":{"N03_001":"千葉県","N03_002":null,"N03_003":null,"N03_004":"南房総市","N03_005":null,"N03_007":"12234"}},
{"type":"Feature","geometry":null,"properties":{"N03_001":"千葉県","N03_002":null,"N03_003":null,"N03_004":"南房総市","N03_005":null,"N03_007":"12234"}},
{"type":"Feature","geometry":null,"properties":{"N03_001":"千葉県","N03_002":null,"N03_003":null,"N03_004":"南房総市","N03_005":null,"N03_007":"12234"}},
{"type":"Feature","geometry":null,"properties":{"N03_001":"千葉県","N03_002":null,"N03_003":null,"N03_004":"南房総市","N03_005":null,"N03_007":"12234"}},
{"type":"Feature","geometry":null,"properties":{"N03_001":"千葉県","N03_002":null,"N03_003":null,"N03_004":"南房総市","N03_005":null,"N03_007":"12234"}},
{"type":"Feature","geometry":null,"properties":{"N03_001":"千葉県","N03_002":null,"N03_003":null,"N03_004":"南房総市","N03_005":null,"N03_007":"12234"}},
{"type":"Feature","geometry":null,"properties":{"N03_001":"千葉県","N03_002":null,"N03_003":null,"N03_004":"南房総市","N03_005":null,"N03_007":"12234"}},
{"type":"Feature","geometry":null,"properties":{"N03_001":"千葉県","N03_002":null,"N03_003":null,"N03_004":"南房総市","N03_005":null,"N03_007":"12234"}},
{"type":"Feature","geometry":null,"properties":{"N03_001":"千葉県","N03_002":null,"N03_003":null,"N03_004":"南房総市","N03_005":null,"N03_007":"12234"}},
{"type":"Feature","geometry":null,"properties":{"N03_001":"千葉県","N03_002":null,"N03_003":null,"N03_004":"南房総市","N03_005":null,"N03_007":"12234"}},
{"type":"Feature","geometry":null,"properties":{"N03_001":"千葉県","N03_002":null,"N03_003":null,"N03_004":"南房総市","N03_005":null,"N03_007":"12234"}},
{"type":"Feature","geometry":null,"properties":{"N03_001":"千葉県","N03_002":null,"N03_003":null,"N03_004":"南房総市","N03_005":null,"N03_007":"12234"}},
{"type":"Feature","geometry":null,"properties":{"N03_001":"千葉県","N03_002":null,"N03_003":null,"N03_004":"南房総市","N03_005":null,"N03_007":"12234"}},
{"type":"Feature","geometry":null,"properties":{"N03_001":"千葉県","N03_002":null,"N03_003":null,"N03_004":"南房総市","N03_005":null,"N03_007":"12234"}},
{"type":"Feature","geometry":null,"properties":{"N03_001":"千葉県","N03_002":null,"N03_003":null,"N03_004":"南房総市","N03_005":null,"N03_007":"12234"}},
{"type":"Feature","geometry":null,"properties":{"N03_001":"千葉県","N03_002":null,"N03_003":null,"N03_004":"南房総市","N03_005":null,"N03_007":"12234"}},
{"type":"Feature","geometry":null,"properties":{"N03_001":"千葉県","N03_002":null,"N03_003":null,"N03_004":"南房総市","N03_005":null,"N03_007":"12234"}},
{"type":"Feature","geometry":null,"properties":{"N03_001":"千葉県","N03_002":null,"N03_003":null,"N03_004":"南房総市","N03_005":null,"N03_007":"12234"}},
{"type":"Feature","geometry":null,"properties":{"N03_001":"千葉県","N03_002":null,"N03_003":null,"N03_004":"南房総市","N03_005":null,"N03_007":"12234"}},
{"type":"Feature","geometry":null,"properties":{"N03_001":"千葉県","N03_002":null,"N03_003":null,"N03_004":"南房総市","N03_005":null,"N03_007":"12234"}},
{"type":"Feature","geometry":null,"properties":{"N03_001":"千葉県","N03_002":null,"N03_003":null,"N03_004":"南房総市","N03_005":null,"N03_007":"12234"}},
{"type":"Feature","geometry":null,"properties":{"N03_001":"千葉県","N03_002":null,"N03_003":null,"N03_004":"南房総市","N03_005":null,"N03_007":"12234"}},
{"type":"Feature","geometry":null,"properties":{"N03_001":"千葉県","N03_002":null,"N03_003":null,"N03_004":"南房総市","N03_005":null,"N03_007":"12234"}},
{"type":"Feature","geometry":null,"properties":{"N03_001":"千葉県","N03_002":null,"N03_003":null,"N03_004":"南房総市","N03_005":null,"N03_007":"12234"}},
{"type":"Feature","geometry":null,"properties":{"N03_001":"千葉県","N03_002":null,"N03_003":null,"N03_004":"南房総市","N03_005":null,"N03_007":"12234"}},
{"type":"Feature","geometry":null,"properties":{"N03_001":"千葉県","N03_002":null,"N03_003":null,"N03_004":"南房総市","N03_005":null,"N03_007":"12234"}},
{"type":"Feature","geometry":null,"properties":{"N03_001":"千葉県","N03_002":null,"N03_003":null,"N03_004":"南房総市","N03_005":null,"N03_007":"12234"}},
{"type":"Feature","geometry":null,"properties":{"N03_001":"千葉県","N03_002":null,"N03_003":null,"N03_004":"南房総市","N03_005":null,"N03_007":"12234"}},
{"type":"Feature","geometry":null,"properties":{"N03_001":"千葉県","N03_002":null,"N03_003":null,"N03_004":"南房総市","N03_005":null,"N03_007":"12234"}},
{"type":"Feature","geometry":null,"properties":{"N03_001":"千葉県","N03_002":null,"N03_003":null,"N03_004":"南房総市","N03_005":null,"N03_007":"12234"}},
{"type":"Feature","geometry":null,"properties":{"N03_001":"千葉県","N03_002":null,"N03_003":null,"N03_004":"南房総市","N03_005":null,"N03_007":"12234"}},
{"type":"Feature","geometry":null,"properties":{"N03_001":"千葉県","N03_002":null,"N03_003":null,"N03_004":"南房総市","N03_005":null,"N03_007":"12234"}},
{"type":"Feature","geometry":null,"properties":{"N03_001":"千葉県","N03_002":null,"N03_003":null,"N03_004":"南房総市","N03_005":null,"N03_007":"12234"}},
{"type":"Feature","geometry":null,"properties":{"N03_001":"千葉県","N03_002":null,"N03_003":null,"N03_004":"南房総市","N03_005":null,"N03_007":"12234"}},
{"type":"Feature","geometry":null,"properties":{"N03_001":"千葉県","N03_002":null,"N03_003":null,"N03_004":"南房総市","N03_005":null,"N03_007":"12234"}},
{"type":"Feature","geometry":null,"properties":{"N03_001":"千葉県","N03_002":null,"N03_003":null,"N03_004":"南房総市","N03_005":null,"N03_007":"12234"}},
{"type":"Feature","geometry":null,"properties":{"N03_001":"千葉県","N03_002":null,"N03_003":null,"N03_004":"南房総市","N03_005":null,"N03_007":"12234"}},
{"type":"Feature","geometry":null,"properties":{"N03_001":"千葉県","N03_002":null,"N03_003":null,"N03_004":"南房総市","N03_005":null,"N03_007":"12234"}},
{"type":"Feature","geometry":null,"properties":{"N03_001":"千葉県","N03_002":null,"N03_003":null,"N03_004":"南房総市","N03_005":null,"N03_007":"12234"}},
{"type":"Feature","geometry":null,"properties":{"N03_001":"千葉県","N03_002":null,"N03_003":null,"N03_004":"南房総市","N03_005":null,"N03_007":"12234"}},
{"type":"Feature","geometry":null,"properties":{"N03_001":"千葉県","N03_002":null,"N03_003":null,"N03_004":"南房総市","N03_005":null,"N03_007":"12234"}},
{"type":"Feature","geometry":null,"properties":{"N03_001":"千葉県","N03_002":null,"N03_003":null,"N03_004":"南房総市","N03_005":null,"N03_007":"12234"}},
{"type":"Feature","geometry":null,"properties":{"N03_001":"千葉県","N03_002":null,"N03_003":null,"N03_004":"南房総市","N03_005":null,"N03_007":"12234"}},
{"type":"Feature","geometry":null,"properties":{"N03_001":"千葉県","N03_002":null,"N03_003":null,"N03_004":"南房総市","N03_005":null,"N03_007":"12234"}},
{"type":"Feature","geometry":null,"properties":{"N03_001":"千葉県","N03_002":null,"N03_003":null,"N03_004":"南房総市","N03_005":null,"N03_007":"12234"}},
{"type":"Feature","geometry":null,"properties":{"N03_001":"千葉県","N03_002":null,"N03_003":null,"N03_004":"南房総市","N03_005":null,"N03_007":"12234"}},
{"type":"Feature","geometry":null,"properties":{"N03_001":"千葉県","N03_002":null,"N03_003":null,"N03_004":"南房総市","N03_005":null,"N03_007":"12234"}},
{"type":"Feature","geometry":null,"properties":{"N03_001":"千葉県","N03_002":null,"N03_003":null,"N03_004":"南房総市","N03_005":null,"N03_007":"12234"}},
{"type":"Feature","geometry":null,"properties":{"N03_001":"千葉県","N03_002":null,"N03_003":null,"N03_004":"南房総市","N03_005":null,"N03_007":"12234"}},
{"type":"Feature","geometry":null,"properties":{"N03_001":"千葉県","N03_002":null,"N03_003":null,"N03_004":"南房総市","N03_005":null,"N03_007":"12234"}},
{"type":"Feature","geometry":null,"properties":{"N03_001":"千葉県","N03_002":null,"N03_003":null,"N03_004":"南房総市","N03_005":null,"N03_007":"12234"}},
{"type":"Feature","geometry":null,"properties":{"N03_001":"千葉県","N03_002":null,"N03_003":null,"N03_004":"南房総市","N03_005":null,"N03_007":"12234"}},
{"type":"Feature","geometry":null,"properties":{"N03_001":"千葉県","N03_002":null,"N03_003":null,"N03_004":"南房総市","N03_005":null,"N03_007":"12234"}},
{"type":"Feature","geometry":null,"properties":{"N03_001":"千葉県","N03_002":null,"N03_003":null,"N03_004":"南房総市","N03_005":null,"N03_007":"12234"}},
{"type":"Feature","geometry":null,"properties":{"N03_001":"千葉県","N03_002":null,"N03_003":null,"N03_004":"南房総市","N03_005":null,"N03_007":"12234"}},
{"type":"Feature","geometry":null,"properties":{"N03_001":"千葉県","N03_002":null,"N03_003":null,"N03_004":"南房総市","N03_005":null,"N03_007":"12234"}},
{"type":"Feature","geometry":null,"properties":{"N03_001":"千葉県","N03_002":null,"N03_003":null,"N03_004":"南房総市","N03_005":null,"N03_007":"12234"}},
{"type":"Feature","geometry":null,"properties":{"N03_001":"千葉県","N03_002":null,"N03_003":null,"N03_004":"南房総市","N03_005":null,"N03_007":"12234"}},
{"type":"Feature","geometry":null,"properties":{"N03_001":"千葉県","N03_002":null,"N03_003":null,"N03_004":"南房総市","N03_005":null,"N03_007":"12234"}},
{"type":"Feature","geometry":null,"properties":{"N03_001":"千葉県","N03_002":null,"N03_003":null,"N03_004":"南房総市","N03_005":null,"N03_007":"12234"}},
{"type":"Feature","geometry":null,"properties":{"N03_001":"千葉県","N03_002":null,"N03_003":null,"N03_004":"南房総市","N03_005":null,"N03_007":"12234"}},
{"type":"Feature","geometry":null,"properties":{"N03_001":"千葉県","N03_002":null,"N03_003":null,"N03_004":"南房総市","N03_005":null,"N03_007":"12234"}},
{"type":"Feature","geometry":null,"properties":{"N03_001":"千葉県","N03_002":null,"N03_003":null,"N03_004":"南房総市","N03_005":null,"N03_007":"12234"}},
{"type":"Feature","geometry":null,"properties":{"N03_001":"千葉県","N03_002":null,"N03_003":null,"N03_004":"南房総市","N03_005":null,"N03_007":"12234"}},
{"type":"Feature","geometry":null,"properties":{"N03_001":"千葉県","N03_002":null,"N03_003":null,"N03_004":"南房総市","N03_005":null,"N03_007":"12234"}},
{"type":"Feature","geometry":null,"properties":{"N03_001":"千葉県","N03_002":null,"N03_003":null,"N03_004":"南房総市","N03_005":null,"N03_007":"12234"}},
{"type":"Feature","geometry":null,"properties":{"N03_001":"千葉県","N03_002":null,"N03_003":null,"N03_004":"南房総市","N03_005":null,"N03_007":"12234"}},
{"type":"Feature","geometry":null,"properties":{"N03_001":"千葉県","N03_002":null,"N03_003":null,"N03_004":"南房総市","N03_005":null,"N03_007":"12234"}},
{"type":"Feature","geometry":null,"properties":{"N03_001":"千葉県","N03_002":null,"N03_003":null,"N03_004":"南房総市","N03_005":null,"N03_007":"12234"}},
{"type":"Feature","geometry":null,"properties":{"N03_001":"千葉県","N03_002":null,"N03_003":null,"N03_004":"南房総市","N03_005":null,"N03_007":"12234"}},
{"type":"Feature","geometry":null,"properties":{"N03_001":"千葉県","N03_002":null,"N03_003":null,"N03_004":"南房総市","N03_005":null,"N03_007":"12234"}},
{"type":"Feature","geometry":null,"properties":{"N03_001":"千葉県","N03_002":null,"N03_003":null,"N03_004":"南房総市","N03_005":null,"N03_007":"12234"}},
{"type":"Feature","geometry":null,"properties":{"N03_001":"千葉県","N03_002":null,"N03_003":null,"N03_004":"南房総市","N03_005":null,"N03_007":"12234"}},
{"type":"Feature","geometry":null,"properties":{"N03_001":"千葉県","N03_002":null,"N03_003":null,"N03_004":"南房総市","N03_005":null,"N03_007":"12234"}},
{"type":"Feature","geometry":null,"properties":{"N03_001":"千葉県","N03_002":null,"N03_003":null,"N03_004":"南房総市","N03_005":null,"N03_007":"12234"}},
{"type":"Feature","geometry":null,"properties":{"N03_001":"千葉県","N03_002":null,"N03_003":null,"N03_004":"南房総市","N03_005":null,"N03_007":"12234"}},
{"type":"Feature","geometry":null,"properties":{"N03_001":"千葉県","N03_002":null,"N03_003":null,"N03_004":"南房総市","N03_005":null,"N03_007":"12234"}},
{"type":"Feature","geometry":null,"properties":{"N03_001":"千葉県","N03_002":null,"N03_003":null,"N03_004":"南房総市","N03_005":null,"N03_007":"12234"}},
{"type":"Feature","geometry":null,"properties":{"N03_001":"千葉県","N03_002":null,"N03_003":null,"N03_004":"南房総市","N03_005":null,"N03_007":"12234"}},
{"type":"Feature","geometry":null,"properties":{"N03_001":"千葉県","N03_002":null,"N03_003":null,"N03_004":"南房総市","N03_005":null,"N03_007":"12234"}},
{"type":"Feature","geometry":null,"properties":{"N03_001":"千葉県","N03_002":null,"N03_003":null,"N03_004":"南房総市","N03_005":null,"N03_007":"12234"}},
{"type":"Feature","geometry":null,"properties":{"N03_001":"千葉県","N03_002":null,"N03_003":null,"N03_004":"南房総市","N03_005":null,"N03_007":"12234"}},
{"type":"Feature","geometry":null,"properties":{"N03_001":"千葉県","N03_002":null,"N03_003":null,"N03_004":"南房総市","N03_005":null,"N03_007":"12234"}},
{"type":"Feature","geometry":null,"properties":{"N03_001":"千葉県","N03_002":null,"N03_003":null,"N03_004":"南房総市","N03_005":null,"N03_007":"12234"}},
{"type":"Feature","geometry":null,"properties":{"N03_001":"千葉県","N03_002":null,"N03_003":null,"N03_004":"南房総市","N03_005":null,"N03_007":"12234"}},
{"type":"Feature","geometry":null,"properties":{"N03_001":"千葉県","N03_002":null,"N03_003":null,"N03_004":"南房総市","N03_005":null,"N03_007":"12234"}},
{"type":"Feature","geometry":null,"properties":{"N03_001":"千葉県","N03_002":null,"N03_003":null,"N03_004":"南房総市","N03_005":null,"N03_007":"12234"}},
{"type":"Feature","geometry":null,"properties":{"N03_001":"千葉県","N03_002":null,"N03_003":null,"N03_004":"南房総市","N03_005":null,"N03_007":"12234"}},
{"type":"Feature","geometry":null,"properties":{"N03_001":"千葉県","N03_002":null,"N03_003":null,"N03_004":"南房総市","N03_005":null,"N03_007":"12234"}},
{"type":"Feature","geometry":null,"properties":{"N03_001":"千葉県","N03_002":null,"N03_003":null,"N03_004":"南房総市","N03_005":null,"N03_007":"12234"}},
{"type":"Feature","geometry":null,"properties":{"N03_001":"千葉県","N03_002":null,"N03_003":null,"N03_004":"南房総市","N03_005":null,"N03_007":"12234"}},
{"type":"Feature","geometry":null,"properties":{"N03_001":"千葉県","N03_002":null,"N03_003":null,"N03_004":"南房総市","N03_005":null,"N03_007":"12234"}},
{"type":"Feature","geometry":null,"properties":{"N03_001":"千葉県","N03_002":null,"N03_003":null,"N03_004":"南房総市","N03_005":null,"N03_007":"12234"}},
{"type":"Feature","geometry":null,"properties":{"N03_001":"千葉県","N03_002":null,"N03_003":null,"N03_004":"南房総市","N03_005":null,"N03_007":"12234"}},
{"type":"Feature","geometry":null,"properties":{"N03_001":"千葉県","N03_002":null,"N03_003":null,"N03_004":"南房総市","N03_005":null,"N03_007":"12234"}},
{"type":"Feature","geometry":null,"properties":{"N03_001":"千葉県","N03_002":null,"N03_003":null,"N03_004":"南房総市","N03_005":null,"N03_007":"12234"}},
{"type":"Feature","geometry":null,"properties":{"N03_001":"千葉県","N03_002":null,"N03_003":null,"N03_004":"南房総市","N03_005":null,"N03_007":"12234"}},
{"type":"Feature","geometry":null,"properties":{"N03_001":"千葉県","N03_002":null,"N03_003":null,"N03_004":"南房総市","N03_005":null,"N03_007":"12234"}},
{"type":"Feature","geometry":null,"properties":{"N03_001":"千葉県","N03_002":null,"N03_003":null,"N03_004":"南房総市","N03_005":null,"N03_007":"12234"}},
{"type":"Feature","geometry":null,"properties":{"N03_001":"千葉県","N03_002":null,"N03_003":null,"N03_004":"南房総市","N03_005":null,"N03_007":"12234"}},
{"type":"Feature","geometry":null,"properties":{"N03_001":"千葉県","N03_002":null,"N03_003":null,"N03_004":"南房総市","N03_005":null,"N03_007":"12234"}},
{"type":"Feature","geometry":null,"properties":{"N03_001":"千葉県","N03_002":null,"N03_003":null,"N03_004":"南房総市","N03_005":null,"N03_007":"12234"}},
{"type":"Feature","geometry":null,"properties":{"N03_001":"千葉県","N03_002":null,"N03_003":null,"N03_004":"南房総市","N03_005":null,"N03_007":"12234"}},
{"type":"Feature","geometry":null,"properties":{"N03_001":"千葉県","N03_002":null,"N03_003":null,"N03_004":"南房総市","N03_005":null,"N03_007":"12234"}},
{"type":"Feature","geometry":null,"properties":{"N03_001":"千葉県","N03_002":null,"N03_003":null,"N03_004":"南房総市","N03_005":null,"N03_007":"12234"}},
{"type":"Feature","geometry":null,"properties":{"N03_001":"千葉県","N03_002":null,"N03_003":null,"N03_004":"南房総市","N03_005":null,"N03_007":"12234"}},
{"type":"Feature","geometry":null,"properties":{"N03_001":"千葉県","N03_002":null,"N03_003":null,"N03_004":"南房総市","N03_005":null,"N03_007":"12234"}},
{"type":"Feature","geometry":null,"properties":{"N03_001":"千葉県","N03_002":null,"N03_003":null,"N03_004":"南房総市","N03_005":null,"N03_007":"12234"}},
{"type":"Feature","geometry":null,"properties":{"N03_001":"千葉県","N03_002":null,"N03_003":null,"N03_004":"南房総市","N03_005":null,"N03_007":"12234"}},
{"type":"Feature","geometry":null,"properties":{"N03_001":"千葉県","N03_002":null,"N03_003":null,"N03_004":"南房総市","N03_005":null,"N03_007":"12234"}},
{"type":"Feature","geometry":null,"properties":{"N03_001":"千葉県","N03_002":null,"N03_003":null,"N03_004":"南房総市","N03_005":null,"N03_007":"12234"}},
{"type":"Feature","geometry":null,"properties":{"N03_001":"千葉県","N03_002":null,"N03_003":null,"N03_004":"南房総市","N03_005":null,"N03_007":"12234"}},
{"type":"Feature","geometry":null,"properties":{"N03_001":"千葉県","N03_002":null,"N03_003":null,"N03_004":"南房総市","N03_005":null,"N03_007":"12234"}},
{"type":"Feature","geometry":null,"properties":{"N03_001":"千葉県","N03_002":null,"N03_003":null,"N03_004":"南房総市","N03_005":null,"N03_007":"12234"}},
{"type":"Feature","geometry":null,"properties":{"N03_001":"千葉県","N03_002":null,"N03_003":null,"N03_004":"南房総市","N03_005":null,"N03_007":"12234"}},
{"type":"Feature","geometry":null,"properties":{"N03_001":"千葉県","N03_002":null,"N03_003":null,"N03_004":"南房総市","N03_005":null,"N03_007":"12234"}},
{"type":"Feature","geometry":null,"properties":{"N03_001":"千葉県","N03_002":null,"N03_003":null,"N03_004":"南房総市","N03_005":null,"N03_007":"12234"}},
{"type":"Feature","geometry":null,"properties":{"N03_001":"千葉県","N03_002":null,"N03_003":null,"N03_004":"南房総市","N03_005":null,"N03_007":"12234"}},
{"type":"Feature","geometry":null,"properties":{"N03_001":"千葉県","N03_002":null,"N03_003":null,"N03_004":"南房総市","N03_005":null,"N03_007":"12234"}},
{"type":"Feature","geometry":null,"properties":{"N03_001":"千葉県","N03_002":null,"N03_003":null,"N03_004":"南房総市","N03_005":null,"N03_007":"12234"}},
{"type":"Feature","geometry":null,"properties":{"N03_001":"千葉県","N03_002":null,"N03_003":null,"N03_004":"南房総市","N03_005":null,"N03_007":"12234"}},
{"type":"Feature","geometry":null,"properties":{"N03_001":"千葉県","N03_002":null,"N03_003":null,"N03_004":"南房総市","N03_005":null,"N03_007":"12234"}},
{"type":"Feature","geometry":null,"properties":{"N03_001":"千葉県","N03_002":null,"N03_003":null,"N03_004":"南房総市","N03_005":null,"N03_007":"12234"}},
{"type":"Feature","geometry":null,"properties":{"N03_001":"千葉県","N03_002":null,"N03_003":null,"N03_004":"南房総市","N03_005":null,"N03_007":"12234"}},
{"type":"Feature","geometry":null,"properties":{"N03_001":"千葉県","N03_002":null,"N03_003":null,"N03_004":"南房総市","N03_005":null,"N03_007":"12234"}},
{"type":"Feature","geometry":null,"properties":{"N03_001":"千葉県","N03_002":null,"N03_003":null,"N03_004":"南房総市","N03_005":null,"N03_007":"12234"}},
{"type":"Feature","geometry":null,"properties":{"N03_001":"千葉県","N03_002":null,"N03_003":null,"N03_004":"南房総市","N03_005":null,"N03_007":"12234"}},
{"type":"Feature","geometry":null,"properties":{"N03_001":"千葉県","N03_002":null,"N03_003":null,"N03_004":"南房総市","N03_005":null,"N03_007":"12234"}},
{"type":"Feature","geometry":null,"properties":{"N03_001":"千葉県","N03_002":null,"N03_003":null,"N03_004":"南房総市","N03_005":null,"N03_007":"12234"}},
{"type":"Feature","geometry":null,"properties":{"N03_001":"千葉県","N03_002":null,"N03_003":null,"N03_004":"南房総市","N03_005":null,"N03_007":"12234"}},
{"type":"Feature","geometry":null,"properties":{"N03_001":"千葉県","N03_002":null,"N03_003":null,"N03_004":"南房総市","N03_005":null,"N03_007":"12234"}},
{"type":"Feature","geometry":null,"properties":{"N03_001":"千葉県","N03_002":null,"N03_003":null,"N03_004":"南房総市","N03_005":null,"N03_007":"12234"}},
{"type":"Feature","geometry":null,"properties":{"N03_001":"千葉県","N03_002":null,"N03_003":null,"N03_004":"南房総市","N03_005":null,"N03_007":"12234"}},
{"type":"Feature","geometry":null,"properties":{"N03_001":"千葉県","N03_002":null,"N03_003":null,"N03_004":"南房総市","N03_005":null,"N03_007":"12234"}},
{"type":"Feature","geometry":null,"properties":{"N03_001":"千葉県","N03_002":null,"N03_003":null,"N03_004":"南房総市","N03_005":null,"N03_007":"12234"}},
{"type":"Feature","geometry":null,"properties":{"N03_001":"千葉県","N03_002":null,"N03_003":null,"N03_004":"南房総市","N03_005":null,"N03_007":"12234"}},
{"type":"Feature","geometry":null,"properties":{"N03_001":"千葉県","N03_002":null,"N03_003":null,"N03_004":"南房総市","N03_005":null,"N03_007":"12234"}},
{"type":"Feature","geometry":null,"properties":{"N03_001":"千葉県","N03_002":null,"N03_003":null,"N03_004":"南房総市","N03_005":null,"N03_007":"12234"}},
{"type":"Feature","geometry":null,"properties":{"N03_001":"千葉県","N03_002":null,"N03_003":null,"N03_004":"南房総市","N03_005":null,"N03_007":"12234"}},
{"type":"Feature","geometry":null,"properties":{"N03_001":"千葉県","N03_002":null,"N03_003":null,"N03_004":"南房総市","N03_005":null,"N03_007":"12234"}},
{"type":"Feature","geometry":null,"properties":{"N03_001":"千葉県","N03_002":null,"N03_003":null,"N03_004":"南房総市","N03_005":null,"N03_007":"12234"}},
{"type":"Feature","geometry":null,"properties":{"N03_001":"千葉県","N03_002":null,"N03_003":null,"N03_004":"南房総市","N03_005":null,"N03_007":"12234"}},
{"type":"Feature","geometry":null,"properties":{"N03_001":"千葉県","N03_002":null,"N03_003":null,"N03_004":"南房総市","N03_005":null,"N03_007":"12234"}},
{"type":"Feature","geometry":null,"properties":{"N03_001":"千葉県","N03_002":null,"N03_003":null,"N03_004":"南房総市","N03_005":null,"N03_007":"12234"}},
{"type":"Feature","geometry":null,"properties":{"N03_001":"千葉県","N03_002":null,"N03_003":null,"N03_004":"南房総市","N03_005":null,"N03_007":"12234"}},
{"type":"Feature","geometry":null,"properties":{"N03_001":"千葉県","N03_002":null,"N03_003":null,"N03_004":"南房総市","N03_005":null,"N03_007":"12234"}},
{"type":"Feature","geometry":null,"properties":{"N03_001":"千葉県","N03_002":null,"N03_003":null,"N03_004":"南房総市","N03_005":null,"N03_007":"12234"}},
{"type":"Feature","geometry":null,"properties":{"N03_001":"千葉県","N03_002":null,"N03_003":null,"N03_004":"南房総市","N03_005":null,"N03_007":"12234"}},
{"type":"Feature","geometry":null,"properties":{"N03_001":"千葉県","N03_002":null,"N03_003":null,"N03_004":"南房総市","N03_005":null,"N03_007":"12234"}},
{"type":"Feature","geometry":null,"properties":{"N03_001":"千葉県","N03_002":null,"N03_003":null,"N03_004":"南房総市","N03_005":null,"N03_007":"12234"}},
{"type":"Feature","geometry":null,"properties":{"N03_001":"千葉県","N03_002":null,"N03_003":null,"N03_004":"南房総市","N03_005":null,"N03_007":"12234"}},
{"type":"Feature","geometry":null,"properties":{"N03_001":"千葉県","N03_002":null,"N03_003":null,"N03_004":"南房総市","N03_005":null,"N03_007":"12234"}},
{"type":"Feature","geometry":null,"properties":{"N03_001":"千葉県","N03_002":null,"N03_003":null,"N03_004":"南房総市","N03_005":null,"N03_007":"12234"}},
{"type":"Feature","geometry":null,"properties":{"N03_001":"千葉県","N03_002":null,"N03_003":null,"N03_004":"南房総市","N03_005":null,"N03_007":"12234"}},
{"type":"Feature","geometry":null,"properties":{"N03_001":"千葉県","N03_002":null,"N03_003":null,"N03_004":"南房総市","N03_005":null,"N03_007":"12234"}},
{"type":"Feature","geometry":null,"properties":{"N03_001":"千葉県","N03_002":null,"N03_003":null,"N03_004":"南房総市","N03_005":null,"N03_007":"12234"}},
{"type":"Feature","geometry":null,"properties":{"N03_001":"千葉県","N03_002":null,"N03_003":null,"N03_004":"南房総市","N03_005":null,"N03_007":"12234"}},
{"type":"Feature","geometry":null,"properties":{"N03_001":"千葉県","N03_002":null,"N03_003":null,"N03_004":"南房総市","N03_005":null,"N03_007":"12234"}},
{"type":"Feature","geometry":null,"properties":{"N03_001":"千葉県","N03_002":null,"N03_003":null,"N03_004":"南房総市","N03_005":null,"N03_007":"12234"}},
{"type":"Feature","geometry":null,"properties":{"N03_001":"千葉県","N03_002":null,"N03_003":null,"N03_004":"南房総市","N03_005":null,"N03_007":"12234"}},
{"type":"Feature","geometry":null,"properties":{"N03_001":"千葉県","N03_002":null,"N03_003":null,"N03_004":"南房総市","N03_005":null,"N03_007":"12234"}},
{"type":"Feature","geometry":null,"properties":{"N03_001":"千葉県","N03_002":null,"N03_003":null,"N03_004":"南房総市","N03_005":null,"N03_007":"12234"}},
{"type":"Feature","geometry":null,"properties":{"N03_001":"千葉県","N03_002":null,"N03_003":null,"N03_004":"南房総市","N03_005":null,"N03_007":"12234"}},
{"type":"Feature","geometry":null,"properties":{"N03_001":"千葉県","N03_002":null,"N03_003":null,"N03_004":"南房総市","N03_005":null,"N03_007":"12234"}},
{"type":"Feature","geometry":null,"properties":{"N03_001":"千葉県","N03_002":null,"N03_003":null,"N03_004":"南房総市","N03_005":null,"N03_007":"12234"}},
{"type":"Feature","geometry":null,"properties":{"N03_001":"千葉県","N03_002":null,"N03_003":null,"N03_004":"南房総市","N03_005":null,"N03_007":"12234"}},
{"type":"Feature","geometry":null,"properties":{"N03_001":"千葉県","N03_002":null,"N03_003":null,"N03_004":"南房総市","N03_005":null,"N03_007":"12234"}},
{"type":"Feature","geometry":null,"properties":{"N03_001":"千葉県","N03_002":null,"N03_003":null,"N03_004":"南房総市","N03_005":null,"N03_007":"12234"}},
{"type":"Feature","geometry":null,"properties":{"N03_001":"千葉県","N03_002":null,"N03_003":null,"N03_004":"南房総市","N03_005":null,"N03_007":"12234"}},
{"type":"Feature","geometry":null,"properties":{"N03_001":"千葉県","N03_002":null,"N03_003":null,"N03_004":"南房総市","N03_005":null,"N03_007":"12234"}},
{"type":"Feature","geometry":null,"properties":{"N03_001":"千葉県","N03_002":null,"N03_003":null,"N03_004":"南房総市","N03_005":null,"N03_007":"12234"}},
{"type":"Feature","geometry":null,"properties":{"N03_001":"千葉県","N03_002":null,"N03_003":null,"N03_004":"南房総市","N03_005":null,"N03_007":"12234"}},
{"type":"Feature","geometry":null,"properties":{"N03_001":"千葉県","N03_002":null,"N03_003":null,"N03_004":"南房総市","N03_005":null,"N03_007":"12234"}},
{"type":"Feature","geometry":null,"properties":{"N03_001":"千葉県","N03_002":null,"N03_003":null,"N03_004":"南房総市","N03_005":null,"N03_007":"12234"}},
{"type":"Feature","geometry":null,"properties":{"N03_001":"千葉県","N03_002":null,"N03_003":null,"N03_004":"南房総市","N03_005":null,"N03_007":"12234"}},
{"type":"Feature","geometry":null,"properties":{"N03_001":"千葉県","N03_002":null,"N03_003":null,"N03_004":"南房総市","N03_005":null,"N03_007":"12234"}},
{"type":"Feature","geometry":null,"properties":{"N03_001":"千葉県","N03_002":null,"N03_003":null,"N03_004":"南房総市","N03_005":null,"N03_007":"12234"}},
{"type":"Feature","geometry":null,"properties":{"N03_001":"千葉県","N03_002":null,"N03_003":null,"N03_004":"南房総市","N03_005":null,"N03_007":"12234"}},
{"type":"Feature","geometry":null,"properties":{"N03_001":"千葉県","N03_002":null,"N03_003":null,"N03_004":"南房総市","N03_005":null,"N03_007":"12234"}},
{"type":"Feature","geometry":null,"properties":{"N03_001":"千葉県","N03_002":null,"N03_003":null,"N03_004":"南房総市","N03_005":null,"N03_007":"12234"}},
{"type":"Feature","geometry":null,"properties":{"N03_001":"千葉県","N03_002":null,"N03_003":null,"N03_004":"南房総市","N03_005":null,"N03_007":"12234"}},
{"type":"Feature","geometry":null,"properties":{"N03_001":"千葉県","N03_002":null,"N03_003":null,"N03_004":"南房総市","N03_005":null,"N03_007":"12234"}},
{"type":"Feature","geometry":null,"properties":{"N03_001":"千葉県","N03_002":null,"N03_003":null,"N03_004":"南房総市","N03_005":null,"N03_007":"12234"}},
{"type":"Feature","geometry":null,"properties":{"N03_001":"千葉県","N03_002":null,"N03_003":null,"N03_004":"南房総市","N03_005":null,"N03_007":"12234"}},
{"type":"Feature","geometry":null,"properties":{"N03_001":"千葉県","N03_002":null,"N03_003":null,"N03_004":"南房総市","N03_005":null,"N03_007":"12234"}},
{"type":"Feature","geometry":null,"properties":{"N03_001":"千葉県","N03_002":null,"N03_003":null,"N03_004":"南房総市","N03_005":null,"N03_007":"12234"}},
{"type":"Feature","geometry":null,"properties":{"N03_001":"千葉県","N03_002":null,"N03_003":null,"N03_004":"南房総市","N03_005":null,"N03_007":"12234"}},
{"type":"Feature","geometry":null,"properties":{"N03_001":"千葉県","N03_002":null,"N03_003":null,"N03_004":"南房総市","N03_005":null,"N03_007":"12234"}},
{"type":"Feature","geometry":null,"properties":{"N03_001":"千葉県","N03_002":null,"N03_003":null,"N03_004":"南房総市","N03_005":null,"N03_007":"12234"}},
{"type":"Feature","geometry":null,"properties":{"N03_001":"千葉県","N03_002":null,"N03_003":null,"N03_004":"南房総市","N03_005":null,"N03_007":"12234"}},
{"type":"Feature","geometry":null,"properties":{"N03_001":"千葉県","N03_002":null,"N03_003":null,"N03_004":"南房総市","N03_005":null,"N03_007":"12234"}},
{"type":"Feature","geometry":null,"properties":{"N03_001":"千葉県","N03_002":null,"N03_003":null,"N03_004":"南房総市","N03_005":null,"N03_007":"12234"}},
{"type":"Feature","geometry":null,"properties":{"N03_001":"千葉県","N03_002":null,"N03_003":null,"N03_004":"南房総市","N03_005":null,"N03_007":"12234"}},
{"type":"Feature","geometry":null,"properties":{"N03_001":"千葉県","N03_002":null,"N03_003":null,"N03_004":"南房総市","N03_005":null,"N03_007":"12234"}},
{"type":"Feature","geometry":null,"properties":{"N03_001":"千葉県","N03_002":null,"N03_003":null,"N03_004":"南房総市","N03_005":null,"N03_007":"12234"}},
{"type":"Feature","geometry":null,"properties":{"N03_001":"千葉県","N03_002":null,"N03_003":null,"N03_004":"南房総市","N03_005":null,"N03_007":"12234"}},
{"type":"Feature","geometry":null,"properties":{"N03_001":"千葉県","N03_002":null,"N03_003":null,"N03_004":"南房総市","N03_005":null,"N03_007":"12234"}},
{"type":"Feature","geometry":null,"properties":{"N03_001":"千葉県","N03_002":null,"N03_003":null,"N03_004":"南房総市","N03_005":null,"N03_007":"12234"}},
{"type":"Feature","geometry":null,"properties":{"N03_001":"千葉県","N03_002":null,"N03_003":null,"N03_004":"南房総市","N03_005":null,"N03_007":"12234"}},
{"type":"Feature","geometry":null,"properties":{"N03_001":"千葉県","N03_002":null,"N03_003":null,"N03_004":"南房総市","N03_005":null,"N03_007":"12234"}},
{"type":"Feature","geometry":null,"properties":{"N03_001":"千葉県","N03_002":null,"N03_003":null,"N03_004":"南房総市","N03_005":null,"N03_007":"12234"}},
{"type":"Feature","geometry":null,"properties":{"N03_001":"千葉県","N03_002":null,"N03_003":null,"N03_004":"南房総市","N03_005":null,"N03_007":"12234"}},
{"type":"Feature","geometry":null,"properties":{"N03_001":"千葉県","N03_002":null,"N03_003":null,"N03_004":"南房総市","N03_005":null,"N03_007":"12234"}},
{"type":"Feature","geometry":null,"properties":{"N03_001":"千葉県","N03_002":null,"N03_003":null,"N03_004":"南房総市","N03_005":null,"N03_007":"12234"}},
{"type":"Feature","geometry":null,"properties":{"N03_001":"千葉県","N03_002":null,"N03_003":null,"N03_004":"南房総市","N03_005":null,"N03_007":"12234"}},
{"type":"Feature","geometry":null,"properties":{"N03_001":"千葉県","N03_002":null,"N03_003":null,"N03_004":"南房総市","N03_005":null,"N03_007":"12234"}},
{"type":"Feature","geometry":null,"properties":{"N03_001":"千葉県","N03_002":null,"N03_003":null,"N03_004":"南房総市","N03_005":null,"N03_007":"12234"}},
{"type":"Feature","geometry":null,"properties":{"N03_001":"千葉県","N03_002":null,"N03_003":null,"N03_004":"南房総市","N03_005":null,"N03_007":"12234"}},
{"type":"Feature","geometry":null,"properties":{"N03_001":"千葉県","N03_002":null,"N03_003":null,"N03_004":"南房総市","N03_005":null,"N03_007":"12234"}},
{"type":"Feature","geometry":null,"properties":{"N03_001":"千葉県","N03_002":null,"N03_003":null,"N03_004":"南房総市","N03_005":null,"N03_007":"12234"}},
{"type":"Feature","geometry":null,"properties":{"N03_001":"千葉県","N03_002":null,"N03_003":null,"N03_004":"南房総市","N03_005":null,"N03_007":"12234"}},
{"type":"Feature","geometry":null,"properties":{"N03_001":"千葉県","N03_002":null,"N03_003":null,"N03_004":"南房総市","N03_005":null,"N03_007":"12234"}},
{"type":"Feature","geometry":null,"properties":{"N03_001":"千葉県","N03_002":null,"N03_003":null,"N03_004":"南房総市","N03_005":null,"N03_007":"12234"}},
{"type":"Feature","geometry":null,"properties":{"N03_001":"千葉県","N03_002":null,"N03_003":null,"N03_004":"南房総市","N03_005":null,"N03_007":"12234"}},
{"type":"Feature","geometry":null,"properties":{"N03_001":"千葉県","N03_002":null,"N03_003":null,"N03_004":"南房総市","N03_005":null,"N03_007":"12234"}},
{"type":"Feature","geometry":null,"properties":{"N03_001":"千葉県","N03_002":null,"N03_003":null,"N03_004":"南房総市","N03_005":null,"N03_007":"12234"}},
{"type":"Feature","geometry":null,"properties":{"N03_001":"千葉県","N03_002":null,"N03_003":null,"N03_004":"南房総市","N03_005":null,"N03_007":"12234"}},
{"type":"Feature","geometry":null,"properties":{"N03_001":"千葉県","N03_002":null,"N03_003":null,"N03_004":"南房総市","N03_005":null,"N03_007":"12234"}},
{"type":"Feature","geometry":null,"properties":{"N03_001":"千葉県","N03_002":null,"N03_003":null,"N03_004":"南房総市","N03_005":null,"N03_007":"12234"}},
{"type":"Feature","geometry":null,"properties":{"N03_001":"千葉県","N03_002":null,"N03_003":null,"N03_004":"南房総市","N03_005":null,"N03_007":"12234"}},
{"type":"Feature","geometry":null,"properties":{"N03_001":"千葉県","N03_002":null,"N03_003":null,"N03_004":"南房総市","N03_005":null,"N03_007":"12234"}},
{"type":"Feature","geometry":null,"properties":{"N03_001":"千葉県","N03_002":null,"N03_003":null,"N03_004":"南房総市","N03_005":null,"N03_007":"12234"}},
{"type":"Feature","geometry":null,"properties":{"N03_001":"千葉県","N03_002":null,"N03_003":null,"N03_004":"南房総市","N03_005":null,"N03_007":"12234"}},
{"type":"Feature","geometry":null,"properties":{"N03_001":"千葉県","N03_002":null,"N03_003":null,"N03_004":"南房総市","N03_005":null,"N03_007":"12234"}},
{"type":"Feature","geometry":null,"properties":{"N03_001":"千葉県","N03_002":null,"N03_003":null,"N03_004":"南房総市","N03_005":null,"N03_007":"12234"}},
{"type":"Feature","geometry":null,"properties":{"N03_001":"千葉県","N03_002":null,"N03_003":null,"N03_004":"南房総市","N03_005":null,"N03_007":"12234"}},
{"type":"Feature","geometry":null,"properties":{"N03_001":"千葉県","N03_002":null,"N03_003":null,"N03_004":"南房総市","N03_005":null,"N03_007":"12234"}},
{"type":"Feature","geometry":null,"properties":{"N03_001":"千葉県","N03_002":null,"N03_003":null,"N03_004":"南房総市","N03_005":null,"N03_007":"12234"}},
{"type":"Feature","geometry":null,"properties":{"N03_001":"千葉県","N03_002":null,"N03_003":null,"N03_004":"南房総市","N03_005":null,"N03_007":"12234"}},
{"type":"Feature","geometry":null,"properties":{"N03_001":"千葉県","N03_002":null,"N03_003":null,"N03_004":"南房総市","N03_005":null,"N03_007":"12234"}},
{"type":"Feature","geometry":null,"properties":{"N03_001":"千葉県","N03_002":null,"N03_003":null,"N03_004":"南房総市","N03_005":null,"N03_007":"12234"}},
{"type":"Feature","geometry":{"type":"Polygon","coordinates":[[[140.550464812,35.761007414],[140.549172866,35.760549946],[140.548107276,35.758439387],[140.547352244,35.757876054],[140.546032529,35.757949667],[140.545592802,35.757336892],[140.543990272,35.757626333],[140.541590558,35.757417468],[140.540408859,35.757209135],[140.539775525,35.756665532],[140.537496615,35.756593586],[140.535852996,35.757378306],[140.535260804,35.758546387],[140.533218003,35.758961108],[140.531540804,35.761124171],[140.530305499,35.760558613],[140.52944131,35.758226387],[140.529400441,35.755512505],[140.528577108,35.754368333],[140.527366252,35.754434171],[140.526797639,35.753976667],[140.523765694,35.754352802],[140.52383847,35.754977252],[140.523467367,35.755088919],[140.522239831,35.753510027],[140.518970947,35.755529468],[140.516099053,35.760727],[140.5096793,35.760793946],[140.504526498,35.759454225],[140.505475642,35.757544225],[140.505376161,35.754958387],[140.506926446,35.754202279],[140.507407004,35.753244775],[140.506673645,35.751132559],[140.507100311,35.751026721],[140.503165473,35.742737279],[140.502357951,35.739411441],[140.502459831,35.735892279],[140.503127613,35.735748667],[140.503155383,35.735257279],[140.502663995,35.735347838],[140.502867886,35.735015333],[140.500424812,35.733107838],[140.500063139,35.733402559],[140.499710636,35.733138108],[140.49883869,35.733886441],[140.495065058,35.731523414],[140.49089834,35.727297586],[140.488079144,35.726154802],[140.487473839,35.724976468],[140.486336057,35.724588973],[140.486469883,35.721250919],[140.4870293,35.718810919],[140.492370636,35.71351036],[140.493000636,35.713077306],[140.495088145,35.712936468],[140.494878418,35.711828694],[140.495668975,35.711193973],[140.499578392,35.710109775],[140.499982309,35.710297],[140.500397562,35.709058667],[140.502661699,35.706015333],[140.502093645,35.705632279],[140.502147497,35.704459505],[140.500607224,35.703533108],[140.499949948,35.699793387],[140.500627419,35.698875613],[140.499130467,35.698207559],[140.501228755,35.694495333],[140.500944864,35.694328667],[140.501775422,35.693633667],[140.500748444,35.692119505],[140.501841219,35.690783108],[140.503188171,35.690617559],[140.502991751,35.689281171],[140.503701751,35.688996171],[140.503363411,35.688354775],[140.50422786,35.687912559],[140.503867302,35.687351441],[140.504883411,35.686897],[140.50426061,35.685943946],[140.509127562,35.683971171],[140.50947703,35.684550333],[140.510099805,35.684318667],[140.510525914,35.685040054],[140.512132049,35.685031414],[140.512765914,35.683695027],[140.514542607,35.683683081],[140.515449805,35.681358081],[140.513984812,35.681040306],[140.516028392,35.678635027],[140.512475305,35.677436721],[140.512289754,35.677062838],[140.516204163,35.673707559],[140.518378638,35.67369864],[140.519547562,35.674580586],[140.520118949,35.676233081],[140.523964864,35.678861135],[140.524275422,35.679275586],[140.523882088,35.679935027],[140.525346005,35.680389468],[140.526187639,35.678295865],[140.527425694,35.677470586],[140.528245422,35.676170306],[140.532401803,35.673502505],[140.532707912,35.672976667],[140.530883165,35.672673919],[140.532020389,35.670654748],[140.53290511,35.670993333],[140.533557886,35.669798613],[140.534002607,35.669413333],[140.534657056,35.669697775],[140.534920947,35.669211667],[140.536345966,35.669808892],[140.537412088,35.669118892],[140.5383393,35.669683054],[140.539644864,35.667843613],[140.538385383,35.667154441],[140.53892345,35.666236667],[140.540816809,35.666760279],[140.54169153,35.665229721],[140.541008716,35.664587505],[140.5389462,35.662941667],[140.537112555,35.662209468],[140.537346161,35.661780027],[140.534829196,35.660811694],[140.535117523,35.660342532],[140.533249442,35.659640306],[140.529863839,35.65716864],[140.531073554,35.655980865],[140.531930778,35.656590306],[140.53252022,35.656023919],[140.531662438,35.655403081],[140.533332996,35.653834748],[140.533847419,35.650880586],[140.538320441,35.646585027],[140.538770169,35.646745306],[140.544452918,35.639566414],[140.546037082,35.638626414],[140.546317367,35.638973919],[140.546900415,35.638540027],[140.547760973,35.639103919],[140.550059027,35.636561694],[140.552175966,35.635314198],[140.553629001,35.633400027],[140.559441894,35.627904982],[140.565197834,35.632239108],[140.566038054,35.632531802],[140.566767367,35.63203036],[140.566308521,35.632636171],[140.574567471,35.638851892],[140.574995642,35.638969225],[140.576449805,35.637857559],[140.575564812,35.638752108],[140.575930117,35.63918736],[140.581836615,35.643852414],[140.582188521,35.643545027],[140.581892049,35.643872748],[140.582315966,35.643628081],[140.583612438,35.644499081],[140.584731582,35.643460054],[140.584233995,35.644345225],[140.590801505,35.65010464],[140.593545188,35.651759505],[140.594449053,35.651068225],[140.593891829,35.651908667],[140.595409585,35.653270748],[140.601119494,35.65741364],[140.60244978,35.657859613],[140.603505694,35.658975135],[140.604192698,35.658231802],[140.603757756,35.659102586],[140.611509494,35.664445748],[140.612122698,35.665262468],[140.6123638,35.665031892],[140.614707717,35.666538054],[140.615848003,35.664939054],[140.616458171,35.665497171],[140.616017198,35.665446225],[140.614749196,35.666600865],[140.622373528,35.671266892],[140.623387471,35.669958252],[140.623121751,35.669648108],[140.624253333,35.670088748],[140.624332361,35.670464532],[140.623564617,35.670030973],[140.622440117,35.671297892],[140.62498192,35.672658514],[140.621629001,35.678291414],[140.620565383,35.677815306],[140.62084428,35.677446135],[140.617286472,35.675916441],[140.61673786,35.676655054],[140.616232581,35.676427838],[140.616044527,35.676755613],[140.612073113,35.675357279],[140.609388755,35.681760054],[140.61073022,35.687420613],[140.610791336,35.688386441],[140.610294942,35.688301171],[140.609926615,35.689086171],[140.610632166,35.689370333],[140.606702438,35.690462559],[140.602965253,35.692272865],[140.602647782,35.693858414],[140.603086394,35.694404532],[140.602305577,35.69791564],[140.604123943,35.699093667],[140.604355331,35.699689225],[140.605451725,35.699679505],[140.606596472,35.701099505],[140.606669533,35.702576441],[140.604364617,35.708703667],[140.600778197,35.70778036],[140.599498781,35.711354802],[140.597720726,35.710997306],[140.598122633,35.709815919],[140.596246809,35.709498135],[140.59687572,35.707936333],[140.594958444,35.70748564],[140.594119559,35.708555919],[140.59269428,35.708198414],[140.59148847,35.711346225],[140.581845616,35.708644586],[140.580676161,35.710630414],[140.58003061,35.710402081],[140.578580078,35.712800694],[140.582663165,35.714383441],[140.58239511,35.714969306],[140.585041803,35.716620946],[140.590493256,35.718062333],[140.599087445,35.716841468],[140.599355525,35.718579225],[140.598256939,35.721933108],[140.598855279,35.722198387],[140.598374747,35.723774505],[140.598750947,35.730835333],[140.599519027,35.733673667],[140.604663217,35.73415336],[140.60430856,35.737509748],[140.5994038,35.738862],[140.593370467,35.741363973],[140.592746304,35.740875081],[140.5926207,35.737647586],[140.591019001,35.736575919],[140.59033428,35.73677564],[140.590424306,35.738335919],[140.587654306,35.73962536],[140.586583722,35.737813441],[140.585637613,35.738084279],[140.584339559,35.739591225],[140.583526226,35.738834559],[140.584074565,35.738514694],[140.583543489,35.736289685],[140.580091518,35.736636423],[140.575205551,35.733808144],[140.573884254,35.733616928],[140.571898988,35.735522045],[140.571778444,35.736405072],[140.571098794,35.736341198],[140.566338106,35.740943036],[140.570827354,35.74409136],[140.569290324,35.745564694],[140.571894838,35.746959586],[140.570169001,35.749227081],[140.569512049,35.748878748],[140.568926783,35.749397919],[140.569337367,35.751994306],[140.568129857,35.75267736],[140.568909611,35.753150694],[140.565641245,35.755155721],[140.564577367,35.755706559],[140.558102309,35.754029919],[140.558053139,35.753465468],[140.556237834,35.754273252],[140.554036744,35.756763252],[140.551994527,35.757617973],[140.550464812,35.761007414]]]},"properties":{"N03_001":"千葉県","N03_002":null,"N03_003":null,"N03_004":"匝瑳市","N03_005":null,"N03_007":"12235"}},
{"type":"Feature","geometry":{"type":"Polygon","coordinates":[[[140.518994747,35.67303364],[140.518601414,35.67344364],[140.516853333,35.672508108],[140.517410558,35.672134225],[140.518994747,35.67303364]]]},"properties":{"N03_001":"千葉県","N03_002":null,"N03_003":null,"N03_004":"匝瑳市","N03_005":null,"N03_007":"12235"}},
{"type":"Feature","geometry":{"type":"Polygon","coordinates":[[[140.647833476,35.855712505],[140.641067886,35.856406414],[140.630686161,35.859124198],[140.628288755,35.865550306],[140.620834112,35.875299198],[140.61943022,35.876381667],[140.616485551,35.881384171],[140.612315383,35.890693054],[140.609939559,35.893706946],[140.607992918,35.895811946],[140.602746809,35.899163586],[140.598518781,35.903382468],[140.5882007,35.906215252],[140.587473748,35.907339973],[140.589543217,35.908181919],[140.587909611,35.910463865],[140.585173476,35.909178865],[140.584125136,35.910674414],[140.584683217,35.911150802],[140.583059883,35.912986081],[140.581243528,35.916450532],[140.579691608,35.918045532],[140.576397173,35.919890532],[140.572587419,35.92123636],[140.572599637,35.921602198],[140.573664669,35.921939973],[140.572477173,35.922837748],[140.563160506,35.928132225],[140.557261855,35.930786667],[140.547573774,35.93401364],[140.534934578,35.940038387],[140.531513748,35.942586198],[140.527572114,35.947257865],[140.52438655,35.949921468],[140.518263217,35.953671505],[140.511244643,35.958735414],[140.509116809,35.956995414],[140.504666744,35.952096838],[140.499695525,35.944397721],[140.497478716,35.934438306],[140.495529805,35.931222775],[140.494956719,35.930601108],[140.493790337,35.930294721],[140.489815331,35.931992802],[140.487998638,35.930516973],[140.487176394,35.928592],[140.487094137,35.925275054],[140.490060467,35.918628387],[140.490778197,35.914956721],[140.492079857,35.913881721],[140.494854034,35.91265364],[140.496267912,35.910815027],[140.502802607,35.905520279],[140.497593411,35.906262802],[140.483773943,35.909971225],[140.474232023,35.916126559],[140.470873995,35.919888225],[140.46655594,35.922618532],[140.458438171,35.926540225],[140.457501505,35.92618636],[140.456447302,35.925003586],[140.448465772,35.915018667],[140.434802633,35.911753748],[140.436072049,35.909304027],[140.437367056,35.90793264],[140.435875357,35.906381252],[140.433920052,35.905234333],[140.434100337,35.904894333],[140.431520856,35.903662973],[140.430553359,35.903682973],[140.430126135,35.902236306],[140.429438638,35.90198964],[140.426504086,35.893591054],[140.425969857,35.889695532],[140.425095694,35.887865252],[140.426952335,35.885914387],[140.428260921,35.883603279],[140.427379805,35.883503279],[140.426919248,35.882690252],[140.427246446,35.880125505],[140.427955032,35.878626613],[140.427478638,35.877201613],[140.425823891,35.875428306],[140.425036109,35.875408306],[140.42485192,35.873121919],[140.426847198,35.872442198],[140.428953307,35.872288838],[140.431175837,35.873669108],[140.435016394,35.872307973],[140.434797198,35.871230748],[140.438806109,35.870630721],[140.439226394,35.871344054],[140.440047224,35.871217387],[140.439727471,35.867899333],[140.440473865,35.867856],[140.441131608,35.867445171],[140.442211362,35.868212108],[140.444396057,35.866400973],[140.444879948,35.864842081],[140.446441051,35.864019306],[140.447314968,35.866920414],[140.448225006,35.868212919],[140.450208612,35.869614279],[140.452393359,35.870367892],[140.453042503,35.868490108],[140.456031362,35.865199532],[140.456559974,35.865487027],[140.457617756,35.864539252],[140.458884968,35.864259532],[140.460380532,35.862770892],[140.4605438,35.859705081],[140.462373528,35.858005613],[140.463011556,35.855102559],[140.464069027,35.853440333],[140.465916524,35.852230333],[140.465232607,35.850622559],[140.470758171,35.850233081],[140.472491803,35.850901135],[140.472046693,35.843512838],[140.471390584,35.843502279],[140.470902802,35.844192],[140.471336719,35.845291171],[140.47019725,35.844169775],[140.469292802,35.844360054],[140.467752283,35.845287838],[140.467968949,35.846355613],[140.466765058,35.845102559],[140.465802283,35.845609775],[140.463918366,35.845284532],[140.463172503,35.84231064],[140.46245834,35.842141468],[140.463903022,35.840217865],[140.464150921,35.83795236],[140.468818275,35.837685108],[140.469499364,35.834686441],[140.455993113,35.826303198],[140.454967756,35.818135973],[140.465850584,35.822416198],[140.467933606,35.820528135],[140.465454968,35.817835667],[140.462412166,35.816189279],[140.460949637,35.814803721],[140.452039027,35.811186532],[140.450492361,35.809373225],[140.451915383,35.807117946],[140.459143671,35.801855414],[140.460548664,35.802558198],[140.462258638,35.801030135],[140.463980311,35.800882613],[140.466823891,35.798587613],[140.468277497,35.798047333],[140.467438833,35.794337333],[140.467788833,35.793364279],[140.465859079,35.791821532],[140.466027977,35.791565973],[140.467167419,35.792185108],[140.469200195,35.792293171],[140.471066589,35.791394279],[140.475686031,35.790293441],[140.480607691,35.790263973],[140.483897173,35.793802306],[140.484937782,35.796214802],[140.484967782,35.797531748],[140.487458612,35.797733387],[140.49509703,35.801954468],[140.496382581,35.802096973],[140.497922555,35.79913836],[140.502565006,35.796073081],[140.503126615,35.790487559],[140.502126031,35.790454775],[140.501587977,35.789648387],[140.500637977,35.789524505],[140.500493528,35.789029225],[140.501094086,35.788893108],[140.500995162,35.788354225],[140.502409053,35.788088387],[140.50265214,35.788998387],[140.503306031,35.788849775],[140.503541855,35.789493667],[140.505394358,35.789270613],[140.504214578,35.786070892],[140.505735136,35.785742838],[140.505810973,35.785185333],[140.504693191,35.784722838],[140.504761777,35.783738387],[140.506989274,35.783403946],[140.508517082,35.784326721],[140.510925422,35.784802838],[140.511844838,35.783180892],[140.511525357,35.781113946],[140.51232703,35.780648667],[140.516189274,35.782565027],[140.519264838,35.782519198],[140.521902866,35.779326135],[140.52386428,35.77948836],[140.524768444,35.781076973],[140.524518716,35.77932336],[140.525572892,35.779304748],[140.526872607,35.778449748],[140.527865383,35.779146946],[140.528575966,35.778975838],[140.52816594,35.777925],[140.52855345,35.77684],[140.53087428,35.777138613],[140.533287328,35.775180559],[140.537262633,35.774520252],[140.538222918,35.773895802],[140.540778495,35.774356919],[140.542853256,35.775356054],[140.543297134,35.774599946],[140.542594617,35.774014946],[140.543300973,35.770219108],[140.547772944,35.770304946],[140.547837393,35.769903559],[140.546457108,35.769292171],[140.546217912,35.768729946],[140.546409831,35.765449387],[140.547886744,35.762931333],[140.550464812,35.761007414],[140.551994527,35.757617973],[140.554036744,35.756763252],[140.556237834,35.754273252],[140.558053139,35.753465468],[140.558102309,35.754029919],[140.564577367,35.755706559],[140.565641245,35.755155721],[140.56692655,35.756628748],[140.566867419,35.757919865],[140.568631051,35.760586252],[140.571660558,35.763007081],[140.571641141,35.764189279],[140.571076693,35.764560694],[140.571862555,35.766155667],[140.573824527,35.766842333],[140.574427302,35.767455946],[140.574940921,35.766385667],[140.576374812,35.765292054],[140.576428975,35.767187892],[140.577378444,35.766974559],[140.578461777,35.768264252],[140.58231655,35.769798414],[140.584514942,35.771824225],[140.589851673,35.773409775],[140.590323606,35.774007559],[140.589904189,35.775131171],[140.592850363,35.77841364],[140.593655914,35.778664468],[140.593383722,35.77931864],[140.595453191,35.779937802],[140.5956393,35.781012505],[140.596470999,35.781695559],[140.597526524,35.780070838],[140.599659533,35.774207225],[140.601382049,35.774303333],[140.602357886,35.773583054],[140.602938716,35.773866946],[140.602273995,35.774593613],[140.604673774,35.777329171],[140.606720752,35.77827664],[140.607532698,35.778212468],[140.607941051,35.779672468],[140.608890804,35.780654135],[140.609705253,35.780875802],[140.609259974,35.78168664],[140.610988885,35.782124414],[140.611205006,35.781713586],[140.613619196,35.781862171],[140.614706109,35.781099387],[140.615335032,35.781147441],[140.615326978,35.781478279],[140.616911971,35.781041054],[140.617841699,35.781238559],[140.617880895,35.782358838],[140.618893696,35.783494108],[140.621688444,35.784775198],[140.622809585,35.785742135],[140.623913476,35.785692414],[140.624465551,35.78639736],[140.626261673,35.787175892],[140.626557613,35.788342468],[140.626963891,35.788316946],[140.626653022,35.791247387],[140.624566083,35.793665171],[140.623835837,35.796019333],[140.622782776,35.797229333],[140.624614773,35.799266559],[140.62410061,35.800447108],[140.633911284,35.802839306],[140.634324669,35.808194838],[140.634966641,35.808177333],[140.640194475,35.811025667],[140.640540584,35.810244279],[140.641922802,35.809809838],[140.643091167,35.810802586],[140.644493722,35.814175081],[140.643403165,35.815953694],[140.643749857,35.817556468],[140.643445447,35.819393694],[140.642419637,35.821219252],[140.641863554,35.824297027],[140.642348301,35.826838946],[140.643293061,35.827508946],[140.64482917,35.826962559],[140.645363061,35.826140054],[140.647532503,35.826186441],[140.647431362,35.824682279],[140.648852244,35.826533108],[140.649960026,35.826653108],[140.650645032,35.827352279],[140.649844501,35.828186441],[140.650307562,35.828872],[140.650198418,35.830704775],[140.651512633,35.834187802],[140.651123191,35.834945865],[140.648767082,35.83511836],[140.648175694,35.835782532],[140.648428781,35.836804748],[140.649282114,35.837430306],[140.647962944,35.837194198],[140.648576861,35.839814198],[140.648106329,35.84214864],[140.646839416,35.844265865],[140.644609144,35.846276414],[140.647833476,35.855712505]]]},"properties":{"N03_001":"千葉県","N03_002":null,"N03_003":null,"N03_004":"香取市","N03_005":null,"N03_007":"12236"}},
{"type":"Feature","geometry":{"type":"Polygon","coordinates":[[[140.399807639,35.680448279],[140.398459001,35.678757441],[140.392343165,35.677315775],[140.392113969,35.676526613],[140.390675914,35.676090505],[140.386528444,35.678517171],[140.383424578,35.68096436],[140.381830415,35.679373802],[140.380425422,35.680746586],[140.380051803,35.681732414],[140.377520999,35.682850198],[140.371349274,35.67863964],[140.370966498,35.679065468],[140.373312361,35.680903532],[140.371715447,35.682896559],[140.368747419,35.685232387],[140.368922412,35.686029054],[140.368056861,35.685844613],[140.367697134,35.686262387],[140.367366304,35.687272667],[140.367755499,35.688419054],[140.366870467,35.687087946],[140.367599922,35.685533505],[140.365899883,35.683590441],[140.360852698,35.686320721],[140.360609637,35.686884054],[140.360123528,35.686135973],[140.35664655,35.684899027],[140.354394332,35.683615135],[140.353917951,35.684178748],[140.351642672,35.682740973],[140.351953217,35.682307081],[140.348186498,35.678580414],[140.346902607,35.676657919],[140.347738171,35.676159306],[140.34719703,35.675747919],[140.34908703,35.67337236],[140.349280337,35.671537387],[140.348724228,35.671537387],[140.347961997,35.672832081],[140.347649222,35.671979054],[140.340288612,35.668249892],[140.340444163,35.666975721],[140.339847224,35.666379333],[140.340444163,35.666093225],[140.340583022,35.665015171],[140.339822477,35.665219333],[140.339740804,35.664721],[140.33883358,35.664476027],[140.34107358,35.663888252],[140.344368301,35.665137946],[140.346060804,35.665293505],[140.348889689,35.66490964],[140.349159416,35.663856027],[140.353685253,35.662992135],[140.354416835,35.656708559],[140.353280441,35.656267441],[140.352430169,35.657165775],[140.351669611,35.656904387],[140.351317977,35.657378],[140.35184131,35.657647721],[140.351653256,35.657974387],[140.350778249,35.657901054],[140.350238807,35.658448279],[140.350639364,35.658922171],[140.347467173,35.66011464],[140.345954643,35.660097973],[140.345545746,35.659518252],[140.344662698,35.660138802],[140.340648521,35.66060436],[140.338996861,35.66024436],[140.338489922,35.660562973],[140.338661582,35.659974919],[140.336339922,35.660023802],[140.335293528,35.659100775],[140.334737419,35.659149667],[140.33427297,35.660029946],[140.33333131,35.659909387],[140.333094086,35.659492721],[140.333609339,35.658561613],[140.333216835,35.657450505],[140.332521829,35.657458559],[140.332644332,35.658863559],[140.3303307,35.655596081],[140.327510143,35.657327198],[140.326823191,35.657221081],[140.326332944,35.657914973],[140.32621847,35.656967748],[140.327444578,35.656723027],[140.326741777,35.653512505],[140.327362892,35.654247748],[140.32789428,35.653823027],[140.325817588,35.652115559],[140.328311479,35.650571667],[140.327453113,35.648921667],[140.326046719,35.648774468],[140.325221167,35.649370586],[140.325539805,35.650694171],[140.324902309,35.650988054],[140.324100895,35.648806973],[140.323160895,35.649394748],[140.32078144,35.649223081],[140.320225616,35.649557802],[140.320585305,35.64877364],[140.320053917,35.648455027],[140.319939196,35.646943946],[140.320806135,35.647042],[140.323782244,35.645441414],[140.323872218,35.644665613],[140.324337782,35.644730892],[140.324843061,35.644161171],[140.32419083,35.643995613],[140.324125279,35.643407279],[140.325736109,35.644003919],[140.32540083,35.642852],[140.323291634,35.642696721],[140.323275227,35.640180919],[140.321206329,35.63969064],[140.325327134,35.635263694],[140.329309053,35.633197027],[140.329194617,35.631514559],[140.331984578,35.629773171],[140.331991245,35.629031775],[140.333415668,35.627219838],[140.334014553,35.627080108],[140.335272581,35.624503721],[140.332617302,35.623895108],[140.333422581,35.623476225],[140.334240921,35.623575946],[140.334417562,35.622592054],[140.335156744,35.623032892],[140.335272555,35.622520387],[140.333416161,35.622595135],[140.333309494,35.621558198],[140.332777276,35.621677919],[140.33277061,35.621219027],[140.33408144,35.62123236],[140.334021725,35.620819865],[140.335379222,35.620051802],[140.338008106,35.620058468],[140.337881414,35.619420135],[140.336890026,35.61981264],[140.335718638,35.619486802],[140.337455863,35.617295694],[140.339272802,35.617568198],[140.339758638,35.617289027],[140.340397523,35.617734586],[140.341262529,35.61711264],[140.340983061,35.616540973],[140.340034747,35.616897559],[140.340676939,35.615829306],[140.339738885,35.615330973],[140.338707224,35.615251252],[140.33886,35.616221802],[140.337582503,35.615763198],[140.337615837,35.614938468],[140.336823891,35.614586252],[140.336764423,35.613857946],[140.335526355,35.614436559],[140.335766083,35.613552387],[140.334867471,35.613931559],[140.333723022,35.613219892],[140.330828586,35.612644613],[140.331201336,35.611733775],[140.331979689,35.612558225],[140.333749974,35.612717946],[140.33404939,35.611720441],[140.333297445,35.611042108],[140.332625499,35.611082387],[140.331521025,35.609336865],[140.331121582,35.609330198],[140.330781894,35.610640198],[140.329517691,35.609762414],[140.330010441,35.606966306],[140.330569611,35.606497694],[140.333823502,35.60577936],[140.337430169,35.606038802],[140.338142672,35.604167135],[140.338495447,35.604432973],[140.337989339,35.606201586],[140.338641556,35.606347973],[140.339886005,35.604964919],[140.34092406,35.605111027],[140.340697951,35.603827973],[140.341389883,35.604352973],[140.341369611,35.605410441],[140.341922114,35.605383775],[140.34183572,35.605979054],[140.343445746,35.608306],[140.344331025,35.608073225],[140.345429079,35.607049333],[140.345469079,35.606437387],[140.346480441,35.606211279],[140.347339053,35.605446838],[140.348789637,35.606809892],[140.349787691,35.606769892],[140.349987691,35.608362919],[140.350985746,35.607850171],[140.351331855,35.608415414],[140.351384669,35.608914027],[140.350100506,35.61012736],[140.35014022,35.610486532],[140.350872438,35.610546252],[140.353773839,35.609774865],[140.354472698,35.606909306],[140.3556638,35.607082081],[140.361133476,35.601571],[140.362031803,35.601956838],[140.365990973,35.602263198],[140.367261803,35.603173748],[140.368033748,35.603160694],[140.368053748,35.603599306],[140.369577665,35.604497081],[140.370734916,35.60685736],[140.371413774,35.605434586],[140.372078495,35.60524264],[140.371862387,35.60472264],[140.372771284,35.605048198],[140.374005966,35.603352919],[140.374958755,35.60297236],[140.377672361,35.60310764],[140.378189857,35.603597919],[140.380269027,35.603784586],[140.381460415,35.604444027],[140.382889585,35.60442736],[140.383680117,35.602808468],[140.384135863,35.602521387],[140.384746783,35.602834027],[140.384052892,35.602216802],[140.385223165,35.601379586],[140.385772049,35.601853198],[140.38703511,35.600876802],[140.38684869,35.600361252],[140.385346744,35.599904586],[140.384725331,35.597550135],[140.385067276,35.597448748],[140.385522827,35.598243198],[140.38664144,35.597093468],[140.385740337,35.597287919],[140.384632283,35.596527081],[140.38511808,35.595760694],[140.384289754,35.594678775],[140.385056667,35.592256559],[140.386592477,35.590577387],[140.391844643,35.586592387],[140.393750726,35.585408775],[140.394476005,35.585855171],[140.39585406,35.585126279],[140.397096861,35.587020721],[140.400017445,35.589234892],[140.404076005,35.587085441],[140.408923281,35.591568468],[140.409878003,35.590778198],[140.411173554,35.590945135],[140.409565746,35.588978748],[140.409865746,35.588310973],[140.413297108,35.588165414],[140.414450999,35.58730264],[140.416566031,35.590074306],[140.417461608,35.590729027],[140.417938249,35.590182081],[140.418257977,35.590400973],[140.419734669,35.592461252],[140.419362477,35.593281532],[140.419846355,35.593585135],[140.419265551,35.594924027],[140.422663891,35.595936252],[140.422492503,35.596385694],[140.423534449,35.596671532],[140.424515006,35.595934586],[140.425343061,35.595862081],[140.42676856,35.592386532],[140.426997108,35.587792081],[140.428577004,35.581974306],[140.429410856,35.579823198],[140.430702244,35.57899236],[140.431322776,35.577781252],[140.43152939,35.574520135],[140.432387419,35.571419586],[140.435011777,35.56769764],[140.436469027,35.569234027],[140.436206524,35.56951264],[140.436614332,35.569975694],[140.437316524,35.569145414],[140.439018197,35.568704027],[140.440085694,35.56991736],[140.439344578,35.568522081],[140.441823165,35.566559586],[140.44261703,35.56733364],[140.447257613,35.563891946],[140.448451997,35.564711252],[140.449438392,35.564073748],[140.449202555,35.563388198],[140.450522802,35.562170694],[140.451315863,35.562781252],[140.452240311,35.561986252],[140.45256725,35.561429586],[140.451655837,35.560631532],[140.45292192,35.55958236],[140.452777198,35.559277081],[140.453473865,35.559121802],[140.454374163,35.560214306],[140.456286641,35.558922081],[140.457090532,35.558252919],[140.456131362,35.557476252],[140.458185772,35.555751252],[140.45913939,35.556469027],[140.461045188,35.554834838],[140.46008594,35.554147865],[140.462902387,35.551943171],[140.462650441,35.551659306],[140.470090039,35.547212802],[140.478502412,35.558231414],[140.494970506,35.575392865],[140.494946641,35.575961838],[140.497862918,35.578097802],[140.507600272,35.587229306],[140.525624903,35.602120279],[140.517806355,35.609899613],[140.518732192,35.610925721],[140.517394695,35.611333505],[140.515524968,35.611232946],[140.512649144,35.612735171],[140.511323891,35.614135721],[140.511066641,35.613799613],[140.510719144,35.614027946],[140.50946,35.616536838],[140.506817224,35.617058802],[140.496590467,35.610284667],[140.493010778,35.613109135],[140.493533839,35.614397721],[140.491392477,35.615910532],[140.490673307,35.61520136],[140.490224968,35.615513586],[140.491009416,35.616261081],[140.490241089,35.617019135],[140.49098834,35.617529973],[140.490595837,35.618078586],[140.492230558,35.619039667],[140.491233917,35.620211054],[140.492102529,35.620683838],[140.491682244,35.621247721],[140.49218642,35.621545505],[140.49174642,35.621755225],[140.496178975,35.625312694],[140.498081167,35.62487936],[140.499426446,35.623758252],[140.501326719,35.624041865],[140.501940363,35.624661586],[140.500143969,35.626725198],[140.500755084,35.627622973],[140.500233722,35.628334081],[140.500901777,35.628651027],[140.498702633,35.631397414],[140.500051803,35.632804054],[140.499108392,35.633911775],[140.499355525,35.634115505],[140.495372672,35.636779081],[140.48779594,35.630818838],[140.486702049,35.631116613],[140.484114578,35.632405775],[140.482671829,35.63361164],[140.481479339,35.633625252],[140.481867393,35.634263027],[140.480497951,35.635518586],[140.476948249,35.637182748],[140.475628807,35.637069135],[140.472086615,35.639393333],[140.472381608,35.639733306],[140.466126978,35.643774171],[140.474743087,35.651165225],[140.478549468,35.653328252],[140.478323645,35.653668252],[140.478966135,35.654192973],[140.476013943,35.657296306],[140.475739222,35.658116865],[140.475076161,35.657610468],[140.472948975,35.657645468],[140.470918418,35.656351054],[140.466623722,35.659800225],[140.459983217,35.662588306],[140.458079339,35.664053865],[140.456789922,35.664490252],[140.454540752,35.664554694],[140.452784669,35.665923586],[140.452064384,35.665142468],[140.450486057,35.666100802],[140.449953281,35.665714135],[140.449904112,35.664900802],[140.448907717,35.664127748],[140.449374942,35.662955559],[140.447688275,35.662705838],[140.446267717,35.661828054],[140.444812166,35.66214],[140.441520752,35.658954721],[140.439544669,35.661974721],[140.43895275,35.664555],[140.437704423,35.665880838],[140.435365006,35.667265],[140.436116394,35.669918865],[140.435689196,35.672164414],[140.436281699,35.67252664],[140.433556719,35.674806081],[140.431887588,35.677494973],[140.430810636,35.677330252],[140.429881751,35.677769414],[140.428165383,35.680067171],[140.427478975,35.67927664],[140.423691219,35.680063865],[140.423273995,35.679262468],[140.421779805,35.678307468],[140.419356744,35.677802468],[140.418777886,35.678592748],[140.418428171,35.678428306],[140.41767428,35.679053865],[140.417310661,35.678790532],[140.416540389,35.679475802],[140.415408716,35.678723306],[140.41415703,35.676506081],[140.412550636,35.675042748],[140.409885357,35.674713586],[140.409023411,35.675118027],[140.408795032,35.674757802],[140.407851336,35.67557036],[140.407346498,35.677518838],[140.40212345,35.679099108],[140.399807639,35.680448279]],[[140.33514061,35.62092764],[140.33455061,35.621170135],[140.334936719,35.622145108],[140.336100052,35.622315946],[140.33595144,35.621417919],[140.33514061,35.62092764]],[[140.338473645,35.61838236],[140.338175863,35.618084586],[140.337552802,35.618249865],[140.336929468,35.618966532],[140.338473645,35.61838236]]]},"properties":{"N03_001":"千葉県","N03_002":null,"N03_003":null,"N03_004":"山武市","N03_005":null,"N03_007":"12237"}},
{"type":"Feature","geometry":{"type":"Polygon","coordinates":[[[140.326445811,35.615127108],[140.325602477,35.614691027],[140.326653022,35.613752135],[140.326120246,35.613382694],[140.324684968,35.614498802],[140.322509948,35.613116586],[140.322374942,35.612582694],[140.325136887,35.61115436],[140.327200804,35.613046306],[140.328340246,35.612920748],[140.328354695,35.614395441],[140.327089689,35.614018252],[140.32662358,35.614410171],[140.327156109,35.615407946],[140.326445811,35.615127108]],[[140.325504695,35.613048252],[140.325171894,35.612715748],[140.323973022,35.613491865],[140.32431358,35.61380964],[140.325504695,35.613048252]],[[140.324727717,35.612338802],[140.324343281,35.612050748],[140.322944669,35.613004081],[140.323403307,35.61315936],[140.324727717,35.612338802]]]},"properties":{"N03_001":"千葉県","N03_002":null,"N03_003":null,"N03_004":"山武市","N03_005":null,"N03_007":"12237"}},
{"type":"Feature","geometry":{"type":"Polygon","coordinates":[[[140.328478833,35.611647414],[140.327538275,35.611306586],[140.327154942,35.610348532],[140.32616022,35.610372414],[140.326118249,35.609935198],[140.3271738,35.609597414],[140.327527419,35.609106306],[140.327185746,35.60860936],[140.328696005,35.606974919],[140.329468807,35.607118802],[140.328072698,35.608789081],[140.329127445,35.610181865],[140.330343554,35.610840468],[140.329474669,35.611421306],[140.328713839,35.611002135],[140.328414384,35.611391306],[140.329085227,35.611798252],[140.328478833,35.611647414]]]},"properties":{"N03_001":"千葉県","N03_002":null,"N03_003":null,"N03_004":"山武市","N03_005":null,"N03_007":"12237"}},
{"type":"Feature","geometry":{"type":"Polygon","coordinates":[[[140.325403774,35.607219387],[140.325810195,35.608229108],[140.326648249,35.608727414],[140.324698807,35.60927936],[140.324097134,35.608956054],[140.324013502,35.607459387],[140.325403774,35.607219387]]]},"properties":{"N03_001":"千葉県","N03_002":null,"N03_003":null,"N03_004":"山武市","N03_005":null,"N03_007":"12237"}},
{"type":"Feature","geometry":{"type":"Polygon","coordinates":[[[140.321877691,35.616665748],[140.321794721,35.616168252],[140.322513606,35.616616865],[140.322196394,35.616975748],[140.322571388,35.61713936],[140.32273,35.616706586],[140.324638054,35.617471838],[140.324865006,35.618134613],[140.32427834,35.618182108],[140.324130311,35.618863225],[140.323401115,35.618353775],[140.323581115,35.617650441],[140.322006109,35.617434919],[140.321877691,35.616665748]]]},"properties":{"N03_001":"千葉県","N03_002":null,"N03_003":null,"N03_004":"山武市","N03_005":null,"N03_007":"12237"}},
{"type":"Feature","geometry":{"type":"Polygon","coordinates":[[[140.39765118,35.330505505],[140.396517639,35.329933559],[140.394483191,35.330804973],[140.392535422,35.330870532],[140.391909585,35.331675252],[140.392032633,35.33254136],[140.390955422,35.33275636],[140.387537108,35.334785532],[140.386160999,35.333390532],[140.386140415,35.331584694],[140.385116524,35.331683054],[140.384869857,35.331022775],[140.383629585,35.330415],[140.376592361,35.330504468],[140.373752633,35.328848081],[140.372956252,35.328854468],[140.371851803,35.329731973],[140.372606278,35.331957802],[140.371467665,35.333736973],[140.372522944,35.334650027],[140.372048781,35.335822802],[140.37301131,35.336474171],[140.373485188,35.339195],[140.374348521,35.340269721],[140.374447717,35.342734135],[140.373534384,35.343306919],[140.371410778,35.343125838],[140.371249105,35.341985838],[140.369215499,35.341946667],[140.368684112,35.342970838],[140.366154112,35.342421414],[140.365801051,35.343335],[140.364323839,35.343521414],[140.363819663,35.344241135],[140.359704384,35.343392252],[140.358251608,35.343559748],[140.357597717,35.343729198],[140.356725253,35.344830027],[140.355242192,35.344530892],[140.353299974,35.345729505],[140.352071089,35.345959775],[140.350547471,35.345017279],[140.349055253,35.346028667],[140.348107756,35.345817279],[140.347568301,35.344916198],[140.346807471,35.345535919],[140.345789416,35.345154802],[140.344786355,35.346039802],[140.342696913,35.345559252],[140.342322477,35.344971468],[140.341925811,35.345383973],[140.341268029,35.345434252],[140.339907756,35.343577054],[140.338399144,35.343346505],[140.337456641,35.342215414],[140.336013307,35.342960973],[140.335454695,35.342856802],[140.333954695,35.344300973],[140.333206355,35.344147919],[140.332831634,35.342989306],[140.332223865,35.342559027],[140.330780246,35.34379764],[140.329004695,35.343254333],[140.328031634,35.344471838],[140.327289974,35.343637946],[140.326694423,35.343641279],[140.324873891,35.345364333],[140.323229689,35.344516027],[140.322854163,35.345417387],[140.321221673,35.345938532],[140.319943333,35.345500748],[140.318071673,35.345712135],[140.317984721,35.344342135],[140.317011115,35.344176333],[140.316105279,35.344623838],[140.315255279,35.344325505],[140.315284423,35.343403],[140.314580804,35.343349108],[140.314104695,35.341938],[140.313446641,35.341805252],[140.313211089,35.341171081],[140.312528029,35.341477748],[140.312148301,35.341146081],[140.310675811,35.341357468],[140.308558301,35.340078892],[140.308539416,35.339072505],[140.307232477,35.338528054],[140.306136329,35.336923919],[140.305345499,35.337097802],[140.304344695,35.338523919],[140.303395811,35.338650027],[140.301811894,35.337590586],[140.301048275,35.337803108],[140.299438833,35.335948387],[140.298353281,35.335400333],[140.296080506,35.335523694],[140.294283528,35.333359279],[140.293739364,35.330139279],[140.291774358,35.329389306],[140.292071829,35.325763748],[140.291322361,35.324542946],[140.290330415,35.324218775],[140.288847367,35.321108252],[140.287718171,35.320390198],[140.2864307,35.320821027],[140.285083165,35.318804946],[140.284343995,35.318813],[140.283771777,35.319792171],[140.28218428,35.318802721],[140.281546226,35.319715505],[140.280396498,35.319937748],[140.279481219,35.318925532],[140.277740389,35.318955802],[140.276063165,35.317650279],[140.275356744,35.316388333],[140.2742362,35.316470559],[140.272866744,35.315332802],[140.271275058,35.313386441],[140.271401725,35.311680613],[140.272843943,35.309315613],[140.273399468,35.308541441],[140.275832529,35.307011171],[140.275783645,35.306235054],[140.274043645,35.304573946],[140.274084163,35.302735054],[140.275446667,35.301514225],[140.276116355,35.298910333],[140.276950246,35.298095892],[140.276572477,35.296098667],[140.273229105,35.291982613],[140.27229856,35.291460387],[140.27091022,35.291334],[140.270515188,35.289571225],[140.269401855,35.28831736],[140.26751297,35.288543198],[140.266346861,35.288256252],[140.266166005,35.284030694],[140.259985447,35.284158252],[140.258195422,35.283232135],[140.257823748,35.283383532],[140.2568507,35.282402973],[140.255284306,35.282788252],[140.254565422,35.282446027],[140.255504864,35.28082936],[140.254661803,35.279661865],[140.253795668,35.279480748],[140.256196783,35.276271559],[140.257207886,35.274099054],[140.257233995,35.273019865],[140.258623165,35.272681532],[140.258983165,35.272042081],[140.264769001,35.271190946],[140.267517613,35.269352306],[140.268573165,35.269287306],[140.270568444,35.270171468],[140.271428755,35.269843135],[140.272267367,35.270182865],[140.272114553,35.269268135],[140.273098755,35.268932559],[140.272947613,35.268108667],[140.276972361,35.267156973],[140.277263748,35.265841135],[140.278563748,35.265301135],[140.278840143,35.264713919],[140.27845594,35.263120027],[140.278982335,35.261521667],[140.283346498,35.258095532],[140.284380117,35.256763586],[140.286104838,35.255794694],[140.286137328,35.254898027],[140.284908444,35.253478865],[140.284064553,35.253299973],[140.282265668,35.25185664],[140.281963139,35.250829414],[140.280555642,35.250400252],[140.280695357,35.249350532],[140.281518145,35.249128586],[140.283230363,35.245185225],[140.282039248,35.243021054],[140.281020895,35.242424387],[140.282435642,35.242367171],[140.282830921,35.242714667],[140.284683139,35.242278559],[140.285548975,35.243001892],[140.284649805,35.244076333],[140.285540078,35.243983],[140.286806472,35.244498838],[140.288101479,35.242894919],[140.287857302,35.241686586],[140.288573969,35.239346865],[140.290252023,35.237325171],[140.291003139,35.238062946],[140.291387613,35.239778225],[140.293032335,35.238514613],[140.294447056,35.238915721],[140.295355383,35.238314333],[140.296214553,35.238343225],[140.296258171,35.237899054],[140.297013722,35.237573198],[140.296484553,35.235776802],[140.29712345,35.23376764],[140.295874812,35.232102919],[140.293980921,35.230840973],[140.29417703,35.23027764],[140.295283969,35.229800414],[140.297529274,35.230167919],[140.299577886,35.229377919],[140.300020117,35.227770667],[140.301337613,35.226269838],[140.303449001,35.226625946],[140.304576783,35.226177613],[140.305391777,35.226337892],[140.306698171,35.225599252],[140.307167328,35.222986198],[140.309909027,35.221562865],[140.311039857,35.219949505],[140.313085694,35.219576171],[140.313247912,35.218112559],[140.313710143,35.217784775],[140.315416252,35.217801721],[140.318046809,35.215484748],[140.317908197,35.214563081],[140.318782633,35.213932252],[140.320020999,35.214615306],[140.322766278,35.214066135],[140.323556005,35.216693613],[140.323017393,35.217927802],[140.323619922,35.219877775],[140.324988249,35.219761946],[140.325806861,35.220129441],[140.327355188,35.218446387],[140.328201855,35.218170838],[140.32976939,35.219615802],[140.329055772,35.221818892],[140.329356615,35.223173586],[140.331582996,35.224152468],[140.334058029,35.221125532],[140.335352192,35.221114108],[140.33659192,35.219606054],[140.336711089,35.217634108],[140.338356913,35.215105225],[140.34028275,35.214895775],[140.340814695,35.214137973],[140.342566939,35.214277135],[140.343645279,35.216140198],[140.344558612,35.215911865],[140.345607782,35.216738532],[140.34663642,35.216589054],[140.347171141,35.217210441],[140.348871141,35.217267387],[140.350530337,35.218544054],[140.351677834,35.21802736],[140.352394228,35.217065694],[140.355531725,35.216720414],[140.357346472,35.215397892],[140.357493411,35.217542892],[140.358832581,35.218037333],[140.362939274,35.218157865],[140.363340117,35.216754252],[140.362151479,35.211714838],[140.364530389,35.21110064],[140.364151193,35.209713414],[140.364976744,35.209317306],[140.363724527,35.208611468],[140.364375084,35.207981748],[140.364053411,35.207620081],[140.360763113,35.206722613],[140.360063385,35.204375108],[140.360610337,35.202126775],[140.362806719,35.201294559],[140.364427302,35.201891505],[140.365469805,35.201392054],[140.366792023,35.201449532],[140.36757786,35.200574532],[140.36765703,35.199153973],[140.368349805,35.19831036],[140.369518145,35.199022306],[140.369790078,35.198522306],[140.372122892,35.198844252],[140.372962335,35.197194532],[140.372419248,35.195783135],[140.372816472,35.194837027],[140.374224553,35.195858414],[140.374983165,35.197346441],[140.377606498,35.197772279],[140.378947886,35.196517838],[140.379984034,35.196670333],[140.381865136,35.195195054],[140.382578197,35.193455333],[140.382064553,35.192639775],[140.383110415,35.192209505],[140.384776913,35.192338829],[140.386093372,35.195113396],[140.387751336,35.196534495],[140.387989611,35.197225072],[140.388583022,35.197348919],[140.389303463,35.199322892],[140.391509559,35.201126333],[140.392597341,35.201141595],[140.392781518,35.20178391],[140.393741725,35.202123459],[140.39346441,35.202505685],[140.394126174,35.20269273],[140.393489416,35.202723892],[140.393016693,35.203278928],[140.392435629,35.205620009],[140.39260214,35.207335919],[140.393333917,35.207589802],[140.392890246,35.208155252],[140.394022205,35.209885982],[140.392562931,35.208088793],[140.39220454,35.209113027],[140.392915966,35.208942982],[140.39272546,35.209575937],[140.393656641,35.209738036],[140.3923938,35.21009255],[140.392233463,35.210640631],[140.395264773,35.213268775],[140.395389922,35.217561514],[140.397602101,35.220661865],[140.397280078,35.221684495],[140.397845694,35.222019],[140.397407743,35.221783784],[140.397039948,35.222304721],[140.397402361,35.223433955],[140.399653735,35.225358351],[140.400424047,35.22723882],[140.400628249,35.228339495],[140.399789728,35.229260622],[140.400209118,35.229537468],[140.399586329,35.229348288],[140.399219715,35.229821811],[140.400126887,35.231092631],[140.400035318,35.231369432],[140.399852711,35.230782108],[140.399554267,35.23157991],[140.400792853,35.232716216],[140.40050214,35.232003649],[140.400047263,35.231838568],[140.400538366,35.231983018],[140.400903281,35.232717955],[140.400781984,35.23304718],[140.400954241,35.233252081],[140.402104215,35.233425973],[140.402768249,35.234765072],[140.404790869,35.236576865],[140.40418096,35.236072333],[140.405020117,35.237008829],[140.405075422,35.23912736],[140.405849196,35.239947333],[140.404944332,35.240863486],[140.405124397,35.242317171],[140.404178314,35.243627712],[140.404804099,35.243381279],[140.405542412,35.241414766],[140.404865097,35.243352063],[140.403867873,35.244312811],[140.404284864,35.245252739],[140.404400298,35.246202748],[140.404172983,35.245062441],[140.403911569,35.245563514],[140.404021219,35.245795919],[140.403651492,35.24623927],[140.404304462,35.24621555],[140.403830052,35.246756658],[140.404388898,35.246957559],[140.404689987,35.248307099],[140.404719481,35.247560405],[140.404750376,35.248457081],[140.405340856,35.248449514],[140.404742464,35.248627847],[140.405058171,35.249270694],[140.406127419,35.249528676],[140.405899351,35.248661414],[140.406194929,35.249502928],[140.406804553,35.249545207],[140.407033567,35.250342514],[140.406151271,35.251170135],[140.40688214,35.252229991],[140.406608677,35.253377532],[140.407107912,35.256167135],[140.406365759,35.253368586],[140.40675415,35.25228045],[140.406161997,35.251335946],[140.405489287,35.251652108],[140.405849987,35.252142306],[140.405546602,35.252287784],[140.405268249,35.251896622],[140.404373696,35.252547793],[140.404014423,35.252055243],[140.403144734,35.252476523],[140.403293658,35.252762829],[140.402622698,35.252610495],[140.402108742,35.253288793],[140.402376265,35.253482964],[140.401890117,35.253217982],[140.40094083,35.254504072],[140.401861206,35.254963982],[140.402819144,35.253672973],[140.404879222,35.252691532],[140.405939572,35.253083414],[140.403373178,35.254248541],[140.402202192,35.255826486],[140.403372957,35.256429342],[140.405123787,35.255580153],[140.406141362,35.255821604],[140.401000324,35.258467072],[140.400829092,35.259079847],[140.402015097,35.259704369],[140.402158262,35.26113182],[140.401831673,35.261200063],[140.401830869,35.260643441],[140.401252957,35.260637315],[140.400285733,35.261460793],[140.400427652,35.262223721],[140.399883735,35.263297333],[140.400454189,35.264392054],[140.399811219,35.265605847],[140.400252944,35.266552973],[140.400058599,35.269673153],[140.401963852,35.277648342],[140.403560934,35.280655883],[140.404670649,35.286677793],[140.406223372,35.290966144],[140.407044462,35.291874937],[140.408141608,35.29461282],[140.40931118,35.294434901],[140.408153865,35.294947009],[140.409250895,35.295966694],[140.410118132,35.295480036],[140.409293722,35.296006514],[140.411503165,35.301169279],[140.414297121,35.304009126],[140.414609676,35.305400306],[140.415060687,35.30563855],[140.414480558,35.307241883],[140.414836654,35.309043631],[140.414385772,35.309103577],[140.413577056,35.310348793],[140.413863074,35.311423883],[140.413363904,35.31414818],[140.412031997,35.315058685],[140.411215733,35.316322126],[140.411275694,35.316898108],[140.409856122,35.319225027],[140.410474137,35.319894261],[140.409553398,35.31969836],[140.408962114,35.31998864],[140.408359883,35.322090351],[140.407773826,35.322036252],[140.407174423,35.323034892],[140.407610791,35.323633153],[140.407368495,35.324115928],[140.407269857,35.32371509],[140.40645083,35.324782189],[140.4069438,35.324532324],[140.405467224,35.325299658],[140.405484215,35.326728045],[140.404388975,35.327548099],[140.403681907,35.329657126],[140.403135525,35.329778604],[140.403451297,35.330682126],[140.403432412,35.330062135],[140.403892866,35.330657234],[140.403113126,35.331116486],[140.403280636,35.33040836],[140.402723878,35.329488757],[140.402979196,35.328489333],[140.4017569,35.328639306],[140.401762892,35.329181297],[140.401325863,35.329272144],[140.400859442,35.32808618],[140.399902062,35.328559676],[140.400459481,35.329374189],[140.400997354,35.329703568],[140.401410765,35.329427865],[140.401483995,35.330036423],[140.402674358,35.330113216],[140.401493969,35.33007982],[140.402286563,35.33012036],[140.40150856,35.330529108],[140.401384747,35.329985694],[140.400730597,35.330363117],[140.400657147,35.33006627],[140.399811673,35.330627667],[140.400271258,35.330189225],[140.398955914,35.329732153],[140.39765118,35.330505505]]]},"properties":{"N03_001":"千葉県","N03_002":null,"N03_003":null,"N03_004":"いすみ市","N03_005":null,"N03_007":"12238"}},
{"type":"Feature","geometry":{"type":"Polygon","coordinates":[[[140.408333333,35.256336162],[140.408629741,35.256711126],[140.407476706,35.255743973],[140.408333333,35.256336162]]]},"properties":{"N03_001":"千葉県","N03_002":null,"N03_003":null,"N03_004":"いすみ市","N03_005":null,"N03_007":"12238"}},
{"type":"Feature","geometry":null,"properties":{"N03_001":"千葉県","N03_002":null,"N03_003":null,"N03_004":"いすみ市","N03_005":null,"N03_007":"12238"}},
{"type":"Feature","geometry":null,"properties":{"N03_001":"千葉県","N03_002":null,"N03_003":null,"N03_004":"いすみ市","N03_005":null,"N03_007":"12238"}},
{"type":"Feature","geometry":{"type":"Polygon","coordinates":[[[140.405863152,35.254390387],[140.40529546,35.254972234],[140.405742789,35.253871108],[140.405863152,35.254390387]]]},"properties":{"N03_001":"千葉県","N03_002":null,"N03_003":null,"N03_004":"いすみ市","N03_005":null,"N03_007":"12238"}},
{"type":"Feature","geometry":null,"properties":{"N03_001":"千葉県","N03_002":null,"N03_003":null,"N03_004":"いすみ市","N03_005":null,"N03_007":"12238"}},
{"type":"Feature","geometry":null,"properties":{"N03_001":"千葉県","N03_002":null,"N03_003":null,"N03_004":"いすみ市","N03_005":null,"N03_007":"12238"}},
{"type":"Feature","geometry":null,"properties":{"N03_001":"千葉県","N03_002":null,"N03_003":null,"N03_004":"いすみ市","N03_005":null,"N03_007":"12238"}},
{"type":"Feature","geometry":null,"properties":{"N03_001":"千葉県","N03_002":null,"N03_003":null,"N03_004":"いすみ市","N03_005":null,"N03_007":"12238"}},
{"type":"Feature","geometry":null,"properties":{"N03_001":"千葉県","N03_002":null,"N03_003":null,"N03_004":"いすみ市","N03_005":null,"N03_007":"12238"}},
{"type":"Feature","geometry":null,"properties":{"N03_001":"千葉県","N03_002":null,"N03_003":null,"N03_004":"いすみ市","N03_005":null,"N03_007":"12238"}},
{"type":"Feature","geometry":null,"properties":{"N03_001":"千葉県","N03_002":null,"N03_003":null,"N03_004":"いすみ市","N03_005":null,"N03_007":"12238"}},
{"type":"Feature","geometry":null,"properties":{"N03_001":"千葉県","N03_002":null,"N03_003":null,"N03_004":"いすみ市","N03_005":null,"N03_007":"12238"}},
{"type":"Feature","geometry":null,"properties":{"N03_001":"千葉県","N03_002":null,"N03_003":null,"N03_004":"いすみ市","N03_005":null,"N03_007":"12238"}},
{"type":"Feature","geometry":null,"properties":{"N03_001":"千葉県","N03_002":null,"N03_003":null,"N03_004":"いすみ市","N03_005":null,"N03_007":"12238"}},
{"type":"Feature","geometry":null,"properties":{"N03_001":"千葉県","N03_002":null,"N03_003":null,"N03_004":"いすみ市","N03_005":null,"N03_007":"12238"}},
{"type":"Feature","geometry":null,"properties":{"N03_001":"千葉県","N03_002":null,"N03_003":null,"N03_004":"いすみ市","N03_005":null,"N03_007":"12238"}},
{"type":"Feature","geometry":{"type":"Polygon","coordinates":[[[140.404120856,35.509187225],[140.400607782,35.505726667],[140.394743917,35.507448333],[140.394330895,35.508079171],[140.390713139,35.509764721],[140.38503192,35.500118919],[140.382631673,35.500473081],[140.383061388,35.501282252],[140.381394449,35.501747532],[140.380643606,35.501090865],[140.379878885,35.50113364],[140.379816939,35.500575027],[140.37918,35.501061135],[140.37970808,35.50217836],[140.379856719,35.505125306],[140.382857588,35.508979198],[140.382871777,35.510541135],[140.382134306,35.511621414],[140.38088847,35.512374748],[140.373908521,35.513795865],[140.373136031,35.514455306],[140.372090195,35.513865865],[140.371179922,35.514003081],[140.370812724,35.514711135],[140.36970022,35.51421364],[140.367687717,35.514419748],[140.367801894,35.514970306],[140.367004112,35.514665865],[140.366960246,35.515151694],[140.366451362,35.515241694],[140.365369974,35.514624198],[140.362899974,35.515231414],[140.362172192,35.514787532],[140.362481388,35.515437532],[140.361728054,35.515771973],[140.361425525,35.514967802],[140.360646394,35.51521864],[140.361103606,35.516164198],[140.359725032,35.516882802],[140.358945863,35.516780027],[140.360244189,35.518796973],[140.356760636,35.520543919],[140.360980752,35.530501135],[140.358412724,35.531961135],[140.35780131,35.531272802],[140.357376329,35.531504468],[140.355844358,35.530430027],[140.35390358,35.532105027],[140.353575227,35.531744748],[140.352847471,35.532150027],[140.353362477,35.533025027],[140.352854137,35.533363919],[140.35434083,35.535120306],[140.353993061,35.535319748],[140.354411388,35.535813081],[140.353728885,35.536211973],[140.353986109,35.53653364],[140.347353411,35.540308919],[140.344660895,35.537219468],[140.34589061,35.536029468],[140.343288366,35.532975586],[140.33791786,35.536299775],[140.335995914,35.534349505],[140.335242309,35.534825613],[140.334843165,35.535417279],[140.336267056,35.537157559],[140.335835694,35.539709505],[140.331746589,35.545022],[140.330999922,35.543902559],[140.329673256,35.545124802],[140.330458249,35.547187586],[140.329666589,35.547779252],[140.328690195,35.547485919],[140.327518275,35.54921036],[140.325193839,35.548277306],[140.325122996,35.549017306],[140.324297717,35.549760108],[140.323763554,35.551899279],[140.325663022,35.552388414],[140.327056083,35.55427064],[140.326803865,35.556198135],[140.32619,35.556895919],[140.32510834,35.556542027],[140.324168054,35.556760919],[140.324573891,35.557912586],[140.321510558,35.557835108],[140.317006355,35.556225414],[140.31471083,35.559020973],[140.313532503,35.558454865],[140.314000804,35.557395414],[140.313176355,35.556964586],[140.311972192,35.557118748],[140.309889416,35.556203775],[140.30863358,35.555212946],[140.308314968,35.554432108],[140.304904968,35.554496279],[140.30333358,35.553807667],[140.302158885,35.555669892],[140.301585551,35.556010721],[140.3008,35.555322667],[140.297585006,35.557738505],[140.297395279,35.559098505],[140.294291946,35.559207946],[140.294528911,35.560426559],[140.294211971,35.560625441],[140.290984163,35.555772135],[140.291031089,35.551869919],[140.292018275,35.549436306],[140.291981051,35.54828464],[140.285749105,35.549367973],[140.283157977,35.548416333],[140.282236057,35.549956892],[140.281762996,35.550076613],[140.281362412,35.547789946],[140.280389637,35.546959667],[140.280882672,35.545262721],[140.280582944,35.543528],[140.281177082,35.541521054],[140.285850973,35.539098252],[140.287419027,35.53583936],[140.289231505,35.533951586],[140.28980428,35.53227464],[140.292038171,35.531238505],[140.291236744,35.530053775],[140.291231479,35.529024892],[140.289839222,35.527900198],[140.287778885,35.523390748],[140.29041917,35.522178252],[140.292455279,35.521962946],[140.294420272,35.521111279],[140.296055863,35.521817387],[140.297874475,35.52171736],[140.299053645,35.520559586],[140.300873917,35.520336802],[140.299741673,35.518985973],[140.296614423,35.517291559],[140.295001051,35.517157667],[140.294801051,35.516419333],[140.292587977,35.515316586],[140.29093131,35.515382973],[140.289292412,35.516194919],[140.289556887,35.517752694],[140.288664137,35.519323252],[140.286189105,35.518888559],[140.283857977,35.517124946],[140.2822707,35.512783],[140.280615383,35.512034135],[140.277034553,35.511779973],[140.274368664,35.507906108],[140.275060272,35.504938892],[140.273950804,35.502499441],[140.274148807,35.499387532],[140.272455162,35.497515865],[140.270630999,35.496374198],[140.2706907,35.495814198],[140.272344864,35.494250306],[140.272114838,35.493602802],[140.277437912,35.494797505],[140.27796489,35.496054171],[140.280372698,35.498577775],[140.282091336,35.499343027],[140.283720467,35.497958586],[140.285319922,35.497797748],[140.285982477,35.496913748],[140.288035746,35.497374135],[140.288652412,35.496840802],[140.289269079,35.497008865],[140.290355473,35.496443586],[140.292821582,35.496662721],[140.29315214,35.496319387],[140.295203528,35.497248279],[140.298848833,35.497518532],[140.296516887,35.497869387],[140.298357445,35.498782973],[140.300331167,35.497173414],[140.302186939,35.498204694],[140.302002412,35.498927865],[140.303946641,35.499389892],[140.304509663,35.498980721],[140.305344695,35.499818225],[140.307184968,35.500293225],[140.307783606,35.501447946],[140.309298054,35.501927667],[140.31054917,35.501562081],[140.31171083,35.502102919],[140.313416939,35.501839865],[140.314890272,35.502459865],[140.315238612,35.502109306],[140.315971388,35.502817919],[140.315721089,35.50123264],[140.316284137,35.500684586],[140.317624423,35.500815973],[140.319057173,35.49912264],[140.319673554,35.499085973],[140.319566057,35.49959764],[140.320834942,35.499341802],[140.322032438,35.500430667],[140.321460506,35.500591225],[140.321551634,35.500968441],[140.322614669,35.500756505],[140.322775525,35.501238721],[140.325455772,35.500939],[140.325684112,35.501312333],[140.328417977,35.500150946],[140.329603476,35.497540946],[140.328549053,35.497577333],[140.327712918,35.495873441],[140.325863722,35.49428764],[140.32343153,35.494920414],[140.323026783,35.494261532],[140.325961751,35.492146252],[140.328856719,35.492153748],[140.330426161,35.491408198],[140.331167834,35.491561532],[140.335733061,35.490334],[140.341398275,35.487746505],[140.341210506,35.486665108],[140.342857977,35.485476225],[140.346592387,35.484782333],[140.347512387,35.484862613],[140.348030726,35.485849],[140.352184501,35.496629532],[140.353345863,35.496213135],[140.352776693,35.49599064],[140.353471414,35.495112306],[140.354204189,35.495097865],[140.354650856,35.49566036],[140.355776693,35.495485081],[140.355035006,35.494739802],[140.356044695,35.49347564],[140.356946939,35.494659252],[140.357447224,35.494432865],[140.358661946,35.495383135],[140.360833061,35.495419775],[140.361199416,35.494732838],[140.361494163,35.495668108],[140.362468029,35.494447838],[140.363370558,35.495551171],[140.364844423,35.495222559],[140.366279663,35.493869225],[140.367816057,35.493606171],[140.369642438,35.493565333],[140.373177173,35.494310054],[140.374578521,35.493475892],[140.374280752,35.492526171],[140.374847134,35.492343946],[140.374760726,35.491538387],[140.377250143,35.489654225],[140.376683748,35.488656721],[140.378882892,35.487499225],[140.378690921,35.486032],[140.378220636,35.486137279],[140.378009533,35.485283667],[140.378575914,35.485197559],[140.378335616,35.484087279],[140.377798106,35.483885892],[140.379008612,35.480502865],[140.378423333,35.48055064],[140.378058612,35.479908135],[140.379306394,35.479438135],[140.37939275,35.478047586],[140.378797198,35.47674564],[140.37969939,35.476438973],[140.379833865,35.476889532],[140.380524942,35.476697865],[140.380935227,35.476445135],[140.380605447,35.475766946],[140.381359948,35.475489532],[140.382137471,35.476966468],[140.383445499,35.476535081],[140.383628833,35.476866198],[140.386140778,35.476758108],[140.401399079,35.474803108],[140.402010195,35.474664225],[140.402089611,35.474198108],[140.405746783,35.473234946],[140.415920104,35.471622685],[140.418557224,35.47702536],[140.419544034,35.476739748],[140.418647964,35.477095198],[140.419268366,35.477040973],[140.418753554,35.477304532],[140.420229105,35.480516279],[140.43048179,35.498138748],[140.422946589,35.50114664],[140.422559922,35.502893586],[140.423055499,35.504413586],[140.414821051,35.504301081],[140.404120856,35.509187225]],[[140.329788249,35.547417306],[140.327628807,35.545097865],[140.326026304,35.544707586],[140.325389637,35.544089252],[140.324698807,35.544504802],[140.324941051,35.546011468],[140.325284112,35.54538536],[140.3259838,35.545842306],[140.326400195,35.545485919],[140.326583256,35.545938414],[140.328204916,35.546244532],[140.32911131,35.547494532],[140.329788249,35.547417306]],[[140.30299642,35.52083236],[140.302043645,35.520894586],[140.30294642,35.521210694],[140.30299642,35.52083236]],[[140.27788406,35.496278054],[140.277315694,35.49501],[140.276840441,35.495826667],[140.275563217,35.49580336],[140.276443217,35.496666667],[140.277502672,35.496262505],[140.278164332,35.496736946],[140.27788406,35.496278054]]]},"properties":{"N03_001":"千葉県","N03_002":null,"N03_003":null,"N03_004":"大網白里市","N03_005":null,"N03_007":"12239"}},
{"type":"Feature","geometry":{"type":"Polygon","coordinates":[[[140.303152412,35.747763],[140.300463528,35.747643559],[140.298870506,35.750834946],[140.298476329,35.752798559],[140.297251894,35.753600505],[140.296627717,35.754678],[140.294270778,35.754670532],[140.292040532,35.757453306],[140.288713281,35.757462748],[140.290036304,35.754094694],[140.290919922,35.75408664],[140.289841582,35.753373865],[140.289700195,35.752724135],[140.291224086,35.751594414],[140.289717108,35.75214664],[140.283875966,35.751443306],[140.283639339,35.753479694],[140.279404332,35.757429721],[140.277519339,35.757465],[140.275718197,35.755652775],[140.2738293,35.754623892],[140.272985966,35.755126108],[140.272153995,35.754913613],[140.270556783,35.755391387],[140.266352581,35.755334748],[140.26329869,35.754765306],[140.265526135,35.747280306],[140.265542218,35.745655027],[140.26452358,35.742820586],[140.263567756,35.741693081],[140.262031894,35.74075364],[140.25892297,35.739710613],[140.260429883,35.735747559],[140.259709053,35.735152279],[140.26035489,35.733423667],[140.261270999,35.733659505],[140.262103748,35.731246721],[140.261298755,35.731010892],[140.261493191,35.730539225],[140.26027153,35.730580892],[140.259577886,35.729721171],[140.258717328,35.729665613],[140.259397328,35.728964775],[140.257869831,35.728290613],[140.257317886,35.729142559],[140.254333139,35.729492027],[140.25476869,35.728107027],[140.254026719,35.72687064],[140.255013969,35.726337306],[140.255461997,35.725534532],[140.257081193,35.725552838],[140.256677004,35.722954802],[140.257589222,35.722726441],[140.255952827,35.722524532],[140.255769222,35.723185919],[140.255100895,35.723008135],[140.253679222,35.723914532],[140.251130311,35.723234532],[140.249398521,35.722271171],[140.24503083,35.724844559],[140.246321946,35.723494667],[140.24931939,35.721831748],[140.249721855,35.72195664],[140.252083891,35.719751468],[140.252493891,35.718588694],[140.251656355,35.717223694],[140.251541634,35.716019802],[140.253117471,35.71401536],[140.255256641,35.714768973],[140.255404163,35.715186468],[140.257261115,35.715354252],[140.259678612,35.714486171],[140.260738301,35.710219225],[140.261410532,35.710128946],[140.264120532,35.706009775],[140.263619105,35.702262838],[140.263980752,35.701045333],[140.265281582,35.700150027],[140.267275499,35.699776135],[140.26995275,35.701389171],[140.272595253,35.702294721],[140.27320192,35.702122775],[140.275554449,35.70350664],[140.275238054,35.704542775],[140.276696693,35.705910532],[140.277663917,35.705435532],[140.277122802,35.706401919],[140.278092555,35.707760252],[140.279842827,35.70630664],[140.281095058,35.706044414],[140.281111414,35.704783306],[140.282857276,35.705020775],[140.282931971,35.702976613],[140.283890856,35.703009387],[140.284382529,35.702501613],[140.286272827,35.703510198],[140.287428106,35.703370748],[140.289223139,35.705287414],[140.289903411,35.705238252],[140.291466472,35.70610964],[140.291180389,35.70820964],[140.293847886,35.708621027],[140.296657665,35.712582694],[140.299622387,35.714097973],[140.301157977,35.716006586],[140.303139922,35.714574919],[140.30042131,35.718113],[140.298140752,35.718647721],[140.296369637,35.719556892],[140.296376589,35.720246333],[140.297723281,35.721678279],[140.296287173,35.721446054],[140.29618856,35.721931613],[140.295252438,35.721833],[140.294291608,35.724848586],[140.293601894,35.725087748],[140.293306083,35.725889414],[140.292798885,35.729745532],[140.289979416,35.72936636],[140.288937471,35.730435532],[140.288308029,35.730143865],[140.288089974,35.730537748],[140.291203645,35.735084694],[140.296511479,35.739385532],[140.297644812,35.738724414],[140.298559559,35.739955225],[140.300171505,35.739681054],[140.300164838,35.738829946],[140.299355084,35.737704387],[140.300879559,35.739492171],[140.301597613,35.738859387],[140.301198145,35.737469667],[140.301881193,35.737392171],[140.302514838,35.738686613],[140.305848171,35.738442441],[140.307657082,35.739356865],[140.309466252,35.739743252],[140.309951803,35.739497135],[140.309480143,35.740010748],[140.306826809,35.739673252],[140.305946809,35.738983838],[140.305454034,35.739152721],[140.305967912,35.739849108],[140.305860415,35.740676333],[140.301512412,35.747003559],[140.302687977,35.747200505],[140.303152412,35.747763]],[[140.276954475,35.707044135],[140.275683645,35.705303613],[140.274315305,35.706369171],[140.276714773,35.709033054],[140.277781167,35.708189694],[140.276954475,35.707044135]]]},"properties":{"N03_001":"千葉県","N03_002":null,"N03_003":"印旛郡","N03_004":"酒々井町","N03_005":null,"N03_007":"12322"}},
{"type":"Feature","geometry":{"type":"Polygon","coordinates":[[[140.251624306,35.800305532],[140.25724,35.811411054],[140.255607497,35.813510225],[140.258947004,35.815324081],[140.259187834,35.815003279],[140.266422361,35.819503973],[140.267987977,35.823243802],[140.270731582,35.822001865],[140.275027756,35.821197135],[140.276838003,35.819272414],[140.277419105,35.817966027],[140.277775772,35.817983802],[140.27815939,35.818741306],[140.278757173,35.818616586],[140.279746913,35.819730198],[140.27995358,35.820110748],[140.279498586,35.820297973],[140.281426693,35.823681027],[140.283156693,35.824911027],[140.283722555,35.82601936],[140.285435058,35.827391586],[140.285015888,35.827798532],[140.286121751,35.828573532],[140.284533969,35.829847946],[140.284721193,35.831377108],[140.283820363,35.831243505],[140.282616472,35.832152108],[140.2825262,35.833787946],[140.281323995,35.836787946],[140.281968716,35.838912387],[140.279874578,35.841273225],[140.279515694,35.842947108],[140.279640726,35.846634306],[140.278259857,35.846661802],[140.278204578,35.845880171],[140.277385136,35.845999586],[140.276649027,35.845227108],[140.275737328,35.845254613],[140.275461245,35.845916802],[140.276510973,35.847440414],[140.27569153,35.84861764],[140.274347367,35.84815764],[140.273224034,35.849500414],[140.2732793,35.849840694],[140.274881245,35.849794865],[140.274927665,35.85109736],[140.27564572,35.851161802],[140.27563655,35.851649306],[140.277560726,35.851686252],[140.277588223,35.85203236],[140.280235473,35.851934865],[140.282250532,35.859143198],[140.281146083,35.859510694],[140.281302477,35.859860414],[140.280740804,35.860080973],[140.280749974,35.861304306],[140.284455863,35.862495973],[140.287940389,35.870080108],[140.289363165,35.871425946],[140.286067886,35.872926225],[140.281145084,35.874111505],[140.278298106,35.874044279],[140.27359,35.872655387],[140.266864942,35.869967613],[140.244977445,35.856189279],[140.242396278,35.854850946],[140.240564332,35.854383721],[140.23650345,35.853997613],[140.230372827,35.854502892],[140.227787562,35.855364279],[140.220223061,35.859466198],[140.214421362,35.861893973],[140.212319105,35.862042027],[140.2044107,35.861112838],[140.196454747,35.857738387],[140.187523528,35.852113667],[140.175723411,35.848658667],[140.167779468,35.845457027],[140.181279831,35.84185536],[140.194626304,35.835868171],[140.203136913,35.834755135],[140.206910272,35.835280694],[140.210715888,35.838009306],[140.213015084,35.839144865],[140.222372944,35.839803198],[140.231882218,35.841170973],[140.232825525,35.838873468],[140.232216641,35.835909027],[140.233178833,35.832221838],[140.237065253,35.830310171],[140.240759728,35.829675721],[140.243033606,35.826923225],[140.24461642,35.827777108],[140.245020311,35.827092667],[140.243197224,35.82603436],[140.243723333,35.825301306],[140.242424137,35.824456586],[140.24096939,35.824347414],[140.237144617,35.820811865],[140.238040169,35.820136306],[140.240129637,35.820893252],[140.242969364,35.815888252],[140.24417022,35.81771964],[140.243493281,35.81784436],[140.242696057,35.819257973],[140.243669105,35.820037414],[140.244116887,35.819815198],[140.245001089,35.820979919],[140.246299974,35.820410748],[140.250401699,35.820937694],[140.250205837,35.817214081],[140.251402166,35.809903838],[140.251624306,35.800305532]]]},"properties":{"N03_001":"千葉県","N03_002":null,"N03_003":"印旛郡","N03_004":"栄町","N03_005":null,"N03_007":"12329"}},
{"type":"Feature","geometry":{"type":"Polygon","coordinates":[[[140.246723307,35.819679919],[140.24582192,35.819767973],[140.245254112,35.818816586],[140.247133307,35.817945468],[140.248253606,35.819471027],[140.246723307,35.819679919]]]},"properties":{"N03_001":"千葉県","N03_002":null,"N03_003":"印旛郡","N03_004":"栄町","N03_005":null,"N03_007":"12329"}},
{"type":"Feature","geometry":{"type":"Polygon","coordinates":[[[140.375885331,35.902367892],[140.375170856,35.900397613],[140.375675253,35.894837613],[140.379759689,35.891223171],[140.381924423,35.890736775],[140.383738301,35.889533721],[140.385033281,35.885037333],[140.38822192,35.886195108],[140.391375253,35.886201225],[140.392557471,35.884984],[140.391984695,35.884228441],[140.392076615,35.882874],[140.394890778,35.880375081],[140.397084358,35.877179802],[140.397966031,35.877076748],[140.399277691,35.876190081],[140.401027665,35.872463108],[140.399455966,35.87160036],[140.400068755,35.871297],[140.399673476,35.870312838],[140.397989831,35.870010919],[140.398047056,35.869718973],[140.399913722,35.869501441],[140.400551505,35.867277559],[140.399565357,35.865482279],[140.399035058,35.863024225],[140.397546446,35.862743946],[140.398003061,35.858313667],[140.396798612,35.857927],[140.397292776,35.858582559],[140.397372802,35.860166721],[140.397023359,35.860120892],[140.395614721,35.859514225],[140.394169416,35.857576441],[140.398430246,35.855349505],[140.398041089,35.854508667],[140.395843839,35.854473387],[140.395219663,35.854605054],[140.395003865,35.855797],[140.392753281,35.855928667],[140.392295772,35.854570613],[140.394240506,35.854608667],[140.394356031,35.852792838],[140.39911856,35.852879505],[140.403084695,35.853460865],[140.403443333,35.855390027],[140.40397,35.855434748],[140.404408054,35.856217252],[140.405655837,35.856734468],[140.405967782,35.85634336],[140.408108911,35.856974748],[140.407903087,35.857776973],[140.409601971,35.857929748],[140.409090337,35.858639468],[140.411362827,35.859885586],[140.410904773,35.860475865],[140.412944812,35.861713081],[140.418147665,35.866330559],[140.419302387,35.866615838],[140.422558495,35.866240532],[140.422339339,35.865312468],[140.422877108,35.865153306],[140.422406524,35.864106919],[140.423083476,35.863894694],[140.422706783,35.860648586],[140.423065383,35.859972198],[140.424532049,35.861126081],[140.42497153,35.862018865],[140.427790726,35.863630505],[140.429808223,35.863571054],[140.430140169,35.863093559],[140.432673217,35.86429464],[140.432918781,35.863751027],[140.434525162,35.864016306],[140.437316278,35.863260198],[140.437667977,35.863571865],[140.43843131,35.863406],[140.438920467,35.864324613],[140.439401855,35.864225171],[140.439833256,35.865219892],[140.439242412,35.865405441],[140.440165227,35.866320721],[140.440473865,35.867856],[140.439727471,35.867899333],[140.440047224,35.871217387],[140.439226394,35.871344054],[140.438806109,35.870630721],[140.434797198,35.871230748],[140.435016394,35.872307973],[140.431175837,35.873669108],[140.428953307,35.872288838],[140.426847198,35.872442198],[140.42485192,35.873121919],[140.425036109,35.875408306],[140.425823891,35.875428306],[140.427478638,35.877201613],[140.427955032,35.878626613],[140.427246446,35.880125505],[140.426919248,35.882690252],[140.427379805,35.883503279],[140.428260921,35.883603279],[140.426952335,35.885914387],[140.425095694,35.887865252],[140.425969857,35.889695532],[140.426504086,35.893591054],[140.429438638,35.90198964],[140.430126135,35.902236306],[140.430553359,35.903682973],[140.431520856,35.903662973],[140.434100337,35.904894333],[140.433920052,35.905234333],[140.435875357,35.906381252],[140.437367056,35.90793264],[140.436072049,35.909304027],[140.434802633,35.911753748],[140.426105058,35.907695198],[140.421131141,35.906448306],[140.417955305,35.906377748],[140.415734163,35.906756946],[140.407640272,35.909221694],[140.401814968,35.909475892],[140.396477173,35.909008414],[140.39025655,35.907366198],[140.380700363,35.903717333],[140.375885331,35.902367892]]]},"properties":{"N03_001":"千葉県","N03_002":null,"N03_003":"香取郡","N03_004":"神崎町","N03_005":null,"N03_007":"12342"}},
{"type":"Feature","geometry":{"type":"Polygon","coordinates":[[[140.550464812,35.761007414],[140.547886744,35.762931333],[140.546409831,35.765449387],[140.546217912,35.768729946],[140.546457108,35.769292171],[140.547837393,35.769903559],[140.547772944,35.770304946],[140.543300973,35.770219108],[140.542594617,35.774014946],[140.543297134,35.774599946],[140.542853256,35.775356054],[140.540778495,35.774356919],[140.538222918,35.773895802],[140.537262633,35.774520252],[140.533287328,35.775180559],[140.53087428,35.777138613],[140.52855345,35.77684],[140.52816594,35.777925],[140.528575966,35.778975838],[140.527865383,35.779146946],[140.526872607,35.778449748],[140.525572892,35.779304748],[140.524518716,35.77932336],[140.524768444,35.781076973],[140.52386428,35.77948836],[140.521902866,35.779326135],[140.519264838,35.782519198],[140.516189274,35.782565027],[140.51232703,35.780648667],[140.511525357,35.781113946],[140.511844838,35.783180892],[140.510925422,35.784802838],[140.508517082,35.784326721],[140.506989274,35.783403946],[140.504761777,35.783738387],[140.504693191,35.784722838],[140.505810973,35.785185333],[140.505735136,35.785742838],[140.504214578,35.786070892],[140.505394358,35.789270613],[140.503541855,35.789493667],[140.503306031,35.788849775],[140.50265214,35.788998387],[140.502409053,35.788088387],[140.500995162,35.788354225],[140.501094086,35.788893108],[140.500493528,35.789029225],[140.500637977,35.789524505],[140.501587977,35.789648387],[140.502126031,35.790454775],[140.503126615,35.790487559],[140.502565006,35.796073081],[140.497922555,35.79913836],[140.496382581,35.802096973],[140.49509703,35.801954468],[140.487458612,35.797733387],[140.484967782,35.797531748],[140.484937782,35.796214802],[140.483897173,35.793802306],[140.480607691,35.790263973],[140.475686031,35.790293441],[140.471066589,35.791394279],[140.469200195,35.792293171],[140.467167419,35.792185108],[140.466027977,35.791565973],[140.465859079,35.791821532],[140.467788833,35.793364279],[140.467438833,35.794337333],[140.468277497,35.798047333],[140.466823891,35.798587613],[140.463980311,35.800882613],[140.462258638,35.801030135],[140.460548664,35.802558198],[140.459143671,35.801855414],[140.451915383,35.807117946],[140.444456719,35.803359613],[140.445113891,35.799492387],[140.44324131,35.793123775],[140.443102918,35.788568775],[140.442535966,35.787615441],[140.441908755,35.787831838],[140.43941511,35.786214919],[140.439134864,35.787600468],[140.437988755,35.787335198],[140.4363093,35.788327973],[140.433082892,35.786052414],[140.436055331,35.781913532],[140.436212827,35.78079464],[140.423847198,35.775282721],[140.420566109,35.775728],[140.419981362,35.775153],[140.418482477,35.775098838],[140.417005006,35.775846054],[140.417933645,35.779772171],[140.417783113,35.781369387],[140.414043722,35.785320252],[140.412671505,35.785851081],[140.410747886,35.785669135],[140.409399831,35.786312748],[140.40749428,35.786533865],[140.405012023,35.785555802],[140.403470052,35.783862198],[140.402348106,35.783752198],[140.401863606,35.778800532],[140.402522503,35.77777636],[140.402944137,35.774850532],[140.403926083,35.774907468],[140.404762166,35.774146081],[140.404354669,35.772878586],[140.40643131,35.770244135],[140.409911855,35.77015664],[140.410634112,35.771288865],[140.409911608,35.77148636],[140.410650506,35.771459135],[140.41062856,35.77232664],[140.409564112,35.772694135],[140.413903554,35.773156892],[140.415300532,35.773764667],[140.416714669,35.773039387],[140.421248029,35.773242171],[140.423860467,35.770153],[140.425076589,35.769913],[140.423258145,35.760711865],[140.424344501,35.757586865],[140.424543917,35.754603802],[140.425159442,35.753646586],[140.427242776,35.752356027],[140.428255525,35.751147694],[140.429467173,35.746911027],[140.431912944,35.74317964],[140.432605966,35.739311027],[140.434300389,35.737695468],[140.435350921,35.73540464],[140.435190337,35.733058252],[140.435968638,35.731047108],[140.433174137,35.725507694],[140.430329663,35.722925198],[140.429539105,35.721253532],[140.431160467,35.718869919],[140.432635447,35.71790964],[140.435291284,35.717708532],[140.437774332,35.718010441],[140.441781803,35.714932387],[140.443283722,35.712452946],[140.444135668,35.712412667],[140.445667613,35.713147946],[140.448138145,35.712866],[140.448398145,35.710552387],[140.447904228,35.708850171],[140.449559468,35.707501],[140.450084189,35.705932387],[140.451010584,35.705761],[140.452801699,35.706304892],[140.454160558,35.706042946],[140.454543307,35.703676279],[140.453554968,35.702178775],[140.454222192,35.701393225],[140.453962724,35.700054054],[140.45504939,35.698981279],[140.456352412,35.698484892],[140.45687131,35.697497946],[140.459650441,35.697216279],[140.460058223,35.696843505],[140.459774306,35.693564054],[140.460466226,35.691403775],[140.459865668,35.691082667],[140.464698444,35.691938198],[140.467230078,35.691748468],[140.466946783,35.694161802],[140.468010999,35.698138198],[140.469767173,35.701964027],[140.47447,35.708636775],[140.475998392,35.711737333],[140.479263139,35.715097892],[140.48079345,35.715495135],[140.481625227,35.716263441],[140.481462503,35.717052667],[140.479794501,35.716895559],[140.479418975,35.716475441],[140.47854406,35.717756225],[140.4806193,35.718805775],[140.480782944,35.721699559],[140.486469883,35.721250919],[140.486336057,35.724588973],[140.487473839,35.724976468],[140.488079144,35.726154802],[140.49089834,35.727297586],[140.495065058,35.731523414],[140.49883869,35.733886441],[140.499710636,35.733138108],[140.500063139,35.733402559],[140.500424812,35.733107838],[140.502867886,35.735015333],[140.502663995,35.735347838],[140.503155383,35.735257279],[140.503127613,35.735748667],[140.502459831,35.735892279],[140.502357951,35.739411441],[140.503165473,35.742737279],[140.507100311,35.751026721],[140.506673645,35.751132559],[140.507407004,35.753244775],[140.506926446,35.754202279],[140.505376161,35.754958387],[140.505475642,35.757544225],[140.504526498,35.759454225],[140.5096793,35.760793946],[140.516099053,35.760727],[140.518970947,35.755529468],[140.522239831,35.753510027],[140.523467367,35.755088919],[140.52383847,35.754977252],[140.523765694,35.754352802],[140.526797639,35.753976667],[140.527366252,35.754434171],[140.528577108,35.754368333],[140.529400441,35.755512505],[140.52944131,35.758226387],[140.530305499,35.760558613],[140.531540804,35.761124171],[140.533218003,35.758961108],[140.535260804,35.758546387],[140.535852996,35.757378306],[140.537496615,35.756593586],[140.539775525,35.756665532],[140.540408859,35.757209135],[140.541590558,35.757417468],[140.543990272,35.757626333],[140.545592802,35.757336892],[140.546032529,35.757949667],[140.547352244,35.757876054],[140.548107276,35.758439387],[140.549172866,35.760549946],[140.550464812,35.761007414]]]},"properties":{"N03_001":"千葉県","N03_002":null,"N03_003":"香取郡","N03_004":"多古町","N03_005":null,"N03_007":"12347"}},
{"type":"Feature","geometry":{"type":"Polygon","coordinates":[[[140.720702166,35.813472613],[140.717226719,35.822767892],[140.713054034,35.829418468],[140.706575746,35.836255414],[140.697177756,35.842378775],[140.686836394,35.847763838],[140.67584275,35.851269387],[140.666392166,35.853197198],[140.647833476,35.855712505],[140.644609144,35.846276414],[140.646839416,35.844265865],[140.648106329,35.84214864],[140.648576861,35.839814198],[140.647962944,35.837194198],[140.649282114,35.837430306],[140.648428781,35.836804748],[140.648175694,35.835782532],[140.648767082,35.83511836],[140.651123191,35.834945865],[140.651512633,35.834187802],[140.650198418,35.830704775],[140.650307562,35.828872],[140.649844501,35.828186441],[140.650645032,35.827352279],[140.649960026,35.826653108],[140.648852244,35.826533108],[140.647431362,35.824682279],[140.647532503,35.826186441],[140.645363061,35.826140054],[140.64482917,35.826962559],[140.643293061,35.827508946],[140.642348301,35.826838946],[140.641863554,35.824297027],[140.642419637,35.821219252],[140.643445447,35.819393694],[140.643749857,35.817556468],[140.643403165,35.815953694],[140.644493722,35.814175081],[140.643091167,35.810802586],[140.641922802,35.809809838],[140.640540584,35.810244279],[140.640194475,35.811025667],[140.634966641,35.808177333],[140.634324669,35.808194838],[140.633911284,35.802839306],[140.62410061,35.800447108],[140.624614773,35.799266559],[140.622782776,35.797229333],[140.623835837,35.796019333],[140.624566083,35.793665171],[140.627587497,35.793684892],[140.629611141,35.794655171],[140.631247808,35.794120721],[140.630757808,35.793479613],[140.630968885,35.792333505],[140.632966667,35.791697108],[140.63273083,35.790925721],[140.633683891,35.791001559],[140.634499144,35.788295171],[140.636213061,35.788522387],[140.635609974,35.787762387],[140.637498029,35.787166559],[140.637544423,35.786101838],[140.638148859,35.786276838],[140.638818586,35.785786279],[140.639167198,35.786155414],[140.641902218,35.786568198],[140.644025863,35.787641252],[140.646413671,35.787943748],[140.648108392,35.787398721],[140.650984254,35.787403441],[140.651655331,35.786359838],[140.651457834,35.785512892],[140.65256144,35.785352054],[140.652875357,35.786979559],[140.651638418,35.788591775],[140.651882049,35.789754279],[140.652602918,35.791167054],[140.654020415,35.791365919],[140.654795668,35.788239],[140.661907717,35.774902027],[140.662552724,35.775228694],[140.670892023,35.765061441],[140.672024332,35.768778387],[140.673922996,35.772607838],[140.675925227,35.772825306],[140.683340337,35.777664721],[140.682423671,35.778556108],[140.682735058,35.778940279],[140.681158145,35.780923333],[140.681442866,35.781025],[140.682973671,35.779198613],[140.68548345,35.780887225],[140.687341025,35.782858],[140.689476135,35.780821586],[140.691756809,35.781309694],[140.697976472,35.776192721],[140.696846161,35.775020225],[140.697335888,35.774563838],[140.699587276,35.774244946],[140.702379831,35.777270775],[140.702842361,35.77839936],[140.703732361,35.77867464],[140.704266252,35.779377694],[140.704990467,35.781376306],[140.705016887,35.783643532],[140.702605227,35.784991306],[140.701203281,35.785422135],[140.700313281,35.785009108],[140.699619105,35.785465775],[140.700811725,35.791421027],[140.699948392,35.792732973],[140.692510052,35.794316054],[140.690269494,35.794448306],[140.689984812,35.79615136],[140.69038786,35.797339135],[140.692640726,35.800881892],[140.692222387,35.801186333],[140.692179079,35.802836613],[140.692775227,35.804358838],[140.699970272,35.806007973],[140.702735837,35.806126306],[140.704871699,35.807387387],[140.706108949,35.807481838],[140.706201167,35.808305171],[140.706948975,35.808812667],[140.709423411,35.809030171],[140.713370973,35.810206532],[140.720702166,35.813472613]],[[140.655251997,35.805640081],[140.655639754,35.803746468],[140.65619642,35.803825613],[140.656649196,35.802256468],[140.656073061,35.802133135],[140.656263606,35.801024252],[140.654039416,35.800640919],[140.653290506,35.798620919],[140.652243281,35.798600919],[140.650844358,35.796429],[140.648757951,35.796785667],[140.648481582,35.797780667],[140.646473217,35.797783721],[140.647089637,35.798572054],[140.649585473,35.797450108],[140.650137445,35.798699532],[140.649958833,35.799386748],[140.651164942,35.799951198],[140.652309416,35.799832027],[140.653397198,35.800248694],[140.653462218,35.801801198],[140.652041362,35.80188036],[140.651643891,35.802243973],[140.654215006,35.803137027],[140.654267276,35.805629532],[140.655251997,35.805640081]],[[140.646146589,35.798378441],[140.645879922,35.798758171],[140.646632412,35.798866775],[140.646146589,35.798378441]]]},"properties":{"N03_001":"千葉県","N03_002":null,"N03_003":"香取郡","N03_004":"東庄町","N03_005":null,"N03_007":"12349"}},
{"type":"Feature","geometry":{"type":"Polygon","coordinates":[[[140.470090039,35.547212802],[140.462650441,35.551659306],[140.462902387,35.551943171],[140.46008594,35.554147865],[140.461045188,35.554834838],[140.45913939,35.556469027],[140.458185772,35.555751252],[140.456131362,35.557476252],[140.457090532,35.558252919],[140.456286641,35.558922081],[140.454374163,35.560214306],[140.453473865,35.559121802],[140.452777198,35.559277081],[140.45292192,35.55958236],[140.451655837,35.560631532],[140.45256725,35.561429586],[140.452240311,35.561986252],[140.451315863,35.562781252],[140.450522802,35.562170694],[140.449202555,35.563388198],[140.449438392,35.564073748],[140.448451997,35.564711252],[140.447257613,35.563891946],[140.44261703,35.56733364],[140.441823165,35.566559586],[140.439344578,35.568522081],[140.440085694,35.56991736],[140.439018197,35.568704027],[140.437316524,35.569145414],[140.436614332,35.569975694],[140.436206524,35.56951264],[140.436469027,35.569234027],[140.435011777,35.56769764],[140.43573594,35.566135721],[140.432705577,35.560627946],[140.433944695,35.558346279],[140.434050804,35.556742108],[140.430844695,35.557517387],[140.430310804,35.557081559],[140.428514721,35.557705171],[140.425816615,35.554776306],[140.426207445,35.554633532],[140.427041894,35.555279613],[140.427736057,35.554971559],[140.428663281,35.555599333],[140.427180752,35.552567694],[140.427706861,35.55223936],[140.427278807,35.551413252],[140.42470297,35.551713532],[140.422876589,35.551067414],[140.422959364,35.551743532],[140.421185499,35.55243464],[140.420285188,35.551533802],[140.420240195,35.550760198],[140.41906022,35.551571306],[140.418526304,35.550699919],[140.419986005,35.549191586],[140.421120726,35.549026306],[140.422030143,35.547666865],[140.421452361,35.54563964],[140.42002428,35.543371306],[140.421761479,35.542862414],[140.421333139,35.542254081],[140.420852023,35.542471865],[140.420716744,35.541886027],[140.419130921,35.542411865],[140.41857703,35.541652721],[140.419494254,35.541637694],[140.419180895,35.539491892],[140.421307834,35.538906054],[140.419782802,35.536460775],[140.420549442,35.536092721],[140.418539416,35.531641613],[140.415086861,35.527108],[140.409374137,35.529988559],[140.40838192,35.530153865],[140.407938586,35.529222468],[140.406950246,35.528656919],[140.404703333,35.529806081],[140.404086939,35.529062468],[140.403021673,35.529567468],[140.402683333,35.529199414],[140.401835006,35.53010664],[140.401657224,35.529325532],[140.400406394,35.528621081],[140.396295888,35.532493027],[140.398393411,35.534359973],[140.396835642,35.535768586],[140.395683969,35.53370636],[140.395563671,35.532504694],[140.39668642,35.530665802],[140.395121673,35.528356081],[140.394557808,35.528994694],[140.394212244,35.52867164],[140.393843917,35.528859414],[140.394512244,35.529943865],[140.393655305,35.52984636],[140.394685058,35.530867748],[140.394301725,35.531438586],[140.393069196,35.530154135],[140.393392244,35.52986136],[140.392933917,35.529605802],[140.393645305,35.52919136],[140.393322244,35.528913865],[140.391923943,35.530085252],[140.391420311,35.529687198],[140.391908911,35.529274135],[140.390447808,35.528070532],[140.388388392,35.528896919],[140.388290856,35.528228333],[140.388749196,35.528070532],[140.388228366,35.526684171],[140.389228054,35.526383892],[140.389438638,35.526842225],[140.390077497,35.526579171],[140.389814449,35.525993333],[140.390396667,35.525811387],[140.391418885,35.526667748],[140.392335837,35.526389973],[140.40031297,35.522094694],[140.401041855,35.521981919],[140.401748521,35.523056081],[140.40693572,35.520807198],[140.410381219,35.518639414],[140.406695357,35.514140802],[140.406114773,35.512588027],[140.404604228,35.511596667],[140.405505888,35.511108333],[140.404120856,35.509187225],[140.414821051,35.504301081],[140.423055499,35.504413586],[140.422559922,35.502893586],[140.422946589,35.50114664],[140.43048179,35.498138748],[140.430729961,35.498630225],[140.431165473,35.498532054],[140.43753022,35.508311721],[140.446668301,35.520972532],[140.449298833,35.523888252],[140.452169663,35.525411135],[140.45222131,35.526968838],[140.453318833,35.528393108],[140.455147782,35.529251306],[140.454939857,35.52999036],[140.45610642,35.531343468],[140.457712568,35.532707973],[140.4625093,35.530012486],[140.464438249,35.531059577],[140.462519066,35.530174378],[140.457794812,35.532783748],[140.458610999,35.533705135],[140.459678366,35.534477027],[140.460225422,35.534143198],[140.461023256,35.535036225],[140.462592724,35.535663252],[140.464080558,35.535299559],[140.463666809,35.534751775],[140.46418214,35.535343613],[140.464556757,35.535116036],[140.464393022,35.534211387],[140.466606252,35.534445378],[140.464757549,35.534343505],[140.464653684,35.535141505],[140.464262023,35.535383838],[140.465565383,35.535263414],[140.465014254,35.535708243],[140.46529131,35.536056441],[140.465906381,35.535764982],[140.465268016,35.536170414],[140.466029767,35.537045649],[140.466837108,35.536830117],[140.467776329,35.532627523],[140.466888962,35.537164063],[140.465806252,35.537150604],[140.466068833,35.537504135],[140.465489754,35.536941072],[140.464829027,35.53824445],[140.466056835,35.541218081],[140.470090039,35.547212802]]]},"properties":{"N03_001":"千葉県","N03_002":null,"N03_003":"山武郡","N03_004":"九十九里町","N03_005":null,"N03_007":"12403"}},
{"type":"Feature","geometry":{"type":"Polygon","coordinates":[[[140.383398755,35.534366081],[140.384004838,35.533526919],[140.384552892,35.533688306],[140.385714527,35.531684973],[140.38643786,35.531874414],[140.38636786,35.53108136],[140.387329805,35.53078664],[140.38782144,35.529734135],[140.390155357,35.531645802],[140.389839248,35.531905532],[140.390218418,35.532263586],[140.388010117,35.53419664],[140.387546783,35.533880802],[140.385390415,35.535754414],[140.38424153,35.53527164],[140.3844593,35.534696081],[140.383398755,35.534366081]]]},"properties":{"N03_001":"千葉県","N03_002":null,"N03_003":"山武郡","N03_004":"九十九里町","N03_005":null,"N03_007":"12403"}},
{"type":"Feature","geometry":{"type":"Polygon","coordinates":[[[140.391875888,35.530585252],[140.392600584,35.529996081],[140.393185616,35.530534694],[140.392242827,35.530882468],[140.391875888,35.530585252]]]},"properties":{"N03_001":"千葉県","N03_002":null,"N03_003":"山武郡","N03_004":"九十九里町","N03_005":null,"N03_007":"12403"}},
{"type":"Feature","geometry":{"type":"Polygon","coordinates":[[[140.45504939,35.698981279],[140.453962724,35.700054054],[140.454222192,35.701393225],[140.453554968,35.702178775],[140.454543307,35.703676279],[140.454160558,35.706042946],[140.452801699,35.706304892],[140.451010584,35.705761],[140.450084189,35.705932387],[140.449559468,35.707501],[140.447904228,35.708850171],[140.448398145,35.710552387],[140.448138145,35.712866],[140.445667613,35.713147946],[140.444135668,35.712412667],[140.443283722,35.712452946],[140.441781803,35.714932387],[140.437774332,35.718010441],[140.435291284,35.717708532],[140.432635447,35.71790964],[140.431160467,35.718869919],[140.429539105,35.721253532],[140.430329663,35.722925198],[140.433174137,35.725507694],[140.435968638,35.731047108],[140.435190337,35.733058252],[140.435350921,35.73540464],[140.434300389,35.737695468],[140.432605966,35.739311027],[140.431912944,35.74317964],[140.429467173,35.746911027],[140.428255525,35.751147694],[140.427242776,35.752356027],[140.425159442,35.753646586],[140.424543917,35.754603802],[140.424344501,35.757586865],[140.423258145,35.760711865],[140.425076589,35.769913],[140.423860467,35.770153],[140.421248029,35.773242171],[140.416714669,35.773039387],[140.415300532,35.773764667],[140.413903554,35.773156892],[140.409564112,35.772694135],[140.41062856,35.77232664],[140.410650506,35.771459135],[140.409911608,35.77148636],[140.410634112,35.771288865],[140.409911855,35.77015664],[140.40643131,35.770244135],[140.404354669,35.772878586],[140.404762166,35.774146081],[140.403926083,35.774907468],[140.402944137,35.774850532],[140.396178521,35.7723],[140.394967108,35.770199441],[140.395005162,35.768844414],[140.393416809,35.767866387],[140.391702088,35.768325838],[140.390832633,35.767974721],[140.3892407,35.768548333],[140.390577082,35.767464441],[140.389167912,35.766775559],[140.390472633,35.766762775],[140.391380143,35.767546946],[140.3936207,35.767516387],[140.395256524,35.76617164],[140.393579831,35.765683865],[140.392822607,35.764349973],[140.393831219,35.765639973],[140.395543191,35.765730252],[140.397333995,35.764873865],[140.396970117,35.76384136],[140.397598444,35.764695802],[140.399940389,35.763689135],[140.39673869,35.761560252],[140.396463113,35.760055802],[140.396982555,35.760143586],[140.396890895,35.759379694],[140.395937808,35.756814414],[140.395118911,35.756244135],[140.394650311,35.756228586],[140.393308911,35.757560252],[140.390604189,35.758066081],[140.389082529,35.757774694],[140.393095032,35.757165532],[140.393875863,35.756747468],[140.394382529,35.75575136],[140.397762802,35.755039694],[140.401966939,35.753312748],[140.400486615,35.748895775],[140.400531855,35.745321613],[140.401405227,35.743092748],[140.403083281,35.742800667],[140.403193671,35.741733081],[140.402504968,35.740895054],[140.39942847,35.742093333],[140.39887192,35.742067135],[140.398145447,35.741323054],[140.397266498,35.741692],[140.396429494,35.743376532],[140.39691275,35.741404721],[140.396371025,35.740629414],[140.394958975,35.740996027],[140.393526083,35.740372532],[140.39256847,35.740756721],[140.391527108,35.740295225],[140.388586667,35.742090694],[140.388326744,35.743032973],[140.38749642,35.741914171],[140.38527939,35.740917441],[140.384422361,35.741006919],[140.38384489,35.743253865],[140.383728755,35.741455252],[140.381532633,35.740792468],[140.383864306,35.741147468],[140.385199585,35.740540252],[140.385325668,35.738055802],[140.384261479,35.736336081],[140.386758664,35.731464387],[140.389090311,35.729989387],[140.388545032,35.729036054],[140.392405032,35.729525505],[140.393527497,35.727789946],[140.390779728,35.727979108],[140.39184083,35.727459667],[140.391707782,35.727001892],[140.389752218,35.725873559],[140.387024695,35.723269387],[140.379263061,35.728921333],[140.378469468,35.730420225],[140.379513671,35.732256613],[140.379455616,35.733021919],[140.376677588,35.737898586],[140.368047302,35.739409171],[140.367871971,35.731248586],[140.367818612,35.730325252],[140.366251115,35.728123865],[140.365856641,35.725909108],[140.369388586,35.724299108],[140.371092438,35.723051054],[140.377368029,35.724679108],[140.377747198,35.724042721],[140.377524112,35.722206892],[140.375642724,35.720170775],[140.37768489,35.71576464],[140.37903406,35.714210198],[140.382542114,35.714017414],[140.383894617,35.71428936],[140.386257951,35.713216586],[140.385332918,35.712434919],[140.38441428,35.70944436],[140.382162335,35.708726306],[140.381638444,35.707307973],[140.380902581,35.707035468],[140.381750078,35.707126306],[140.382742049,35.70864436],[140.383109831,35.708553532],[140.383489805,35.706855748],[140.382386161,35.703619919],[140.379886719,35.702220748],[140.378203385,35.702120748],[140.373467523,35.700793532],[140.371077004,35.702501865],[140.369664501,35.702730198],[140.371144773,35.702265468],[140.373399468,35.700082694],[140.372452529,35.697905171],[140.369877224,35.697445171],[140.369901388,35.697079892],[140.372185006,35.697296],[140.373868366,35.699332135],[140.375875279,35.697577973],[140.378358029,35.694400748],[140.380275525,35.693346586],[140.378884669,35.690886306],[140.381169974,35.693404081],[140.381971634,35.693636865],[140.383701051,35.691095468],[140.385518275,35.690577135],[140.385169948,35.689635468],[140.387210506,35.689317135],[140.389796887,35.690271865],[140.392361336,35.689880748],[140.392406057,35.68914464],[140.393052438,35.689390198],[140.393476329,35.689017414],[140.393186861,35.687136027],[140.394034086,35.688735748],[140.392896329,35.690026306],[140.394338003,35.691840198],[140.396969974,35.691126748],[140.396951971,35.690524225],[140.397627367,35.690257613],[140.397823839,35.690553613],[140.399772335,35.689919775],[140.400392244,35.691002505],[140.401781336,35.690246054],[140.403737717,35.690897108],[140.404435227,35.691901613],[140.405305227,35.690256613],[140.405271855,35.688847441],[140.402786304,35.688338559],[140.40187214,35.688565775],[140.401203528,35.688020225],[140.400445162,35.685138559],[140.401258781,35.683261892],[140.399807639,35.680448279],[140.40212345,35.679099108],[140.407346498,35.677518838],[140.407851336,35.67557036],[140.408795032,35.674757802],[140.409023411,35.675118027],[140.409885357,35.674713586],[140.412550636,35.675042748],[140.41415703,35.676506081],[140.415408716,35.678723306],[140.416540389,35.679475802],[140.417121219,35.679913],[140.416474838,35.680615505],[140.416919027,35.681504667],[140.419357639,35.682511054],[140.4195593,35.683916054],[140.422130143,35.684004108],[140.422762944,35.685375775],[140.421807108,35.685617441],[140.425542114,35.686127171],[140.427439883,35.687027441],[140.428547108,35.688526333],[140.433298781,35.689294946],[140.435190752,35.69249464],[140.439215746,35.693581586],[140.445793554,35.697232414],[140.445322996,35.697851865],[140.446184384,35.698334919],[140.451481855,35.696775171],[140.454295499,35.698860721],[140.45504939,35.698981279]]]},"properties":{"N03_001":"千葉県","N03_002":null,"N03_003":"山武郡","N03_004":"芝山町","N03_005":null,"N03_007":"12409"}},
{"type":"Feature","geometry":{"type":"Polygon","coordinates":[[[140.486469883,35.721250919],[140.480782944,35.721699559],[140.4806193,35.718805775],[140.47854406,35.717756225],[140.479418975,35.716475441],[140.479794501,35.716895559],[140.481462503,35.717052667],[140.481625227,35.716263441],[140.48079345,35.715495135],[140.479263139,35.715097892],[140.475998392,35.711737333],[140.47447,35.708636775],[140.469767173,35.701964027],[140.468010999,35.698138198],[140.466946783,35.694161802],[140.467230078,35.691748468],[140.464698444,35.691938198],[140.459865668,35.691082667],[140.460466226,35.691403775],[140.459774306,35.693564054],[140.460058223,35.696843505],[140.459650441,35.697216279],[140.45687131,35.697497946],[140.456352412,35.698484892],[140.45504939,35.698981279],[140.454295499,35.698860721],[140.451481855,35.696775171],[140.446184384,35.698334919],[140.445322996,35.697851865],[140.445793554,35.697232414],[140.439215746,35.693581586],[140.435190752,35.69249464],[140.433298781,35.689294946],[140.428547108,35.688526333],[140.427439883,35.687027441],[140.425542114,35.686127171],[140.421807108,35.685617441],[140.422762944,35.685375775],[140.422130143,35.684004108],[140.4195593,35.683916054],[140.419357639,35.682511054],[140.416919027,35.681504667],[140.416474838,35.680615505],[140.417121219,35.679913],[140.416540389,35.679475802],[140.417310661,35.678790532],[140.41767428,35.679053865],[140.418428171,35.678428306],[140.418777886,35.678592748],[140.419356744,35.677802468],[140.421779805,35.678307468],[140.423273995,35.679262468],[140.423691219,35.680063865],[140.427478975,35.67927664],[140.428165383,35.680067171],[140.429881751,35.677769414],[140.430810636,35.677330252],[140.431887588,35.677494973],[140.433556719,35.674806081],[140.436281699,35.67252664],[140.435689196,35.672164414],[140.436116394,35.669918865],[140.435365006,35.667265],[140.437704423,35.665880838],[140.43895275,35.664555],[140.439544669,35.661974721],[140.441520752,35.658954721],[140.444812166,35.66214],[140.446267717,35.661828054],[140.447688275,35.662705838],[140.449374942,35.662955559],[140.448907717,35.664127748],[140.449904112,35.664900802],[140.449953281,35.665714135],[140.450486057,35.666100802],[140.452064384,35.665142468],[140.452784669,35.665923586],[140.454540752,35.664554694],[140.456789922,35.664490252],[140.458079339,35.664053865],[140.459983217,35.662588306],[140.466623722,35.659800225],[140.470918418,35.656351054],[140.472948975,35.657645468],[140.475076161,35.657610468],[140.475739222,35.658116865],[140.476013943,35.657296306],[140.478966135,35.654192973],[140.478323645,35.653668252],[140.478549468,35.653328252],[140.474743087,35.651165225],[140.466126978,35.643774171],[140.472381608,35.639733306],[140.472086615,35.639393333],[140.475628807,35.637069135],[140.476948249,35.637182748],[140.480497951,35.635518586],[140.481867393,35.634263027],[140.481479339,35.633625252],[140.482671829,35.63361164],[140.484114578,35.632405775],[140.486702049,35.631116613],[140.48779594,35.630818838],[140.495372672,35.636779081],[140.499355525,35.634115505],[140.499108392,35.633911775],[140.500051803,35.632804054],[140.498702633,35.631397414],[140.500901777,35.628651027],[140.500233722,35.628334081],[140.500755084,35.627622973],[140.500143969,35.626725198],[140.501940363,35.624661586],[140.501326719,35.624041865],[140.499426446,35.623758252],[140.498081167,35.62487936],[140.496178975,35.625312694],[140.49174642,35.621755225],[140.49218642,35.621545505],[140.491682244,35.621247721],[140.492102529,35.620683838],[140.491233917,35.620211054],[140.492230558,35.619039667],[140.490595837,35.618078586],[140.49098834,35.617529973],[140.490241089,35.617019135],[140.491009416,35.616261081],[140.490224968,35.615513586],[140.490673307,35.61520136],[140.491392477,35.615910532],[140.493533839,35.614397721],[140.493010778,35.613109135],[140.496590467,35.610284667],[140.506817224,35.617058802],[140.50946,35.616536838],[140.510719144,35.614027946],[140.511066641,35.613799613],[140.511323891,35.614135721],[140.512649144,35.612735171],[140.515524968,35.611232946],[140.517394695,35.611333505],[140.518732192,35.610925721],[140.517806355,35.609899613],[140.525624903,35.602120279],[140.534130726,35.608524171],[140.535494643,35.607441441],[140.533939053,35.608718081],[140.535091894,35.608879027],[140.53487153,35.609113865],[140.550554864,35.621670225],[140.559441894,35.627904982],[140.553629001,35.633400027],[140.552175966,35.635314198],[140.550059027,35.636561694],[140.547760973,35.639103919],[140.546900415,35.638540027],[140.546317367,35.638973919],[140.546037082,35.638626414],[140.544452918,35.639566414],[140.538770169,35.646745306],[140.538320441,35.646585027],[140.533847419,35.650880586],[140.533332996,35.653834748],[140.531662438,35.655403081],[140.53252022,35.656023919],[140.531930778,35.656590306],[140.531073554,35.655980865],[140.529863839,35.65716864],[140.533249442,35.659640306],[140.535117523,35.660342532],[140.534829196,35.660811694],[140.537346161,35.661780027],[140.537112555,35.662209468],[140.5389462,35.662941667],[140.541008716,35.664587505],[140.54169153,35.665229721],[140.540816809,35.666760279],[140.53892345,35.666236667],[140.538385383,35.667154441],[140.539644864,35.667843613],[140.5383393,35.669683054],[140.537412088,35.669118892],[140.536345966,35.669808892],[140.534920947,35.669211667],[140.534657056,35.669697775],[140.534002607,35.669413333],[140.533557886,35.669798613],[140.53290511,35.670993333],[140.532020389,35.670654748],[140.530883165,35.672673919],[140.532707912,35.672976667],[140.532401803,35.673502505],[140.528245422,35.676170306],[140.527425694,35.677470586],[140.526187639,35.678295865],[140.525346005,35.680389468],[140.523882088,35.679935027],[140.524275422,35.679275586],[140.523964864,35.678861135],[140.520118949,35.676233081],[140.519547562,35.674580586],[140.518378638,35.67369864],[140.516204163,35.673707559],[140.512289754,35.677062838],[140.512475305,35.677436721],[140.516028392,35.678635027],[140.513984812,35.681040306],[140.515449805,35.681358081],[140.514542607,35.683683081],[140.512765914,35.683695027],[140.512132049,35.685031414],[140.510525914,35.685040054],[140.510099805,35.684318667],[140.50947703,35.684550333],[140.509127562,35.683971171],[140.50426061,35.685943946],[140.504883411,35.686897],[140.503867302,35.687351441],[140.50422786,35.687912559],[140.503363411,35.688354775],[140.503701751,35.688996171],[140.502991751,35.689281171],[140.503188171,35.690617559],[140.501841219,35.690783108],[140.500748444,35.692119505],[140.501775422,35.693633667],[140.500944864,35.694328667],[140.501228755,35.694495333],[140.499130467,35.698207559],[140.500627419,35.698875613],[140.499949948,35.699793387],[140.500607224,35.703533108],[140.502147497,35.704459505],[140.502093645,35.705632279],[140.502661699,35.706015333],[140.500397562,35.709058667],[140.499982309,35.710297],[140.499578392,35.710109775],[140.495668975,35.711193973],[140.494878418,35.711828694],[140.495088145,35.712936468],[140.493000636,35.713077306],[140.492370636,35.71351036],[140.4870293,35.718810919],[140.486469883,35.721250919]],[[140.518994747,35.67303364],[140.517410558,35.672134225],[140.516853333,35.672508108],[140.518601414,35.67344364],[140.518994747,35.67303364]]]},"properties":{"N03_001":"千葉県","N03_002":null,"N03_003":"山武郡","N03_004":"横芝光町","N03_005":null,"N03_007":"12410"}},
{"type":"Feature","geometry":{"type":"Polygon","coordinates":[[[140.392338638,35.383062811],[140.388052802,35.385143667],[140.38865725,35.386519775],[140.387422244,35.386546171],[140.387201414,35.386078667],[140.386728366,35.386148387],[140.38713725,35.387728946],[140.38827144,35.387912],[140.388289222,35.390395333],[140.386768106,35.390360054],[140.386582023,35.391443387],[140.384717834,35.391425333],[140.384753385,35.390519505],[140.383668664,35.390483667],[140.383640895,35.389337],[140.380655032,35.388100054],[140.380278638,35.387608694],[140.378649196,35.387466468],[140.378613645,35.388525919],[140.37618725,35.388460081],[140.376495331,35.38996064],[140.374857562,35.390226748],[140.374152529,35.389764802],[140.369337808,35.389868414],[140.370079468,35.38849564],[140.365271971,35.389245667],[140.364132218,35.385650387],[140.360407224,35.386373748],[140.359688054,35.385440414],[140.359062218,35.385482919],[140.359004695,35.384633748],[140.358249974,35.384650694],[140.357493839,35.381668505],[140.356302438,35.381833505],[140.352235499,35.380781838],[140.350976057,35.380942946],[140.350213281,35.379837973],[140.348610778,35.379175198],[140.348127977,35.377724919],[140.34712214,35.377081054],[140.345625746,35.377244108],[140.344471336,35.378652441],[140.343736861,35.377523279],[140.342862698,35.377275225],[140.342714086,35.376638838],[140.341936861,35.376694946],[140.340432672,35.373878586],[140.340300169,35.37254636],[140.340843774,35.372015252],[140.342002944,35.372193306],[140.342316005,35.373081919],[140.345851284,35.37243636],[140.345815966,35.370554135],[140.3479607,35.370462748],[140.348297912,35.369102748],[140.348264578,35.367960532],[140.3475207,35.367905802],[140.347367886,35.36728164],[140.347777886,35.364794721],[140.346913722,35.365170559],[140.346877886,35.366064171],[140.346079559,35.365749171],[140.346213165,35.366700838],[140.345749831,35.367153306],[140.346150415,35.367891919],[140.344853165,35.366344171],[140.346261777,35.364534441],[140.345450078,35.363566108],[140.344184812,35.363259441],[140.344022866,35.36141336],[140.343350363,35.361344198],[140.342682023,35.360669198],[140.342056161,35.359166135],[140.342559494,35.359071135],[140.342443943,35.358281135],[140.341347276,35.356925333],[140.341605863,35.354257838],[140.344411141,35.353267],[140.344169728,35.350376721],[140.343135837,35.349108694],[140.343313891,35.347428414],[140.342025525,35.346068414],[140.341925811,35.345383973],[140.342322477,35.344971468],[140.342696913,35.345559252],[140.344786355,35.346039802],[140.345789416,35.345154802],[140.346807471,35.345535919],[140.347568301,35.344916198],[140.348107756,35.345817279],[140.349055253,35.346028667],[140.350547471,35.345017279],[140.352071089,35.345959775],[140.353299974,35.345729505],[140.355242192,35.344530892],[140.356725253,35.344830027],[140.357597717,35.343729198],[140.358251608,35.343559748],[140.359704384,35.343392252],[140.363819663,35.344241135],[140.364323839,35.343521414],[140.365801051,35.343335],[140.366154112,35.342421414],[140.368684112,35.342970838],[140.369215499,35.341946667],[140.371249105,35.341985838],[140.371410778,35.343125838],[140.373534384,35.343306919],[140.374447717,35.342734135],[140.374348521,35.340269721],[140.373485188,35.339195],[140.37301131,35.336474171],[140.372048781,35.335822802],[140.372522944,35.334650027],[140.371467665,35.333736973],[140.372606278,35.331957802],[140.371851803,35.329731973],[140.372956252,35.328854468],[140.373752633,35.328848081],[140.376592361,35.330504468],[140.383629585,35.330415],[140.384869857,35.331022775],[140.385116524,35.331683054],[140.386140415,35.331584694],[140.386160999,35.333390532],[140.387537108,35.334785532],[140.390955422,35.33275636],[140.392032633,35.33254136],[140.391909585,35.331675252],[140.392535422,35.330870532],[140.394483191,35.330804973],[140.396517639,35.329933559],[140.39765118,35.330505505],[140.396454423,35.331913414],[140.395229961,35.33477864],[140.396366706,35.335008378],[140.395207808,35.334859847],[140.394334838,35.338748207],[140.395564578,35.338963982],[140.394342361,35.338809928],[140.393844669,35.341346892],[140.394521297,35.342695649],[140.395964916,35.342934802],[140.394378314,35.342736288],[140.392683152,35.345558532],[140.392689144,35.348279396],[140.393968327,35.348656568],[140.39279594,35.348572414],[140.392570558,35.348887225],[140.392446031,35.351190541],[140.392842581,35.352143207],[140.394527134,35.352252937],[140.3929131,35.352197577],[140.3921631,35.35317873],[140.391723774,35.357336153],[140.39274096,35.358793523],[140.393465006,35.358811721],[140.393695292,35.35839564],[140.393658236,35.359035991],[140.392174008,35.358977694],[140.391947639,35.359277829],[140.391289585,35.362326171],[140.391746641,35.36505036],[140.3922438,35.365629297],[140.393082815,35.365644694],[140.393308145,35.365145631],[140.393287458,35.365750117],[140.391931077,35.365669946],[140.391366732,35.366596586],[140.390981336,35.369841982],[140.390995123,35.37223136],[140.391522698,35.373409486],[140.392297899,35.374155351],[140.393180726,35.374150613],[140.393435032,35.37363582],[140.393416291,35.374921216],[140.393092905,35.375076225],[140.393274228,35.374829658],[140.392678093,35.374644748],[140.39190904,35.37501473],[140.391364838,35.376826],[140.391451984,35.377828315],[140.392604047,35.377901135],[140.3915738,35.377954667],[140.391351907,35.378384766],[140.392049909,35.38122555],[140.393033152,35.381881459],[140.393786537,35.381799631],[140.393584553,35.381321387],[140.393940104,35.381564018],[140.393976939,35.382308135],[140.392795616,35.382372288],[140.392338638,35.383062811]]]},"properties":{"N03_001":"千葉県","N03_002":null,"N03_003":"長生郡","N03_004":"一宮町","N03_005":null,"N03_007":"12421"}},
{"type":"Feature","geometry":{"type":"Polygon","coordinates":[[[140.350976057,35.380942946],[140.345307471,35.384650721],[140.341431946,35.386395198],[140.341804449,35.388269054],[140.343035305,35.389048225],[140.343108366,35.390156279],[140.342761699,35.390774613],[140.340684501,35.392037946],[140.339572555,35.391944892],[140.33882808,35.391381559],[140.337465863,35.389459892],[140.335435863,35.389806586],[140.333972529,35.389535468],[140.332922802,35.388777973],[140.332518638,35.38743436],[140.325740026,35.389199387],[140.320760078,35.392004387],[140.319649248,35.391562171],[140.319025616,35.390324414],[140.318056446,35.390354135],[140.318750363,35.391504135],[140.31679786,35.391570252],[140.315843696,35.390933027],[140.315153696,35.391335802],[140.312214254,35.391408027],[140.312206744,35.390196387],[140.311714812,35.389817775],[140.311252827,35.387878333],[140.311487562,35.386916694],[140.31006144,35.386083919],[140.309503359,35.384355586],[140.309921699,35.38374864],[140.307966667,35.382218667],[140.309370272,35.381053108],[140.308992503,35.380066171],[140.307842776,35.379401198],[140.307110558,35.379714252],[140.306461115,35.379258973],[140.305317782,35.379568694],[140.305037497,35.379229802],[140.306542477,35.378408973],[140.306061089,35.376215667],[140.306818301,35.375489],[140.307388833,35.373430387],[140.308225473,35.372342613],[140.308150195,35.371274],[140.309606304,35.369884],[140.309522387,35.36831264],[140.310208781,35.36789736],[140.309374332,35.366868198],[140.309264864,35.365634027],[140.308573191,35.365620414],[140.306791803,35.364579333],[140.307132361,35.362801279],[140.305016524,35.361599081],[140.301162918,35.362680468],[140.29991153,35.363525468],[140.296288755,35.362066892],[140.295355422,35.361891613],[140.294520973,35.362214946],[140.292344306,35.36124664],[140.291685422,35.361538865],[140.290515966,35.360599414],[140.287783748,35.361404973],[140.286057367,35.360957505],[140.284855136,35.359789171],[140.282985694,35.360571387],[140.280441803,35.359495306],[140.279607082,35.358306414],[140.278484306,35.358110027],[140.277430143,35.358824468],[140.276305136,35.358590892],[140.274671803,35.358977279],[140.274183191,35.359314505],[140.274270169,35.359973387],[140.273353217,35.360252],[140.272149857,35.358285333],[140.272457367,35.357068667],[140.269830973,35.356253135],[140.268698716,35.355086748],[140.267611505,35.353515108],[140.267181751,35.350984],[140.265099805,35.349884865],[140.265242555,35.348871252],[140.264759222,35.348071532],[140.262643385,35.346489333],[140.261747808,35.344342387],[140.260807808,35.343126586],[140.26013808,35.342996027],[140.259659728,35.341542135],[140.257635279,35.339258],[140.256306913,35.338377171],[140.254564449,35.339249108],[140.25326917,35.338970225],[140.253175525,35.337318027],[140.252138301,35.337023865],[140.252434423,35.335261081],[140.251842724,35.334540838],[140.252406887,35.332962775],[140.252108807,35.330370865],[140.252888249,35.328887532],[140.251264306,35.324424225],[140.251140947,35.320077865],[140.251871219,35.319648973],[140.253145642,35.317248414],[140.255222581,35.318115081],[140.255957613,35.318869532],[140.256667056,35.318912306],[140.257408418,35.317884252],[140.259248444,35.318254532],[140.259388145,35.31700564],[140.259692866,35.316727865],[140.260343969,35.316924532],[140.261152607,35.316348892],[140.262626719,35.313582586],[140.263918664,35.313441468],[140.264325357,35.314525081],[140.268073411,35.315416171],[140.269598145,35.315124225],[140.269513411,35.314416171],[140.270234812,35.313666171],[140.271275058,35.313386441],[140.272866744,35.315332802],[140.2742362,35.316470559],[140.275356744,35.316388333],[140.276063165,35.317650279],[140.277740389,35.318955802],[140.279481219,35.318925532],[140.280396498,35.319937748],[140.281546226,35.319715505],[140.28218428,35.318802721],[140.283771777,35.319792171],[140.284343995,35.318813],[140.285083165,35.318804946],[140.2864307,35.320821027],[140.287718171,35.320390198],[140.288847367,35.321108252],[140.290330415,35.324218775],[140.291322361,35.324542946],[140.292071829,35.325763748],[140.291774358,35.329389306],[140.293739364,35.330139279],[140.294283528,35.333359279],[140.296080506,35.335523694],[140.298353281,35.335400333],[140.299438833,35.335948387],[140.301048275,35.337803108],[140.301811894,35.337590586],[140.303395811,35.338650027],[140.304344695,35.338523919],[140.305345499,35.337097802],[140.306136329,35.336923919],[140.307232477,35.338528054],[140.308539416,35.339072505],[140.308558301,35.340078892],[140.310675811,35.341357468],[140.312148301,35.341146081],[140.312528029,35.341477748],[140.313211089,35.341171081],[140.313446641,35.341805252],[140.314104695,35.341938],[140.314580804,35.343349108],[140.315284423,35.343403],[140.315255279,35.344325505],[140.316105279,35.344623838],[140.317011115,35.344176333],[140.317984721,35.344342135],[140.318071673,35.345712135],[140.319943333,35.345500748],[140.321221673,35.345938532],[140.322854163,35.345417387],[140.323229689,35.344516027],[140.324873891,35.345364333],[140.326694423,35.343641279],[140.327289974,35.343637946],[140.328031634,35.344471838],[140.329004695,35.343254333],[140.330780246,35.34379764],[140.332223865,35.342559027],[140.332831634,35.342989306],[140.333206355,35.344147919],[140.333954695,35.344300973],[140.335454695,35.342856802],[140.336013307,35.342960973],[140.337456641,35.342215414],[140.338399144,35.343346505],[140.339907756,35.343577054],[140.341268029,35.345434252],[140.341925811,35.345383973],[140.342025525,35.346068414],[140.343313891,35.347428414],[140.343135837,35.349108694],[140.344169728,35.350376721],[140.344411141,35.353267],[140.341605863,35.354257838],[140.341347276,35.356925333],[140.342443943,35.358281135],[140.342559494,35.359071135],[140.342056161,35.359166135],[140.342682023,35.360669198],[140.343350363,35.361344198],[140.344022866,35.36141336],[140.344184812,35.363259441],[140.345450078,35.363566108],[140.346261777,35.364534441],[140.344853165,35.366344171],[140.346150415,35.367891919],[140.345749831,35.367153306],[140.346213165,35.366700838],[140.346079559,35.365749171],[140.346877886,35.366064171],[140.346913722,35.365170559],[140.347777886,35.364794721],[140.347367886,35.36728164],[140.3475207,35.367905802],[140.348264578,35.367960532],[140.348297912,35.369102748],[140.3479607,35.370462748],[140.345815966,35.370554135],[140.345851284,35.37243636],[140.342316005,35.373081919],[140.342002944,35.372193306],[140.340843774,35.372015252],[140.340300169,35.37254636],[140.340432672,35.373878586],[140.341936861,35.376694946],[140.342714086,35.376638838],[140.342862698,35.377275225],[140.343736861,35.377523279],[140.344471336,35.378652441],[140.345625746,35.377244108],[140.34712214,35.377081054],[140.348127977,35.377724919],[140.348610778,35.379175198],[140.350213281,35.379837973],[140.350976057,35.380942946]]]},"properties":{"N03_001":"千葉県","N03_002":null,"N03_003":"長生郡","N03_004":"睦沢町","N03_005":null,"N03_007":"12422"}},
{"type":"Feature","geometry":{"type":"Polygon","coordinates":[[[140.323035746,35.406925694],[140.322031336,35.407820973],[140.319914384,35.407123748],[140.320374643,35.406315135],[140.318627691,35.405852387],[140.319140752,35.405194613],[140.318366304,35.404738225],[140.31958214,35.403640441],[140.320651855,35.404259613],[140.323459611,35.402077946],[140.326036278,35.402866252],[140.323035746,35.406925694]]]},"properties":{"N03_001":"千葉県","N03_002":null,"N03_003":"長生郡","N03_004":"睦沢町","N03_005":null,"N03_007":"12422"}},
{"type":"Feature","geometry":{"type":"Polygon","coordinates":[[[140.397032737,35.418768333],[140.380413411,35.421576054],[140.373817328,35.424090505],[140.374124578,35.426076054],[140.373236252,35.426854919],[140.373804034,35.427233252],[140.374525473,35.430743532],[140.368018521,35.431381306],[140.368001284,35.430845198],[140.36752572,35.430862414],[140.367560195,35.43174464],[140.365028249,35.431918252],[140.365011025,35.432852135],[140.36442297,35.432921306],[140.364362438,35.433639081],[140.36232939,35.433846306],[140.362044086,35.433414081],[140.361074916,35.433604081],[140.360910467,35.433102694],[140.360419922,35.433121586],[140.360307419,35.433718252],[140.358118521,35.433882135],[140.358075499,35.434565198],[140.357132438,35.434599919],[140.357132412,35.433752414],[140.356059637,35.433735198],[140.355471608,35.43450464],[140.352654358,35.434460748],[140.352689079,35.433751892],[140.348127691,35.433643559],[140.346922335,35.428169387],[140.346615383,35.428742721],[140.342901505,35.429000505],[140.342844838,35.428564135],[140.341915668,35.428604694],[140.341429248,35.425959135],[140.339861751,35.426387198],[140.339344553,35.428850532],[140.338770661,35.42897164],[140.338794838,35.42844664],[140.338075383,35.428527468],[140.337776472,35.427533865],[140.336276783,35.427559135],[140.336155357,35.426937198],[140.336753696,35.426234694],[140.337432581,35.426113586],[140.337561751,35.426525532],[140.339008145,35.425984135],[140.338426472,35.425951919],[140.338280895,35.425556081],[140.339654773,35.425531919],[140.339365888,35.42410664],[140.338961725,35.424179414],[140.338622283,35.42347664],[140.338363671,35.424284414],[140.336311193,35.426077198],[140.335163671,35.424704135],[140.334630052,35.424825279],[140.334327276,35.424129721],[140.331264254,35.425163613],[140.331563385,35.423548054],[140.336808366,35.42224],[140.336156978,35.420336667],[140.335073917,35.420078333],[140.334521946,35.418515586],[140.329606135,35.41978364],[140.329305305,35.419056171],[140.327268106,35.419574505],[140.32726808,35.419033387],[140.326145331,35.419303946],[140.325198392,35.419225892],[140.325123645,35.418519505],[140.324037276,35.418777838],[140.324235551,35.41545064],[140.325344423,35.41260064],[140.32513856,35.410399],[140.324757173,35.410164559],[140.325510195,35.407832892],[140.323035746,35.406925694],[140.326036278,35.402866252],[140.323459611,35.402077946],[140.320651855,35.404259613],[140.31958214,35.403640441],[140.318366304,35.404738225],[140.315806861,35.403240198],[140.314683554,35.404986865],[140.31483022,35.405774333],[140.314463281,35.405834333],[140.313514384,35.405212135],[140.312236031,35.402360748],[140.313414358,35.402240748],[140.314529922,35.402667414],[140.316528223,35.400950198],[140.317755136,35.397766306],[140.32038511,35.395497441],[140.320260921,35.392911613],[140.320760078,35.392004387],[140.325740026,35.389199387],[140.332518638,35.38743436],[140.332922802,35.388777973],[140.333972529,35.389535468],[140.335435863,35.389806586],[140.337465863,35.389459892],[140.33882808,35.391381559],[140.339572555,35.391944892],[140.340684501,35.392037946],[140.342761699,35.390774613],[140.343108366,35.390156279],[140.343035305,35.389048225],[140.341804449,35.388269054],[140.341431946,35.386395198],[140.345307471,35.384650721],[140.350976057,35.380942946],[140.352235499,35.380781838],[140.356302438,35.381833505],[140.357493839,35.381668505],[140.358249974,35.384650694],[140.359004695,35.384633748],[140.359062218,35.385482919],[140.359688054,35.385440414],[140.360407224,35.386373748],[140.364132218,35.385650387],[140.365271971,35.389245667],[140.370079468,35.38849564],[140.369337808,35.389868414],[140.374152529,35.389764802],[140.374857562,35.390226748],[140.376495331,35.38996064],[140.37618725,35.388460081],[140.378613645,35.388525919],[140.378649196,35.387466468],[140.380278638,35.387608694],[140.380655032,35.388100054],[140.383640895,35.389337],[140.383668664,35.390483667],[140.384753385,35.390519505],[140.384717834,35.391425333],[140.386582023,35.391443387],[140.386768106,35.390360054],[140.388289222,35.390395333],[140.38827144,35.387912],[140.38713725,35.387728946],[140.386728366,35.386148387],[140.387201414,35.386078667],[140.387422244,35.386546171],[140.38865725,35.386519775],[140.388052802,35.385143667],[140.392338638,35.383062811],[140.392693813,35.383523586],[140.391773761,35.385714009],[140.391866809,35.388386234],[140.393011089,35.388598991],[140.391784371,35.388818477],[140.391861984,35.392300054],[140.392661336,35.392594351],[140.391904994,35.392372946],[140.392457445,35.394070874],[140.392945798,35.394238541],[140.392172114,35.394378685],[140.392302127,35.396900027],[140.393963554,35.406058207],[140.394413489,35.406874946],[140.395529442,35.406764297],[140.394473489,35.406933189],[140.394201141,35.408727766],[140.395169663,35.413336892],[140.395992516,35.414558423],[140.396957069,35.417859793],[140.397165966,35.418156568],[140.398068301,35.418058685],[140.396858054,35.418262468],[140.397032737,35.418768333]],[[140.366997613,35.424341054],[140.368138444,35.424542171],[140.367852309,35.422870775],[140.366944254,35.422960505],[140.366997613,35.424341054]]]},"properties":{"N03_001":"千葉県","N03_002":null,"N03_003":"長生郡","N03_004":"長生村","N03_005":null,"N03_007":"12423"}},
{"type":"Feature","geometry":{"type":"Polygon","coordinates":[[[140.415920104,35.471622685],[140.405746783,35.473234946],[140.402089611,35.474198108],[140.402010195,35.474664225],[140.401399079,35.474803108],[140.386140778,35.476758108],[140.383628833,35.476866198],[140.383445499,35.476535081],[140.382137471,35.476966468],[140.381359948,35.475489532],[140.380749922,35.474162027],[140.380291025,35.474219532],[140.379545746,35.47303564],[140.378473217,35.47070036],[140.378358755,35.469316198],[140.377610143,35.468612306],[140.376167639,35.469147027],[140.37230153,35.469100387],[140.372969027,35.469253441],[140.373203502,35.470873973],[140.37235489,35.470802054],[140.371355746,35.473076748],[140.370850195,35.473047306],[140.370096887,35.474193135],[140.360346355,35.474446505],[140.36151939,35.472719559],[140.360816304,35.471583441],[140.361055383,35.466404279],[140.356015084,35.462531532],[140.354877588,35.462819027],[140.35181144,35.461582919],[140.350441997,35.461674027],[140.35005358,35.455560171],[140.346436355,35.455749613],[140.346328003,35.453547387],[140.342339948,35.453208532],[140.342777108,35.44976464],[140.341351284,35.449617135],[140.3411393,35.447739081],[140.341757367,35.447296586],[140.341919001,35.446208802],[140.341455383,35.445731586],[140.341315084,35.444076586],[140.342425084,35.444153802],[140.342432023,35.445080468],[140.344672581,35.445150748],[140.345234501,35.443227414],[140.344925616,35.442742973],[140.34380144,35.442736027],[140.343773385,35.442328802],[140.339369494,35.442335505],[140.340444189,35.440809108],[140.340394163,35.438902721],[140.339958612,35.438313],[140.340513606,35.438298838],[140.340492438,35.436287171],[140.345357691,35.434564946],[140.347521051,35.434698279],[140.347549079,35.433624387],[140.348127691,35.433643559],[140.352689079,35.433751892],[140.352654358,35.434460748],[140.355471608,35.43450464],[140.356059637,35.433735198],[140.357132412,35.433752414],[140.357132438,35.434599919],[140.358075499,35.434565198],[140.358118521,35.433882135],[140.360307419,35.433718252],[140.360419922,35.433121586],[140.360910467,35.433102694],[140.361074916,35.433604081],[140.362044086,35.433414081],[140.36232939,35.433846306],[140.364362438,35.433639081],[140.36442297,35.432921306],[140.365011025,35.432852135],[140.365028249,35.431918252],[140.367560195,35.43174464],[140.36752572,35.430862414],[140.368001284,35.430845198],[140.368018521,35.431381306],[140.374525473,35.430743532],[140.373804034,35.427233252],[140.373236252,35.426854919],[140.374124578,35.426076054],[140.373817328,35.424090505],[140.380413411,35.421576054],[140.397032737,35.418768333],[140.397702244,35.420744613],[140.398090052,35.423313865],[140.397765447,35.423521721],[140.398092477,35.423533559],[140.400763606,35.431983306],[140.402180272,35.438401613],[140.404117886,35.442997775],[140.405667834,35.448991333],[140.407044332,35.449058198],[140.405644449,35.449042973],[140.406615084,35.450205892],[140.407460078,35.450108505],[140.406683411,35.450408333],[140.413000661,35.46586564],[140.415920104,35.471622685]]]},"properties":{"N03_001":"千葉県","N03_002":null,"N03_003":"長生郡","N03_004":"白子町","N03_005":null,"N03_007":"12424"}},
{"type":"Feature","geometry":{"type":"Polygon","coordinates":[[[140.366997613,35.424341054],[140.366944254,35.422960505],[140.367852309,35.422870775],[140.368138444,35.424542171],[140.366997613,35.424341054]]]},"properties":{"N03_001":"千葉県","N03_002":null,"N03_003":"長生郡","N03_004":"白子町","N03_005":null,"N03_007":"12424"}},
{"type":"Feature","geometry":{"type":"Polygon","coordinates":[[[140.248490506,35.481753748],[140.246108833,35.481881252],[140.245560467,35.481342667],[140.244524358,35.481148225],[140.239726615,35.482596],[140.238264358,35.481732387],[140.237397134,35.480397667],[140.236505746,35.480264919],[140.229664916,35.482147973],[140.227383281,35.484356027],[140.224038275,35.485278532],[140.220016615,35.484691333],[140.21802856,35.485378838],[140.213893281,35.485787441],[140.211531608,35.486742721],[140.209868833,35.486226892],[140.209523554,35.485601892],[140.206183528,35.484585252],[140.206398249,35.48297664],[140.207777639,35.480080252],[140.206033748,35.478195919],[140.204520661,35.477745532],[140.203282335,35.47824136],[140.202761245,35.478978027],[140.20147153,35.478603306],[140.201147328,35.477117198],[140.201604527,35.474632505],[140.201253139,35.474015838],[140.197856161,35.473926387],[140.197988106,35.472179171],[140.196908911,35.470851108],[140.194390584,35.469841108],[140.194013645,35.470896387],[140.19285725,35.470577505],[140.189814475,35.472419441],[140.186087834,35.473847505],[140.186553645,35.471466946],[140.186354189,35.470823333],[140.185896693,35.470830279],[140.186265551,35.470281667],[140.18589834,35.468267532],[140.183941946,35.469128054],[140.183243022,35.468318919],[140.182369442,35.469008892],[140.17631358,35.468252532],[140.173976355,35.468862802],[140.173863281,35.465585865],[140.174542944,35.460536135],[140.170595422,35.456541414],[140.176664553,35.454589505],[140.178025642,35.452696721],[140.181649533,35.450881441],[140.184252555,35.448760892],[140.185213943,35.448897838],[140.186330337,35.448382279],[140.186527004,35.447933108],[140.185704475,35.445959225],[140.186880558,35.44346064],[140.186627224,35.442170919],[140.183594163,35.442334252],[140.183671089,35.441109802],[140.182353865,35.440752865],[140.18240358,35.439719802],[140.183164669,35.438792306],[140.184194384,35.438563973],[140.184565227,35.437296505],[140.18310856,35.436726225],[140.182548249,35.435458171],[140.181599364,35.435486775],[140.180650752,35.434804279],[140.179048807,35.435160108],[140.176797665,35.432494838],[140.176346835,35.432406505],[140.17573406,35.432995946],[140.174325162,35.432957892],[140.173063217,35.431867054],[140.173027082,35.431277333],[140.173366252,35.430362054],[140.174748755,35.430175414],[140.174786524,35.428778468],[140.175777886,35.428159306],[140.177862581,35.425433198],[140.177880921,35.42435736],[140.180064812,35.423468468],[140.180997834,35.422000171],[140.182193943,35.421298505],[140.182245058,35.420599613],[140.180974189,35.419942946],[140.180376135,35.419076],[140.181134721,35.416724613],[140.180850558,35.415435198],[140.182915525,35.414817973],[140.183702996,35.41198436],[140.186144942,35.410154919],[140.187412724,35.409868532],[140.188108807,35.408906054],[140.189096861,35.408719946],[140.190233256,35.407388],[140.18953406,35.406619387],[140.189202114,35.404738838],[140.188581245,35.404180225],[140.189475422,35.402978838],[140.190153191,35.402813838],[140.189973722,35.401596919],[140.19060345,35.399539694],[140.19210786,35.398267468],[140.191915642,35.397544414],[140.192398418,35.396897468],[140.193867276,35.396045252],[140.19373061,35.394546667],[140.194444189,35.393276108],[140.195270856,35.392937225],[140.195428366,35.391884721],[140.196695837,35.391011387],[140.200138885,35.390937505],[140.19708978,35.395905252],[140.1973162,35.398395802],[140.199219559,35.400314135],[140.200091245,35.402763],[140.200820143,35.403228279],[140.201172633,35.404214387],[140.203969857,35.404681892],[140.204812387,35.405697441],[140.20661594,35.401832721],[140.208102335,35.402996054],[140.21031594,35.402981613],[140.211910973,35.405507694],[140.212696809,35.40577436],[140.213705473,35.409319081],[140.213683256,35.409726865],[140.212364086,35.410431027],[140.211821051,35.412282946],[140.213721336,35.413187387],[140.213651634,35.414873775],[140.215415837,35.418806532],[140.216422218,35.418889306],[140.217664747,35.41971736],[140.218376978,35.419579306],[140.218898366,35.420044865],[140.220475863,35.419355973],[140.222067523,35.42018764],[140.223549196,35.420353748],[140.225484721,35.419320135],[140.227158885,35.419291802],[140.228581414,35.419942892],[140.229234475,35.420732054],[140.230287523,35.420613721],[140.231687808,35.422021505],[140.233131141,35.422375387],[140.23438061,35.423712865],[140.23542061,35.423974802],[140.235755888,35.424879252],[140.237515058,35.42518564],[140.238634812,35.426768414],[140.242353411,35.427010054],[140.243351479,35.427677838],[140.2530862,35.427320586],[140.254890636,35.427890586],[140.256954254,35.427736973],[140.25883061,35.427181946],[140.259753359,35.425050865],[140.259835305,35.425626973],[140.260825616,35.426326667],[140.257694864,35.432963892],[140.255047665,35.434429721],[140.253257419,35.436472505],[140.251702698,35.436721108],[140.250442724,35.438313892],[140.248789663,35.439136387],[140.249895253,35.441435532],[140.248349728,35.44337164],[140.247920895,35.447526081],[140.247215058,35.447679694],[140.247365084,35.450803838],[140.246737328,35.451373838],[140.245858444,35.451394135],[140.245797056,35.452130775],[140.247101803,35.454533559],[140.247987367,35.454360505],[140.248486252,35.454859108],[140.247793748,35.455408279],[140.248323217,35.456344387],[140.246897691,35.458134946],[140.245176861,35.458523838],[140.244448807,35.459397171],[140.245554669,35.460064946],[140.246737173,35.459992694],[140.24884939,35.461526865],[140.249843022,35.462993532],[140.248779689,35.464001865],[140.248663061,35.465073252],[140.249627782,35.465226865],[140.249949728,35.466183775],[140.251048612,35.466052667],[140.251915032,35.466585721],[140.252772802,35.466402946],[140.253419196,35.468162946],[140.253204773,35.468754892],[140.253660337,35.469076279],[140.253195616,35.470062667],[140.25148703,35.471566],[140.249159857,35.475547387],[140.24933847,35.476855171],[140.250223774,35.47743764],[140.249857393,35.478599586],[140.250206031,35.479315414],[140.249536304,35.479737081],[140.249589922,35.480080694],[140.250241855,35.480117081],[140.250224086,35.48057764],[140.249518249,35.480511802],[140.248490506,35.481753748]]]},"properties":{"N03_001":"千葉県","N03_002":null,"N03_003":"長生郡","N03_004":"長柄町","N03_005":null,"N03_007":"12426"}},
{"type":"Feature","geometry":{"type":"Polygon","coordinates":[[[140.259753359,35.425050865],[140.25883061,35.427181946],[140.256954254,35.427736973],[140.254890636,35.427890586],[140.2530862,35.427320586],[140.243351479,35.427677838],[140.242353411,35.427010054],[140.238634812,35.426768414],[140.237515058,35.42518564],[140.235755888,35.424879252],[140.23542061,35.423974802],[140.23438061,35.423712865],[140.233131141,35.422375387],[140.231687808,35.422021505],[140.230287523,35.420613721],[140.229234475,35.420732054],[140.228581414,35.419942892],[140.227158885,35.419291802],[140.225484721,35.419320135],[140.223549196,35.420353748],[140.222067523,35.42018764],[140.220475863,35.419355973],[140.218898366,35.420044865],[140.218376978,35.419579306],[140.217664747,35.41971736],[140.216422218,35.418889306],[140.215415837,35.418806532],[140.213651634,35.414873775],[140.213721336,35.413187387],[140.211821051,35.412282946],[140.212364086,35.410431027],[140.213683256,35.409726865],[140.213705473,35.409319081],[140.212696809,35.40577436],[140.211910973,35.405507694],[140.21031594,35.402981613],[140.208102335,35.402996054],[140.20661594,35.401832721],[140.204812387,35.405697441],[140.203969857,35.404681892],[140.201172633,35.404214387],[140.200820143,35.403228279],[140.200091245,35.402763],[140.199219559,35.400314135],[140.1973162,35.398395802],[140.19708978,35.395905252],[140.200138885,35.390937505],[140.201117224,35.390481946],[140.201867471,35.388568081],[140.201276083,35.387576973],[140.201893281,35.386083919],[140.202645772,35.38573336],[140.203098003,35.384602252],[140.203971894,35.384194748],[140.20437297,35.382741721],[140.206168495,35.381273387],[140.206956835,35.379285054],[140.206870143,35.378721171],[140.206105966,35.378410333],[140.205284578,35.378628387],[140.202645694,35.377868946],[140.201650441,35.378418667],[140.199791803,35.377813108],[140.199863191,35.376009532],[140.198392607,35.374814532],[140.199329831,35.372576468],[140.198432309,35.371616225],[140.19791786,35.370108721],[140.198347004,35.368714838],[140.200025032,35.366715387],[140.203393645,35.365776532],[140.205825032,35.366315387],[140.207706693,35.367854279],[140.208688638,35.36601764],[140.209356135,35.365618198],[140.208999442,35.363051252],[140.207988029,35.362185973],[140.206274968,35.361852919],[140.205848859,35.359699333],[140.207214669,35.358195171],[140.208479105,35.357602667],[140.207765746,35.354011306],[140.208164617,35.353753532],[140.208748197,35.350764919],[140.209360947,35.347252171],[140.209108171,35.346367441],[140.212721193,35.344330225],[140.212698106,35.341212468],[140.213839494,35.340214694],[140.212651971,35.337561919],[140.21371083,35.335697775],[140.212649416,35.333189171],[140.213551634,35.332367775],[140.214526913,35.332111387],[140.21460192,35.331343054],[140.217362166,35.328911973],[140.21984214,35.327824748],[140.220754916,35.328121973],[140.2209738,35.327110306],[140.220435746,35.326278387],[140.220429339,35.324602838],[140.221952672,35.323990054],[140.222351556,35.323003108],[140.223817082,35.321913667],[140.223967886,35.31973036],[140.225080661,35.318237027],[140.224617886,35.317307306],[140.225252049,35.316730919],[140.227820947,35.317796198],[140.230311219,35.320007027],[140.231076252,35.321436198],[140.233573191,35.323333135],[140.236330973,35.32328564],[140.238174332,35.324783108],[140.240136524,35.323997865],[140.241796005,35.324645333],[140.243068223,35.326092],[140.244151556,35.326055333],[140.24487406,35.326817559],[140.246136005,35.327292],[140.248488197,35.323713387],[140.250135966,35.324968667],[140.251264306,35.324424225],[140.252888249,35.328887532],[140.252108807,35.330370865],[140.252406887,35.332962775],[140.251842724,35.334540838],[140.252434423,35.335261081],[140.252138301,35.337023865],[140.253175525,35.337318027],[140.25326917,35.338970225],[140.254564449,35.339249108],[140.256306913,35.338377171],[140.257635279,35.339258],[140.259659728,35.341542135],[140.26013808,35.342996027],[140.260807808,35.343126586],[140.261747808,35.344342387],[140.262643385,35.346489333],[140.264759222,35.348071532],[140.265242555,35.348871252],[140.265099805,35.349884865],[140.267181751,35.350984],[140.267611505,35.353515108],[140.268698716,35.355086748],[140.269830973,35.356253135],[140.272457367,35.357068667],[140.272149857,35.358285333],[140.273353217,35.360252],[140.274270169,35.359973387],[140.274183191,35.359314505],[140.274671803,35.358977279],[140.276305136,35.358590892],[140.277430143,35.358824468],[140.278484306,35.358110027],[140.279607082,35.358306414],[140.280441803,35.359495306],[140.282985694,35.360571387],[140.284855136,35.359789171],[140.286057367,35.360957505],[140.287783748,35.361404973],[140.290515966,35.360599414],[140.291685422,35.361538865],[140.292344306,35.36124664],[140.294520973,35.362214946],[140.295355422,35.361891613],[140.296288755,35.362066892],[140.29991153,35.363525468],[140.301162918,35.362680468],[140.305016524,35.361599081],[140.307132361,35.362801279],[140.306791803,35.364579333],[140.308573191,35.365620414],[140.309264864,35.365634027],[140.309374332,35.366868198],[140.310208781,35.36789736],[140.309522387,35.36831264],[140.309606304,35.369884],[140.308150195,35.371274],[140.308225473,35.372342613],[140.307388833,35.373430387],[140.306818301,35.375489],[140.306061089,35.376215667],[140.306542477,35.378408973],[140.305037497,35.379229802],[140.305317782,35.379568694],[140.306461115,35.379258973],[140.307110558,35.379714252],[140.307842776,35.379401198],[140.308992503,35.380066171],[140.309370272,35.381053108],[140.307966667,35.382218667],[140.303779728,35.381250919],[140.303020026,35.38152064],[140.302285837,35.380547027],[140.299988366,35.380745387],[140.297730272,35.379426505],[140.292427523,35.38083264],[140.288986978,35.380119865],[140.287592283,35.381045135],[140.284776719,35.381609054],[140.28391061,35.381482667],[140.28360978,35.380887667],[140.281587276,35.381001],[140.279641997,35.380213532],[140.276952309,35.382893505],[140.277401219,35.384382387],[140.278186226,35.384995171],[140.277656783,35.386237667],[140.276834553,35.386141559],[140.276974034,35.387938468],[140.275953774,35.389674306],[140.276607108,35.390858198],[140.275902412,35.392935973],[140.276946861,35.394755946],[140.279839948,35.396473135],[140.279648029,35.399007306],[140.27735,35.401510081],[140.277715577,35.403396171],[140.276431414,35.403252],[140.273939196,35.404104802],[140.272801414,35.403713973],[140.271993606,35.401823973],[140.269187497,35.400257892],[140.269216667,35.399590946],[140.267231388,35.399522333],[140.266350558,35.398951532],[140.262911388,35.39887264],[140.260749689,35.396705721],[140.259391946,35.397324613],[140.259095551,35.397947387],[140.257605551,35.398272108],[140.257275279,35.398944892],[140.25504834,35.398699613],[140.254527523,35.399084333],[140.254255863,35.40050264],[140.25607808,35.400909027],[140.256496446,35.401522081],[140.255042309,35.404891802],[140.253491193,35.403778748],[140.252078418,35.404150973],[140.251502023,35.403460414],[140.24970703,35.403083198],[140.248914254,35.403281559],[140.248085058,35.402632387],[140.247776744,35.402806838],[140.247483139,35.403912387],[140.247852049,35.405339865],[140.249665383,35.405532081],[140.250656226,35.406283468],[140.253734553,35.407296225],[140.255146252,35.408759279],[140.260194306,35.411097027],[140.261405162,35.412329252],[140.260597419,35.415779775],[140.262262438,35.418073108],[140.261214942,35.419075892],[140.262974137,35.421516414],[140.264841673,35.422459198],[140.265011115,35.422926667],[140.261848612,35.423189468],[140.259753359,35.425050865]]]},"properties":{"N03_001":"千葉県","N03_002":null,"N03_003":"長生郡","N03_004":"長南町","N03_005":null,"N03_007":"12427"}},
{"type":"Feature","geometry":{"type":"Polygon","coordinates":[[[140.251264306,35.324424225],[140.250135966,35.324968667],[140.248488197,35.323713387],[140.246136005,35.327292],[140.24487406,35.326817559],[140.244151556,35.326055333],[140.243068223,35.326092],[140.241796005,35.324645333],[140.240136524,35.323997865],[140.238174332,35.324783108],[140.236330973,35.32328564],[140.233573191,35.323333135],[140.231076252,35.321436198],[140.230311219,35.320007027],[140.227820947,35.317796198],[140.225252049,35.316730919],[140.226131479,35.314611225],[140.227494773,35.313389838],[140.226857004,35.312065387],[140.227377276,35.310867054],[140.229466693,35.309466252],[140.23098725,35.307078748],[140.230535837,35.305167946],[140.230961115,35.303968775],[140.228406939,35.304055973],[140.225535032,35.306800973],[140.223174449,35.305929027],[140.222824163,35.305034306],[140.221634449,35.304962613],[140.219167782,35.303653171],[140.21899275,35.302236225],[140.217420532,35.300629838],[140.215468054,35.303792333],[140.214591388,35.303802892],[140.212908586,35.300985667],[140.21249358,35.301827613],[140.209126394,35.30327036],[140.207323891,35.304676198],[140.206703087,35.305784532],[140.205465305,35.305353946],[140.204243359,35.305943667],[140.202980584,35.305625892],[140.200663359,35.306406171],[140.199086719,35.308068387],[140.199086693,35.305670613],[140.198598911,35.305475892],[140.198873891,35.304279505],[140.198236109,35.303734505],[140.198761388,35.303519225],[140.19961192,35.300560613],[140.198761634,35.298970054],[140.200239948,35.295755892],[140.201142166,35.295240613],[140.203080752,35.294994505],[140.20423131,35.293803135],[140.202815136,35.287712279],[140.200737367,35.285987559],[140.197063995,35.284601973],[140.196599559,35.283759198],[140.194051219,35.28240836],[140.193112309,35.280482532],[140.191335084,35.279598919],[140.190933385,35.277914441],[140.190306161,35.277411387],[140.189093385,35.27695],[140.187796719,35.278001946],[140.187006719,35.277304721],[140.185116719,35.277878333],[140.184228949,35.277343586],[140.184528911,35.276595252],[140.184140026,35.274951919],[140.183326978,35.274582748],[140.181968638,35.275850252],[140.180622244,35.276148027],[140.179470311,35.276004135],[140.177980584,35.27473636],[140.177679689,35.269400225],[140.176334112,35.268624667],[140.174894643,35.264926613],[140.176246031,35.263823279],[140.176608807,35.262837441],[140.176108495,35.262212171],[140.176333502,35.261533559],[140.175570726,35.260936613],[140.175883217,35.259637441],[140.174545136,35.258469108],[140.174782361,35.257857171],[140.174006783,35.25664936],[140.174923722,35.254936306],[140.174791777,35.253810198],[140.175625357,35.252898532],[140.174558975,35.251351306],[140.173835084,35.252210748],[140.172835084,35.252187414],[140.172762581,35.25329964],[140.171610363,35.254242694],[140.171247613,35.255259081],[140.167763139,35.255124919],[140.166719805,35.255956306],[140.16653869,35.254598802],[140.163218392,35.254621],[140.162702283,35.255158225],[140.160726719,35.254521],[140.159625577,35.253696559],[140.157426693,35.253299613],[140.157213087,35.252290441],[140.158186135,35.252299333],[140.159068366,35.251261559],[140.158052802,35.250468],[140.157308106,35.250555342],[140.155582387,35.252061829],[140.154067458,35.252608288],[140.15419834,35.251877324],[140.156291842,35.249426901],[140.156344125,35.248587559],[140.155893696,35.248392288],[140.154878923,35.248864153],[140.153890454,35.250217541],[140.151820817,35.24974309],[140.151269455,35.24827364],[140.152222322,35.246706009],[140.150886304,35.245536532],[140.150796861,35.244333468],[140.148732361,35.240127919],[140.147662049,35.239533198],[140.147033165,35.238161252],[140.145980078,35.237465973],[140.145798664,35.234707919],[140.144764773,35.234906252],[140.144176161,35.235978748],[140.143516161,35.23576236],[140.142900337,35.236243468],[140.142687523,35.23385236],[140.141236939,35.231205135],[140.141544695,35.229138198],[140.139351894,35.227873468],[140.139643839,35.225992919],[140.141316589,35.223433748],[140.141966031,35.222890441],[140.142708249,35.222881838],[140.143221051,35.220543054],[140.143989364,35.219422108],[140.143522672,35.217905721],[140.145165447,35.216605721],[140.146530441,35.213935171],[140.148169883,35.212039333],[140.148471777,35.207538613],[140.149732918,35.206773505],[140.151311556,35.206933225],[140.152441556,35.206501306],[140.151727393,35.204408252],[140.152847951,35.203718802],[140.153225966,35.199738532],[140.154183191,35.198371027],[140.155307393,35.19896936],[140.156396005,35.198139081],[140.155607224,35.197056973],[140.15523834,35.195346865],[140.157738145,35.191911667],[140.158584617,35.191523532],[140.158700143,35.190636946],[140.159853502,35.189699946],[140.159665136,35.187284667],[140.160574086,35.186390892],[140.162187977,35.183105081],[140.16126847,35.181243],[140.161985188,35.179916721],[140.162044306,35.178580505],[140.163756005,35.177045505],[140.161690973,35.175033027],[140.1615393,35.174206081],[140.162075694,35.173284414],[140.165326835,35.171219973],[140.16683655,35.169270532],[140.168630441,35.170338306],[140.171150467,35.170171081],[140.173077419,35.16759664],[140.173684358,35.165623865],[140.174753528,35.165654414],[140.174976304,35.166692748],[140.176500778,35.166982441],[140.177951051,35.165845225],[140.178995499,35.166777721],[140.178772166,35.167694108],[140.179469416,35.167823838],[140.180495525,35.168872721],[140.181787756,35.168804108],[140.182391634,35.169781333],[140.183637497,35.169766054],[140.184668885,35.170631027],[140.185841388,35.170599081],[140.186635279,35.168962973],[140.187385577,35.169201865],[140.187915032,35.170178532],[140.188713113,35.17567964],[140.192026446,35.175426838],[140.193278975,35.175837946],[140.193809805,35.175523505],[140.194624812,35.176188225],[140.197560389,35.176999054],[140.198828444,35.17804736],[140.199788197,35.180330135],[140.1997993,35.181563468],[140.200895422,35.183553468],[140.202296005,35.18380736],[140.203681556,35.183444586],[140.205897419,35.183989559],[140.207373528,35.182645108],[140.209687691,35.181859],[140.21162214,35.180236775],[140.21171297,35.179724279],[140.212715227,35.179700108],[140.215105772,35.181493135],[140.216227756,35.183129532],[140.217158859,35.183372865],[140.217969689,35.182671748],[140.219104721,35.183034252],[140.220063891,35.18255036],[140.221761388,35.186729252],[140.223146978,35.186427027],[140.22364808,35.187212865],[140.224984475,35.187448973],[140.227482529,35.186297865],[140.229831971,35.183818973],[140.23001642,35.183086748],[140.231208911,35.182447865],[140.231001971,35.181116468],[140.233621971,35.180465919],[140.23482642,35.179637054],[140.236242529,35.180645387],[140.237351141,35.179486505],[140.238337004,35.180095667],[140.239056161,35.181026505],[140.23925061,35.183117054],[140.240455058,35.183636225],[140.241430078,35.185758171],[140.242269805,35.186297333],[140.242941193,35.187527613],[140.242320636,35.188739279],[140.243074812,35.189587892],[140.24286786,35.190216775],[140.243403411,35.191238748],[140.244085084,35.191677919],[140.245362581,35.190559865],[140.24586428,35.191888748],[140.245426226,35.195049586],[140.244781505,35.196419306],[140.245827886,35.196808468],[140.245754838,35.198119027],[140.244820117,35.199165973],[140.244400661,35.200906532],[140.245178716,35.201992081],[140.245271245,35.203285441],[140.244573476,35.203626838],[140.244007912,35.204833225],[140.244912918,35.205873505],[140.244215694,35.206786],[140.244358755,35.209317108],[140.245860973,35.210942946],[140.245622114,35.214075468],[140.246340441,35.214932414],[140.248085447,35.214338802],[140.250405162,35.216337973],[140.251489922,35.218274919],[140.250667977,35.219124919],[140.250571855,35.221273559],[140.252628521,35.221109108],[140.254453281,35.222683279],[140.255734112,35.222354387],[140.256905227,35.222828838],[140.258125227,35.222507171],[140.260052166,35.224396054],[140.258855227,35.225895225],[140.259012192,35.227740775],[140.257754669,35.228234667],[140.256479948,35.227733559],[140.255694112,35.227941333],[140.255606057,35.229318306],[140.254084112,35.231104694],[140.252456887,35.231543586],[140.251731336,35.233065802],[140.253599974,35.234089973],[140.254316083,35.233660252],[140.254779974,35.234589973],[140.256247198,35.235069973],[140.258171362,35.234209135],[140.259804137,35.234438586],[140.261117198,35.233470532],[140.262802503,35.233621081],[140.264193891,35.234552468],[140.267210272,35.233397721],[140.268467782,35.234107171],[140.27058642,35.234380225],[140.270743359,35.234996333],[140.271765032,35.235555225],[140.273145577,35.237343838],[140.274063645,35.239525532],[140.275172802,35.239217468],[140.27783978,35.239433279],[140.278564501,35.240658559],[140.280462283,35.241536054],[140.281020895,35.242424387],[140.282039248,35.243021054],[140.283230363,35.245185225],[140.281518145,35.249128586],[140.280695357,35.249350532],[140.280555642,35.250400252],[140.281963139,35.250829414],[140.282265668,35.25185664],[140.284064553,35.253299973],[140.284908444,35.253478865],[140.286137328,35.254898027],[140.286104838,35.255794694],[140.284380117,35.256763586],[140.283346498,35.258095532],[140.278982335,35.261521667],[140.27845594,35.263120027],[140.278840143,35.264713919],[140.278563748,35.265301135],[140.277263748,35.265841135],[140.276972361,35.267156973],[140.272947613,35.268108667],[140.273098755,35.268932559],[140.272114553,35.269268135],[140.272267367,35.270182865],[140.271428755,35.269843135],[140.270568444,35.270171468],[140.268573165,35.269287306],[140.267517613,35.269352306],[140.264769001,35.271190946],[140.258983165,35.272042081],[140.258623165,35.272681532],[140.257233995,35.273019865],[140.257207886,35.274099054],[140.256196783,35.276271559],[140.253795668,35.279480748],[140.254661803,35.279661865],[140.255504864,35.28082936],[140.254565422,35.282446027],[140.255284306,35.282788252],[140.2568507,35.282402973],[140.257823748,35.283383532],[140.258195422,35.283232135],[140.259985447,35.284158252],[140.266166005,35.284030694],[140.266346861,35.288256252],[140.26751297,35.288543198],[140.269401855,35.28831736],[140.270515188,35.289571225],[140.27091022,35.291334],[140.27229856,35.291460387],[140.273229105,35.291982613],[140.276572477,35.296098667],[140.276950246,35.298095892],[140.276116355,35.298910333],[140.275446667,35.301514225],[140.274084163,35.302735054],[140.274043645,35.304573946],[140.275783645,35.306235054],[140.275832529,35.307011171],[140.273399468,35.308541441],[140.272843943,35.309315613],[140.271401725,35.311680613],[140.271275058,35.313386441],[140.270234812,35.313666171],[140.269513411,35.314416171],[140.269598145,35.315124225],[140.268073411,35.315416171],[140.264325357,35.314525081],[140.263918664,35.313441468],[140.262626719,35.313582586],[140.261152607,35.316348892],[140.260343969,35.316924532],[140.259692866,35.316727865],[140.259388145,35.31700564],[140.259248444,35.318254532],[140.257408418,35.317884252],[140.256667056,35.318912306],[140.255957613,35.318869532],[140.255222581,35.318115081],[140.253145642,35.317248414],[140.251871219,35.319648973],[140.251140947,35.320077865],[140.251264306,35.324424225]]]},"properties":{"N03_001":"千葉県","N03_002":null,"N03_003":"夷隅郡","N03_004":"大多喜町","N03_005":null,"N03_007":"12441"}},
{"type":"Feature","geometry":{"type":"Polygon","coordinates":[[[140.261599728,35.221129838],[140.261262438,35.220846027],[140.26231358,35.220448225],[140.261599728,35.221129838]]]},"properties":{"N03_001":"千葉県","N03_002":null,"N03_003":"夷隅郡","N03_004":"大多喜町","N03_005":null,"N03_007":"12441"}},
{"type":"Feature","geometry":{"type":"Polygon","coordinates":[[[140.256690636,35.221150613],[140.256581167,35.220842865],[140.257706835,35.220587441],[140.256690636,35.221150613]]]},"properties":{"N03_001":"千葉県","N03_002":null,"N03_003":"夷隅郡","N03_004":"大多喜町","N03_005":null,"N03_007":"12441"}},
{"type":"Feature","geometry":{"type":"Polygon","coordinates":[[[140.384776913,35.192338829],[140.383110415,35.192209505],[140.382064553,35.192639775],[140.382578197,35.193455333],[140.381865136,35.195195054],[140.379984034,35.196670333],[140.378947886,35.196517838],[140.377606498,35.197772279],[140.374983165,35.197346441],[140.374224553,35.195858414],[140.372816472,35.194837027],[140.372419248,35.195783135],[140.372962335,35.197194532],[140.372122892,35.198844252],[140.369790078,35.198522306],[140.369518145,35.199022306],[140.368349805,35.19831036],[140.36765703,35.199153973],[140.36757786,35.200574532],[140.366792023,35.201449532],[140.365469805,35.201392054],[140.364427302,35.201891505],[140.362806719,35.201294559],[140.360610337,35.202126775],[140.360063385,35.204375108],[140.360763113,35.206722613],[140.364053411,35.207620081],[140.364375084,35.207981748],[140.363724527,35.208611468],[140.364976744,35.209317306],[140.364151193,35.209713414],[140.364530389,35.21110064],[140.362151479,35.211714838],[140.363340117,35.216754252],[140.362939274,35.218157865],[140.358832581,35.218037333],[140.357493411,35.217542892],[140.357346472,35.215397892],[140.355531725,35.216720414],[140.352394228,35.217065694],[140.351677834,35.21802736],[140.350530337,35.218544054],[140.348871141,35.217267387],[140.347171141,35.217210441],[140.34663642,35.216589054],[140.345607782,35.216738532],[140.344558612,35.215911865],[140.343645279,35.216140198],[140.342566939,35.214277135],[140.340814695,35.214137973],[140.34028275,35.214895775],[140.338356913,35.215105225],[140.336711089,35.217634108],[140.33659192,35.219606054],[140.335352192,35.221114108],[140.334058029,35.221125532],[140.331582996,35.224152468],[140.329356615,35.223173586],[140.329055772,35.221818892],[140.32976939,35.219615802],[140.328201855,35.218170838],[140.327355188,35.218446387],[140.325806861,35.220129441],[140.324988249,35.219761946],[140.323619922,35.219877775],[140.323017393,35.217927802],[140.323556005,35.216693613],[140.322766278,35.214066135],[140.320020999,35.214615306],[140.318782633,35.213932252],[140.317908197,35.214563081],[140.317009857,35.214944198],[140.316166252,35.214794225],[140.316026252,35.212144505],[140.313798171,35.212115613],[140.312835383,35.211264225],[140.31136428,35.211603667],[140.310498716,35.209419775],[140.308593139,35.20942564],[140.307812309,35.203498694],[140.308372866,35.202878135],[140.3082962,35.201880081],[140.309804527,35.200910892],[140.310063969,35.199893387],[140.306039494,35.20075536],[140.304459222,35.20041564],[140.303456693,35.196303135],[140.30410808,35.195527306],[140.303905305,35.193867865],[140.305455863,35.192668694],[140.304698638,35.191596468],[140.305350311,35.190285919],[140.30774144,35.189738414],[140.30846978,35.190583667],[140.311001725,35.189428108],[140.311137004,35.188660333],[140.31349978,35.186669225],[140.313367004,35.185860054],[140.314544228,35.185204505],[140.315002283,35.184329225],[140.313277004,35.182860333],[140.313424228,35.181788108],[140.31376061,35.180627],[140.31481978,35.179945613],[140.314714773,35.179100613],[140.315836446,35.176697559],[140.317035331,35.175354505],[140.317014773,35.174190054],[140.318873385,35.174139198],[140.319440895,35.175260306],[140.320395331,35.175602252],[140.322640078,35.17481364],[140.324464254,35.17508364],[140.323182023,35.174336135],[140.321841751,35.174224198],[140.321217834,35.173419468],[140.325025084,35.174546973],[140.326793696,35.174576667],[140.329087328,35.175439721],[140.330474553,35.175382225],[140.332095422,35.177514441],[140.3335693,35.176893306],[140.335439857,35.177600252],[140.335946252,35.176915802],[140.337399585,35.177007468],[140.338079339,35.176237198],[140.338990169,35.176214135],[140.339278223,35.175406081],[140.341510999,35.176165505],[140.343360169,35.175569667],[140.346771803,35.176143757],[140.347781115,35.176546198],[140.348000389,35.177509081],[140.348788781,35.177890441],[140.349234163,35.178391559],[140.348277328,35.177690892],[140.347728054,35.17787],[140.348399248,35.179130054],[140.348767056,35.179006532],[140.348532218,35.179287505],[140.34913083,35.180161054],[140.349688171,35.179747279],[140.348991284,35.178940586],[140.349251518,35.17863109],[140.349801725,35.179734171],[140.34927192,35.180141721],[140.352938716,35.181940973],[140.359395084,35.182403135],[140.362016615,35.181978414],[140.364723943,35.180813],[140.364238392,35.179540505],[140.366203217,35.179083586],[140.364393554,35.179612919],[140.36482847,35.180461081],[140.365728106,35.180138721],[140.365505694,35.179702613],[140.365810584,35.180038667],[140.366380143,35.179845694],[140.366223139,35.179493387],[140.366419585,35.179748441],[140.367725422,35.179105279],[140.366355863,35.178445892],[140.366097173,35.178744586],[140.366343294,35.178412153],[140.365816018,35.178329081],[140.366155746,35.17826809],[140.370348859,35.179346721],[140.37175428,35.178926441],[140.373625473,35.179590027],[140.374145447,35.179043694],[140.37523345,35.180376306],[140.376328444,35.180444667],[140.377225305,35.181084198],[140.377201051,35.182516865],[140.378191089,35.183947387],[140.379702244,35.184720586],[140.381112918,35.184924802],[140.38102144,35.185382775],[140.381709974,35.185835414],[140.381889027,35.186862613],[140.382711115,35.187691973],[140.384363087,35.187493387],[140.384899416,35.189727468],[140.384776913,35.192338829]]]},"properties":{"N03_001":"千葉県","N03_002":null,"N03_003":"夷隅郡","N03_004":"御宿町","N03_005":null,"N03_007":"12443"}},
{"type":"Feature","geometry":null,"properties":{"N03_001":"千葉県","N03_002":null,"N03_003":"夷隅郡","N03_004":"御宿町","N03_005":null,"N03_007":"12443"}},
{"type":"Feature","geometry":null,"properties":{"N03_001":"千葉県","N03_002":null,"N03_003":"夷隅郡","N03_004":"御宿町","N03_005":null,"N03_007":"12443"}},
{"type":"Feature","geometry":null,"properties":{"N03_001":"千葉県","N03_002":null,"N03_003":"夷隅郡","N03_004":"御宿町","N03_005":null,"N03_007":"12443"}},
{"type":"Feature","geometry":null,"properties":{"N03_001":"千葉県","N03_002":null,"N03_003":"夷隅郡","N03_004":"御宿町","N03_005":null,"N03_007":"12443"}},
{"type":"Feature","geometry":null,"properties":{"N03_001":"千葉県","N03_002":null,"N03_003":"夷隅郡","N03_004":"御宿町","N03_005":null,"N03_007":"12443"}},
{"type":"Feature","geometry":null,"properties":{"N03_001":"千葉県","N03_002":null,"N03_003":"夷隅郡","N03_004":"御宿町","N03_005":null,"N03_007":"12443"}},
{"type":"Feature","geometry":null,"properties":{"N03_001":"千葉県","N03_002":null,"N03_003":"夷隅郡","N03_004":"御宿町","N03_005":null,"N03_007":"12443"}},
{"type":"Feature","geometry":null,"properties":{"N03_001":"千葉県","N03_002":null,"N03_003":"夷隅郡","N03_004":"御宿町","N03_005":null,"N03_007":"12443"}},
{"type":"Feature","geometry":null,"properties":{"N03_001":"千葉県","N03_002":null,"N03_003":"夷隅郡","N03_004":"御宿町","N03_005":null,"N03_007":"12443"}},
{"type":"Feature","geometry":null,"properties":{"N03_001":"千葉県","N03_002":null,"N03_003":"夷隅郡","N03_004":"御宿町","N03_005":null,"N03_007":"12443"}},
{"type":"Feature","geometry":null,"properties":{"N03_001":"千葉県","N03_002":null,"N03_003":"夷隅郡","N03_004":"御宿町","N03_005":null,"N03_007":"12443"}},
{"type":"Feature","geometry":null,"properties":{"N03_001":"千葉県","N03_002":null,"N03_003":"夷隅郡","N03_004":"御宿町","N03_005":null,"N03_007":"12443"}},
{"type":"Feature","geometry":null,"properties":{"N03_001":"千葉県","N03_002":null,"N03_003":"夷隅郡","N03_004":"御宿町","N03_005":null,"N03_007":"12443"}},
{"type":"Feature","geometry":null,"properties":{"N03_001":"千葉県","N03_002":null,"N03_003":"夷隅郡","N03_004":"御宿町","N03_005":null,"N03_007":"12443"}},
{"type":"Feature","geometry":null,"properties":{"N03_001":"千葉県","N03_002":null,"N03_003":"夷隅郡","N03_004":"御宿町","N03_005":null,"N03_007":"12443"}},
{"type":"Feature","geometry":{"type":"Polygon","coordinates":[[[139.931586329,35.139298081],[139.930372996,35.139319748],[139.92859022,35.140109468],[139.927256615,35.139751973],[139.926466329,35.140075027],[139.925672996,35.139377532],[139.925217173,35.139608081],[139.924571336,35.139261973],[139.923497173,35.140247802],[139.919730506,35.140439198],[139.917775227,35.141201135],[139.915725772,35.140797838],[139.915196887,35.139976721],[139.913077134,35.139152279],[139.912182438,35.141420333],[139.910460506,35.142582532],[139.909336887,35.144856414],[139.905191336,35.14841336],[139.905007717,35.149292532],[139.905639663,35.149765027],[139.905765499,35.150835027],[139.90211939,35.150899198],[139.901745227,35.154434721],[139.901167198,35.155526387],[139.900309416,35.156238054],[139.897614384,35.156197775],[139.896286329,35.155444171],[139.895623839,35.155625559],[139.894715227,35.156079171],[139.894518275,35.157436387],[139.893428859,35.158727505],[139.891712996,35.157723333],[139.889955227,35.157835],[139.888430778,35.158406946],[139.887174112,35.159655559],[139.884520506,35.157693892],[139.88238022,35.156926973],[139.881548003,35.157477802],[139.880235772,35.157421694],[139.878885499,35.158209721],[139.878435227,35.158118919],[139.878044669,35.157149748],[139.876817445,35.156898081],[139.87539939,35.157909748],[139.873305188,35.155166135],[139.872396589,35.156372802],[139.870799364,35.156569468],[139.870720195,35.158032252],[139.871290506,35.158555306],[139.870517173,35.159020586],[139.868789637,35.158709198],[139.867516887,35.160430279],[139.865223528,35.160315838],[139.865102412,35.161408892],[139.86452594,35.161687],[139.862251855,35.160728613],[139.861365188,35.161190838],[139.859527691,35.161121667],[139.859080752,35.162483892],[139.857992698,35.163328892],[139.854355746,35.164277505],[139.85259214,35.163839721],[139.851653528,35.162273333],[139.846549611,35.162002225],[139.845760999,35.161146387],[139.844064617,35.160368333],[139.840787108,35.16024664],[139.838094034,35.159234973],[139.835066252,35.159662775],[139.832454864,35.159359441],[139.830506524,35.158553081],[139.828877912,35.15867364],[139.826575136,35.157059532],[139.82455153,35.156845081],[139.821371245,35.155202892],[139.818151803,35.154876532],[139.816599027,35.15476236],[139.820274578,35.153903468],[139.821527912,35.153232081],[139.825233748,35.152734306],[139.828157639,35.151384586],[139.830412088,35.148197108],[139.830636524,35.146954081],[139.830420272,35.146425775],[139.829882503,35.146844946],[139.830306355,35.146355081],[139.829949857,35.145360748],[139.833237082,35.142877748],[139.836720973,35.138047505],[139.837397886,35.135492775],[139.837286641,35.135133505],[139.836878547,35.135283514],[139.837458911,35.134702153],[139.836982542,35.13458155],[139.836351816,35.135286595],[139.836440428,35.133736189],[139.835734488,35.133083279],[139.835949857,35.131722081],[139.835945396,35.13299709],[139.838029689,35.13375245],[139.83823594,35.132969712],[139.837104708,35.132976243],[139.838413813,35.132936892],[139.838246278,35.131577414],[139.837080947,35.131489568],[139.836665525,35.131948955],[139.836930143,35.130779495],[139.839299001,35.13119145],[139.839214306,35.129922117],[139.838678067,35.129898712],[139.838951362,35.129413982],[139.838369598,35.129538045],[139.838362931,35.129948297],[139.838311881,35.129496135],[139.836541543,35.129695054],[139.835585188,35.130685054],[139.835036654,35.130697595],[139.835710687,35.129346838],[139.835494241,35.127273225],[139.835824682,35.12721982],[139.835370661,35.126918081],[139.836214838,35.126386135],[139.836247056,35.125687532],[139.834668975,35.12379864],[139.832303528,35.12367418],[139.830884527,35.123095586],[139.831694254,35.122096694],[139.831157302,35.122045414],[139.831082827,35.121429081],[139.831276304,35.121946441],[139.831868106,35.121619613],[139.831523696,35.121634505],[139.831873969,35.120735027],[139.831193139,35.11923336],[139.830916329,35.119022045],[139.830401673,35.119520973],[139.83001022,35.119222757],[139.830354617,35.118901036],[139.829286809,35.118324703],[139.828926278,35.118637135],[139.82959166,35.119299459],[139.828219403,35.118586901],[139.826951089,35.119119414],[139.828230713,35.118529838],[139.828045331,35.116085892],[139.826961167,35.114857279],[139.825000052,35.113762838],[139.824049494,35.113664775],[139.826337315,35.111799108],[139.826010519,35.110484946],[139.826599144,35.110940126],[139.826411141,35.111818856],[139.825572724,35.112495883],[139.826037017,35.112976892],[139.827069883,35.112306279],[139.82684201,35.111037225],[139.828181569,35.111126523],[139.828205694,35.110677775],[139.827164565,35.110642405],[139.827173035,35.110365297],[139.828224903,35.110431423],[139.828215473,35.110134459],[139.827793787,35.109426694],[139.827021608,35.109472126],[139.827028262,35.110016874],[139.826957652,35.109472658],[139.825766304,35.109480523],[139.825635344,35.11035727],[139.825576861,35.109346883],[139.826134501,35.108580613],[139.826175616,35.107599775],[139.824932555,35.107343694],[139.823951167,35.107821748],[139.823638392,35.107070081],[139.824125331,35.107103694],[139.824291725,35.106591748],[139.825098664,35.106607306],[139.825085577,35.105739802],[139.827391997,35.106147],[139.827720337,35.105209225],[139.826415305,35.104130919],[139.826461141,35.103811468],[139.827556018,35.103871586],[139.826104189,35.103056468],[139.826333956,35.102431198],[139.825026524,35.102064973],[139.823576135,35.100890919],[139.825349754,35.100684252],[139.826265577,35.10115564],[139.826505305,35.100903694],[139.828767782,35.102369342],[139.829480013,35.10214509],[139.829595422,35.101675072],[139.8285569,35.10145373],[139.827963969,35.100565676],[139.826941245,35.100450595],[139.827724475,35.099821468],[139.830966135,35.099846468],[139.833163645,35.100322306],[139.836062853,35.099657757],[139.836908106,35.101101441],[139.838618106,35.102260054],[139.84039978,35.101145333],[139.843964501,35.100096414],[139.844764773,35.100196135],[139.845206446,35.101023081],[139.84718144,35.100890027],[139.847981725,35.101751135],[139.847923943,35.103396414],[139.850101997,35.104492225],[139.850681193,35.105797225],[139.85164869,35.105446667],[139.853351751,35.105802225],[139.853913696,35.106753333],[139.854940636,35.106869441],[139.855868145,35.108028586],[139.859540636,35.10790136],[139.861553969,35.107249973],[139.863227588,35.108059414],[139.865045642,35.108062441],[139.867590921,35.109339108],[139.869197886,35.110951892],[139.871770661,35.109844919],[139.876520389,35.109124081],[139.879068171,35.109529081],[139.88019511,35.109092135],[139.881119001,35.109644892],[139.882593722,35.109819613],[139.888092335,35.109504892],[139.890421219,35.110162667],[139.891493165,35.111120171],[139.896294838,35.111745135],[139.897267367,35.113092081],[139.898829857,35.113087081],[139.900684578,35.114076802],[139.906492088,35.113594865],[139.912447639,35.114463171],[139.913277367,35.114958171],[139.916263748,35.113606225],[139.9185493,35.113387613],[139.919851245,35.114663441],[139.920931245,35.115055667],[139.921944034,35.116557613],[139.9231493,35.116814559],[139.924331556,35.117782892],[139.924300169,35.119222892],[139.923619053,35.120064838],[139.923979053,35.120905387],[139.923580441,35.122419802],[139.924842114,35.123836468],[139.926016589,35.126958414],[139.928556589,35.128334532],[139.929260752,35.128064532],[139.930866861,35.128652027],[139.930289364,35.132476441],[139.931199922,35.133103946],[139.93033939,35.135435613],[139.932036615,35.137579468],[139.932389105,35.138948081],[139.931586329,35.139298081]]]},"properties":{"N03_001":"千葉県","N03_002":null,"N03_003":"安房郡","N03_004":"鋸南町","N03_005":null,"N03_007":"12463"}},
{"type":"Feature","geometry":{"type":"Polygon","coordinates":[[[139.815629494,35.110857865],[139.815121997,35.111444252],[139.813387523,35.110767586],[139.813428638,35.108794802],[139.814408911,35.109251468],[139.814950856,35.108484802],[139.815465032,35.108552586],[139.815705032,35.109882586],[139.816205616,35.110187027],[139.816137004,35.111032586],[139.815629494,35.110857865]]]},"properties":{"N03_001":"千葉県","N03_002":null,"N03_003":"安房郡","N03_004":"鋸南町","N03_005":null,"N03_007":"12463"}},
{"type":"Feature","geometry":{"type":"Polygon","coordinates":[[[139.831361479,35.124354198],[139.830767588,35.124157252],[139.830944254,35.123500027],[139.832057588,35.12366364],[139.831361479,35.124354198]]]},"properties":{"N03_001":"千葉県","N03_002":null,"N03_003":"安房郡","N03_004":"鋸南町","N03_005":null,"N03_007":"12463"}},
{"type":"Feature","geometry":{"type":"Polygon","coordinates":[[[139.815574747,35.108293135],[139.815149754,35.108174802],[139.815437808,35.107577306],[139.816014189,35.107861198],[139.815574747,35.108293135]]]},"properties":{"N03_001":"千葉県","N03_002":null,"N03_003":"安房郡","N03_004":"鋸南町","N03_005":null,"N03_007":"12463"}},
{"type":"Feature","geometry":{"type":"Polygon","coordinates":[[[139.823288392,35.113952],[139.823425331,35.114425613],[139.822678106,35.114617279],[139.823288392,35.113952]]]},"properties":{"N03_001":"千葉県","N03_002":null,"N03_003":"安房郡","N03_004":"鋸南町","N03_005":null,"N03_007":"12463"}},
{"type":"Feature","geometry":{"type":"Polygon","coordinates":[[[139.823611167,35.107267306],[139.823384773,35.10782536],[139.823135331,35.10745564],[139.823611167,35.107267306]]]},"properties":{"N03_001":"千葉県","N03_002":null,"N03_003":"安房郡","N03_004":"鋸南町","N03_005":null,"N03_007":"12463"}},
{"type":"Feature","geometry":{"type":"Polygon","coordinates":[[[139.824029494,35.106568414],[139.823720895,35.106799802],[139.823371414,35.106314802],[139.824029494,35.106568414]]]},"properties":{"N03_001":"千葉県","N03_002":null,"N03_003":"安房郡","N03_004":"鋸南町","N03_005":null,"N03_007":"12463"}},
{"type":"Feature","geometry":null,"properties":{"N03_001":"千葉県","N03_002":null,"N03_003":"安房郡","N03_004":"鋸南町","N03_005":null,"N03_007":"12463"}},
{"type":"Feature","geometry":null,"properties":{"N03_001":"千葉県","N03_002":null,"N03_003":"安房郡","N03_004":"鋸南町","N03_005":null,"N03_007":"12463"}},
{"type":"Feature","geometry":null,"properties":{"N03_001":"千葉県","N03_002":null,"N03_003":"安房郡","N03_004":"鋸南町","N03_005":null,"N03_007":"12463"}},
{"type":"Feature","geometry":null,"properties":{"N03_001":"千葉県","N03_002":null,"N03_003":"安房郡","N03_004":"鋸南町","N03_005":null,"N03_007":"12463"}},
{"type":"Feature","geometry":null,"properties":{"N03_001":"千葉県","N03_002":null,"N03_003":"安房郡","N03_004":"鋸南町","N03_005":null,"N03_007":"12463"}},
{"type":"Feature","geometry":null,"properties":{"N03_001":"千葉県","N03_002":null,"N03_003":"安房郡","N03_004":"鋸南町","N03_005":null,"N03_007":"12463"}},
{"type":"Feature","geometry":null,"properties":{"N03_001":"千葉県","N03_002":null,"N03_003":"安房郡","N03_004":"鋸南町","N03_005":null,"N03_007":"12463"}},
{"type":"Feature","geometry":null,"properties":{"N03_001":"千葉県","N03_002":null,"N03_003":"安房郡","N03_004":"鋸南町","N03_005":null,"N03_007":"12463"}},
{"type":"Feature","geometry":null,"properties":{"N03_001":"千葉県","N03_002":null,"N03_003":"安房郡","N03_004":"鋸南町","N03_005":null,"N03_007":"12463"}},
{"type":"Feature","geometry":null,"properties":{"N03_001":"千葉県","N03_002":null,"N03_003":"安房郡","N03_004":"鋸南町","N03_005":null,"N03_007":"12463"}},
{"type":"Feature","geometry":null,"properties":{"N03_001":"千葉県","N03_002":null,"N03_003":"安房郡","N03_004":"鋸南町","N03_005":null,"N03_007":"12463"}},
{"type":"Feature","geometry":null,"properties":{"N03_001":"千葉県","N03_002":null,"N03_003":"安房郡","N03_004":"鋸南町","N03_005":null,"N03_007":"12463"}},
{"type":"Feature","geometry":null,"properties":{"N03_001":"千葉県","N03_002":null,"N03_003":"安房郡","N03_004":"鋸南町","N03_005":null,"N03_007":"12463"}},
{"type":"Feature","geometry":null,"properties":{"N03_001":"千葉県","N03_002":null,"N03_003":"安房郡","N03_004":"鋸南町","N03_005":null,"N03_007":"12463"}},
{"type":"Feature","geometry":null,"properties":{"N03_001":"千葉県","N03_002":null,"N03_003":"安房郡","N03_004":"鋸南町","N03_005":null,"N03_007":"12463"}},
{"type":"Feature","geometry":null,"properties":{"N03_001":"千葉県","N03_002":null,"N03_003":"安房郡","N03_004":"鋸南町","N03_005":null,"N03_007":"12463"}},
{"type":"Feature","geometry":null,"properties":{"N03_001":"千葉県","N03_002":null,"N03_003":"安房郡","N03_004":"鋸南町","N03_005":null,"N03_007":"12463"}},
{"type":"Feature","geometry":null,"properties":{"N03_001":"千葉県","N03_002":null,"N03_003":"安房郡","N03_004":"鋸南町","N03_005":null,"N03_007":"12463"}},
{"type":"Feature","geometry":null,"properties":{"N03_001":"千葉県","N03_002":null,"N03_003":"安房郡","N03_004":"鋸南町","N03_005":null,"N03_007":"12463"}},
{"type":"Feature","geometry":null,"properties":{"N03_001":"千葉県","N03_002":null,"N03_003":"安房郡","N03_004":"鋸南町","N03_005":null,"N03_007":"12463"}},
{"type":"Feature","geometry":null,"properties":{"N03_001":"千葉県","N03_002":null,"N03_003":"安房郡","N03_004":"鋸南町","N03_005":null,"N03_007":"12463"}},
{"type":"Feature","geometry":null,"properties":{"N03_001":"千葉県","N03_002":null,"N03_003":"安房郡","N03_004":"鋸南町","N03_005":null,"N03_007":"12463"}},
{"type":"Feature","geometry":null,"properties":{"N03_001":"千葉県","N03_002":null,"N03_003":"安房郡","N03_004":"鋸南町","N03_005":null,"N03_007":"12463"}},
{"type":"Feature","geometry":null,"properties":{"N03_001":"千葉県","N03_002":null,"N03_003":"安房郡","N03_004":"鋸南町","N03_005":null,"N03_007":"12463"}},
{"type":"Feature","geometry":null,"properties":{"N03_001":"千葉県","N03_002":null,"N03_003":"安房郡","N03_004":"鋸南町","N03_005":null,"N03_007":"12463"}},
{"type":"Feature","geometry":null,"properties":{"N03_001":"千葉県","N03_002":null,"N03_003":"安房郡","N03_004":"鋸南町","N03_005":null,"N03_007":"12463"}},
{"type":"Feature","geometry":null,"properties":{"N03_001":"千葉県","N03_002":null,"N03_003":"安房郡","N03_004":"鋸南町","N03_005":null,"N03_007":"12463"}},
{"type":"Feature","geometry":null,"properties":{"N03_001":"千葉県","N03_002":null,"N03_003":"安房郡","N03_004":"鋸南町","N03_005":null,"N03_007":"12463"}},
{"type":"Feature","geometry":null,"properties":{"N03_001":"千葉県","N03_002":null,"N03_003":"安房郡","N03_004":"鋸南町","N03_005":null,"N03_007":"12463"}},
{"type":"Feature","geometry":null,"properties":{"N03_001":"千葉県","N03_002":null,"N03_003":"安房郡","N03_004":"鋸南町","N03_005":null,"N03_007":"12463"}},
{"type":"Feature","geometry":null,"properties":{"N03_001":"千葉県","N03_002":null,"N03_003":"安房郡","N03_004":"鋸南町","N03_005":null,"N03_007":"12463"}},
{"type":"Feature","geometry":null,"properties":{"N03_001":"千葉県","N03_002":null,"N03_003":"安房郡","N03_004":"鋸南町","N03_005":null,"N03_007":"12463"}}
]}